-- phpMyAdmin SQL Dump
-- version 4.6.5.2
-- https://www.phpmyadmin.net/
--
-- Host: 127.0.0.1
-- Generation Time: Oct 16, 2017 at 05:57 AM
-- Server version: 10.1.21-MariaDB
-- PHP Version: 7.0.15

SET SQL_MODE = "NO_AUTO_VALUE_ON_ZERO";
SET time_zone = "+00:00";


/*!40101 SET @OLD_CHARACTER_SET_CLIENT=@@CHARACTER_SET_CLIENT */;
/*!40101 SET @OLD_CHARACTER_SET_RESULTS=@@CHARACTER_SET_RESULTS */;
/*!40101 SET @OLD_COLLATION_CONNECTION=@@COLLATION_CONNECTION */;
/*!40101 SET NAMES utf8mb4 */;

--
-- Database: `sumoboo`
--

-- --------------------------------------------------------

--
-- Table structure for table `action`
--

CREATE TABLE `action` (
  `id` int(10) UNSIGNED NOT NULL,
  `name` varchar(255) COLLATE utf8_unicode_ci NOT NULL,
  `description` varchar(255) COLLATE utf8_unicode_ci DEFAULT NULL,
  `created_at` timestamp NULL DEFAULT NULL,
  `updated_at` timestamp NULL DEFAULT NULL,
  `deleted_at` timestamp NULL DEFAULT NULL
) ENGINE=InnoDB DEFAULT CHARSET=utf8 COLLATE=utf8_unicode_ci;

--
-- Dumping data for table `action`
--

INSERT INTO `action` (`id`, `name`, `description`, `created_at`, `updated_at`, `deleted_at`) VALUES
(1, 'read', 'Read', '2017-05-02 01:49:35', '2017-05-02 01:49:35', NULL),
(2, 'create', 'Create', '2017-05-02 01:49:45', '2017-05-02 01:49:45', NULL),
(3, 'update', 'Update', '2017-05-02 01:49:54', '2017-05-02 01:49:54', NULL),
(4, 'delete', 'Delete', '2017-05-02 01:50:00', '2017-05-02 01:50:00', NULL),
(5, 'approve', 'approve', '2017-05-30 20:31:30', '2017-05-30 20:31:30', NULL),
(6, 'transfer', 'transfer', '2017-06-01 10:03:16', '2017-06-08 20:54:26', '2017-06-08 17:00:00'),
(7, 'closing', 'closing', '2017-06-01 10:03:24', '2017-06-01 10:03:24', '2017-06-08 17:00:00'),
(8, 'finalize', 'finalize', '2017-06-01 10:07:29', '2017-06-01 10:07:29', '2017-06-08 17:00:00'),
(9, 'verified', 'verified', '2017-06-01 10:11:32', '2017-06-01 10:11:32', '2017-06-08 17:00:00'),
(10, 'issued', 'issued', '2017-06-01 11:04:22', '2017-06-01 11:04:22', NULL),
(11, 'paid', 'paid', '2017-06-01 11:04:28', '2017-06-01 11:04:28', NULL),
(12, 'close', '', '2017-06-01 22:37:20', '2017-06-01 22:37:26', '2017-06-08 17:00:00'),
(13, 'delivery', 'delivery', '2017-06-02 01:14:29', '2017-06-02 01:14:29', '2017-06-08 17:00:00'),
(14, 'finance_approve', 'finance_approve', '2017-06-04 20:26:03', '2017-06-04 20:28:59', '2017-06-08 17:00:00'),
(15, 'owner_approve', 'owner_approve', '2017-06-04 20:26:13', '2017-06-04 20:29:04', '2017-06-08 17:00:00'),
(16, 'submit', 'submit', '2017-06-04 21:53:08', '2017-06-04 21:53:08', NULL);

-- --------------------------------------------------------

--
-- Table structure for table `branch`
--

CREATE TABLE `branch` (
  `id` int(10) UNSIGNED NOT NULL,
  `branch_name` varchar(255) COLLATE utf8_unicode_ci NOT NULL,
  `branch_desc` varchar(255) COLLATE utf8_unicode_ci NOT NULL,
  `created_by` int(10) UNSIGNED DEFAULT NULL,
  `updated_by` int(10) UNSIGNED DEFAULT NULL,
  `deleted_by` int(10) UNSIGNED DEFAULT NULL,
  `created_at` timestamp NULL DEFAULT NULL,
  `updated_at` timestamp NULL DEFAULT NULL,
  `deleted_at` timestamp NULL DEFAULT NULL
) ENGINE=InnoDB DEFAULT CHARSET=utf8 COLLATE=utf8_unicode_ci;

--
-- Dumping data for table `branch`
--

INSERT INTO `branch` (`id`, `branch_name`, `branch_desc`, `created_by`, `updated_by`, `deleted_by`, `created_at`, `updated_at`, `deleted_at`) VALUES
(1, 'SUMOBOO PALEM', 'SUMOBOO PALEM', NULL, NULL, NULL, NULL, NULL, NULL),
(2, 'SUMOBOO SERPONG', 'SUMOBOO SERPONG', NULL, NULL, NULL, NULL, NULL, NULL);

-- --------------------------------------------------------

--
-- Table structure for table `cashbond`
--

CREATE TABLE `cashbond` (
  `id` int(10) UNSIGNED NOT NULL,
  `start_date` date DEFAULT NULL,
  `end_date` date DEFAULT NULL,
  `budget_request` double DEFAULT NULL,
  `budget_issued` double DEFAULT NULL,
  `cashout` double DEFAULT NULL,
  `remainder` double DEFAULT NULL,
  `comment` varchar(255) COLLATE utf8_unicode_ci DEFAULT NULL,
  `branch_id` int(10) UNSIGNED NOT NULL,
  `add_amount` double DEFAULT NULL,
  `add_comment` varchar(255) COLLATE utf8_unicode_ci DEFAULT NULL,
  `status_code` varchar(100) COLLATE utf8_unicode_ci NOT NULL,
  `transfer_receipt` varchar(255) COLLATE utf8_unicode_ci DEFAULT NULL,
  `created_by` int(10) UNSIGNED DEFAULT NULL,
  `updated_by` int(10) UNSIGNED DEFAULT NULL,
  `deleted_by` int(10) UNSIGNED DEFAULT NULL,
  `created_at` timestamp NULL DEFAULT NULL,
  `updated_at` timestamp NULL DEFAULT NULL,
  `deleted_at` timestamp NULL DEFAULT NULL
) ENGINE=InnoDB DEFAULT CHARSET=utf8 COLLATE=utf8_unicode_ci;

--
-- Dumping data for table `cashbond`
--

INSERT INTO `cashbond` (`id`, `start_date`, `end_date`, `budget_request`, `budget_issued`, `cashout`, `remainder`, `comment`, `branch_id`, `add_amount`, `add_comment`, `status_code`, `transfer_receipt`, `created_by`, `updated_by`, `deleted_by`, `created_at`, `updated_at`, `deleted_at`) VALUES
(1, '2017-06-03', '2017-06-09', 2000000, 1350000, 363000, NULL, '', 1, 200000, 'desc', 'Transfered', NULL, NULL, NULL, NULL, '2017-06-08 21:22:04', '2017-07-07 01:11:58', NULL),
(2, '2017-05-30', '2017-06-02', 1000000, NULL, 468000, NULL, 'Test', 1, 232312, 'dsad', 'Verified', '04-07-2017 02-26-5608-05-2017 01-11-2108-05-2017 01-08-43test.docx', NULL, NULL, NULL, '2017-06-09 01:00:18', '2017-07-07 00:52:14', NULL),
(3, '2017-06-17', '2017-06-24', 2000000, 3000000, 397900, NULL, 'Yes', 1, 0, '', 'Verified', NULL, NULL, NULL, NULL, '2017-06-17 07:29:07', '2017-07-03 19:08:19', NULL),
(4, '2017-06-19', '2017-06-23', 1000000, 1500000, 349000, NULL, '', 1, NULL, NULL, 'Transfered', NULL, NULL, NULL, NULL, '2017-06-20 20:00:54', '2017-06-20 20:03:01', NULL),
(5, '2017-07-01', '2017-07-02', 100000, NULL, 280000, NULL, NULL, 1, NULL, NULL, 'Transfered', NULL, NULL, NULL, NULL, '2017-07-03 19:36:50', '2017-07-03 19:59:41', NULL),
(6, '2017-06-29', '2017-07-01', 1232344444, NULL, 0, NULL, 'sdasd', 1, NULL, NULL, 'Waiting for Owner Action', '04-07-2017 03-00-0022-05-2017 04-48-54test.docx', NULL, NULL, NULL, '2017-07-03 19:46:11', '2017-07-04 20:55:40', '2017-07-04 20:55:40'),
(7, '2017-07-07', '2017-07-26', 1350000, 2222222, 100000, NULL, 'Test', 1, 0, '', 'Verified', '04-07-2017 05-40-3254eb9e61c067c_-_gerbera-daisy-orange-xl.jpg', NULL, NULL, NULL, '2017-07-03 20:14:02', '2017-07-03 22:41:47', NULL),
(8, '2017-07-07', '2017-07-21', 1111111111, 312313111, 150000, NULL, 'addadad', 1, 123455555, '', 'Verified', '05-07-2017 02-25-31sumoboo_item_central_template (3).csv', NULL, NULL, NULL, '2017-07-04 19:24:42', '2017-07-04 20:28:10', NULL),
(9, '2017-07-14', '2017-06-30', 44534543, 300000, NULL, NULL, 'ggdg', 1, NULL, NULL, 'Transfered', NULL, NULL, NULL, NULL, '2017-07-04 21:43:17', '2017-08-15 21:16:26', NULL),
(10, '2017-06-30', '2017-07-05', 13123123, 1312313, 1605000, NULL, 'asdadssd', 1, 0, '', 'Waiting Verified', NULL, NULL, NULL, NULL, '2017-07-07 00:46:48', '2017-08-15 21:05:19', '2017-08-15 21:05:19'),
(11, '2017-07-07', '2017-07-08', 56445, 10000, 112000, NULL, 'rty', 1, 0, '', 'Verified', '10-07-2017 07-31-342.png', NULL, NULL, NULL, '2017-07-09 18:36:54', '2017-07-10 00:32:11', NULL),
(12, '2017-08-10', '2017-08-11', 34435354, 5666666, 300000, NULL, 'fdg', 1, 0, '', 'Verified', NULL, NULL, NULL, NULL, '2017-08-15 21:01:36', '2017-08-15 21:05:26', NULL),
(13, '2017-09-01', '2017-09-05', 10000000, NULL, NULL, NULL, 'Test', 1, NULL, NULL, 'Waiting for Owner Action', NULL, NULL, NULL, NULL, '2017-09-17 19:00:42', '2017-09-17 19:00:42', NULL),
(14, '2017-09-15', '2017-09-16', 1000000, 1000000, 1080000, NULL, 'Test', 1, 100000, '', 'Verified', '28-09-2017 04-06-30Untitled.png', NULL, NULL, NULL, '2017-09-27 21:05:39', '2017-09-27 21:09:22', NULL);

-- --------------------------------------------------------

--
-- Table structure for table `cashbond_detail`
--

CREATE TABLE `cashbond_detail` (
  `id` int(10) UNSIGNED NOT NULL,
  `cashbond_id` int(10) DEFAULT NULL,
  `date` text COLLATE utf8_unicode_ci,
  `description` varchar(255) COLLATE utf8_unicode_ci DEFAULT NULL,
  `nota_number` varchar(255) COLLATE utf8_unicode_ci DEFAULT NULL,
  `amount` int(11) DEFAULT NULL,
  `paid_amount` double DEFAULT NULL,
  `cashbond_attachment` varchar(255) COLLATE utf8_unicode_ci DEFAULT NULL,
  `created_by` int(10) UNSIGNED DEFAULT NULL,
  `updated_by` int(10) UNSIGNED DEFAULT NULL,
  `deleted_by` int(10) UNSIGNED DEFAULT NULL,
  `created_at` timestamp NULL DEFAULT NULL,
  `updated_at` timestamp NULL DEFAULT NULL,
  `deleted_at` timestamp NULL DEFAULT NULL
) ENGINE=InnoDB DEFAULT CHARSET=utf8 COLLATE=utf8_unicode_ci;

--
-- Dumping data for table `cashbond_detail`
--

INSERT INTO `cashbond_detail` (`id`, `cashbond_id`, `date`, `description`, `nota_number`, `amount`, `paid_amount`, `cashbond_attachment`, `created_by`, `updated_by`, `deleted_by`, `created_at`, `updated_at`, `deleted_at`) VALUES
(1, 1, '2017-06-05', 'de', '123456', 363000, NULL, '09-06-2017 06-42-08upload file.pdf', NULL, NULL, NULL, '2017-06-08 23:42:08', '2017-06-08 23:42:08', NULL),
(2, 3, '2017-06-17', 'Des', '53920', 397900, NULL, '17-06-2017 02-30-5420160917_224617.png', NULL, NULL, NULL, '2017-06-17 07:30:54', '2017-06-17 07:30:54', NULL),
(6, 4, '2017-06-22', '', '1', 349000, NULL, '21-06-2017 04-11-56free-invoice.gif', NULL, NULL, NULL, '2017-06-20 21:11:56', '2017-06-20 21:11:56', NULL),
(7, 6, '2017-07-13', '234243', '23424', NULL, NULL, '04-07-2017 03-01-58719aaa75-6336-4ab8-8e6b-9069ce624656.pdf', NULL, NULL, NULL, '2017-07-03 20:01:58', '2017-07-03 20:01:58', NULL),
(8, 7, '2017-07-13', 'Test', '001', 100000, NULL, '04-07-2017 05-40-56644361_505295996201812_892996353_n.jpg', NULL, NULL, NULL, '2017-07-03 22:40:56', '2017-07-03 22:40:56', NULL),
(9, 8, '2017-07-07', '12313ddad', '1231', 150000, NULL, '05-07-2017 02-25-45sumoboo_item_central_template (3).csv', NULL, NULL, NULL, '2017-07-04 19:25:45', '2017-07-04 19:25:45', NULL),
(10, 2, '2017-07-12', 'fssff', 'dsffsd', 468000, NULL, '07-07-2017 07-51-46170706115714.sql', NULL, NULL, NULL, '2017-07-07 00:51:46', '2017-07-07 00:51:46', NULL),
(11, 11, '2017-07-06', 'ert', '4tret', 112000, NULL, '10-07-2017 07-31-472.png', NULL, NULL, NULL, '2017-07-10 00:31:47', '2017-07-10 00:31:47', NULL),
(13, 10, '2017-07-06', '2e3', 'e23', 420000, NULL, '11-07-2017 04-18-11marketing cost.docx', NULL, NULL, NULL, '2017-07-10 21:18:11', '2017-07-10 21:18:11', NULL),
(15, 10, '2017-07-14', 'tr', 'try', 550000, NULL, '11-07-2017 04-21-06PL IMS.png', NULL, NULL, NULL, '2017-07-10 21:21:06', '2017-07-10 21:21:06', NULL),
(16, 10, '2017-06-30', 'd', 'gg', 635000, NULL, '11-07-2017 04-22-08marketing cost.docx', NULL, NULL, NULL, '2017-07-10 21:22:08', '2017-07-10 21:22:08', NULL),
(17, 5, '2017-07-08', 'sdfs', 'sdfsd', 280000, NULL, '12-07-2017 06-42-54MOM SUMOBOO 31 05 2017.txt', NULL, NULL, NULL, '2017-07-11 23:42:53', '2017-07-11 23:42:54', NULL),
(18, 12, '2017-08-18', 'df', 'dfgdfgf', 300000, NULL, '16-08-2017 04-04-2728-07-2017 03-55-30image.jpeg.jpeg', NULL, NULL, NULL, '2017-08-15 21:04:27', '2017-08-15 21:04:27', NULL),
(19, 14, '2017-09-07', 'Test', 'Test', 1080000, NULL, '28-09-2017 04-07-15Untitled.png', NULL, NULL, NULL, '2017-09-27 21:07:15', '2017-09-27 21:07:15', NULL);

--
-- Triggers `cashbond_detail`
--
DELIMITER $$
CREATE TRIGGER `cashbond_total` AFTER UPDATE ON `cashbond_detail` FOR EACH ROW BEGIN

IF EXISTS (SELECT id FROM cashbond WHERE id IN (NEW.cashbond_id)) THEN

UPDATE cashbond SET cashout= (SELECT IFNULL(SUM(amount),0) FROM cashbond_detail WHERE cashbond_id IN (NEW.cashbond_id)
AND cashbond_detail.cashbond_id=cashbond.id) WHERE cashbond.id IN (NEW.cashbond_id);

END IF;

END
$$
DELIMITER ;

-- --------------------------------------------------------

--
-- Table structure for table `cashbond_detail_item`
--

CREATE TABLE `cashbond_detail_item` (
  `id` int(10) UNSIGNED NOT NULL,
  `cashbond_detail_id` int(10) DEFAULT NULL,
  `item_id` int(10) UNSIGNED DEFAULT NULL,
  `quantity` double DEFAULT NULL,
  `price` double DEFAULT NULL,
  `uom` varchar(50) COLLATE utf8_unicode_ci DEFAULT NULL,
  `total` int(11) DEFAULT NULL,
  `paid` double DEFAULT NULL,
  `created_by` int(10) UNSIGNED DEFAULT NULL,
  `updated_by` int(10) UNSIGNED DEFAULT NULL,
  `deleted_by` int(10) UNSIGNED DEFAULT NULL,
  `created_at` timestamp NULL DEFAULT NULL,
  `updated_at` timestamp NULL DEFAULT NULL,
  `deleted_at` timestamp NULL DEFAULT NULL
) ENGINE=InnoDB DEFAULT CHARSET=utf8 COLLATE=utf8_unicode_ci;

--
-- Dumping data for table `cashbond_detail_item`
--

INSERT INTO `cashbond_detail_item` (`id`, `cashbond_detail_id`, `item_id`, `quantity`, `price`, `uom`, `total`, `paid`, `created_by`, `updated_by`, `deleted_by`, `created_at`, `updated_at`, `deleted_at`) VALUES
(1, 1, 5, 2, 85000, 'PCS', 170000, NULL, NULL, NULL, NULL, '2017-06-08 23:42:27', '2017-06-08 23:42:27', NULL),
(2, 1, 11, 1, 193000, 'PCS', 193000, NULL, NULL, NULL, NULL, '2017-06-08 23:42:27', '2017-06-08 23:42:27', NULL),
(46, 2, 247, 12, 24700, 'pack', 296400, 0, NULL, NULL, NULL, '2017-06-20 20:49:45', '2017-06-20 20:49:45', NULL),
(47, 2, 249, 5, 28000, ' klg ', 140000, 140000, NULL, NULL, NULL, '2017-06-20 20:49:45', '2017-06-20 20:49:45', NULL),
(48, 2, 250, 6, 105000, 'drg', 577500, 0, NULL, NULL, NULL, '2017-06-20 20:49:45', '2017-06-20 20:49:45', NULL),
(49, 2, 252, 2, 156000, 'dus', 234000, 0, NULL, NULL, NULL, '2017-06-20 20:49:45', '2017-06-20 20:49:45', NULL),
(50, 2, 253, 2, 40000, 'tray', 60000, 0, NULL, NULL, NULL, '2017-06-20 20:49:45', '2017-06-20 20:49:45', NULL),
(51, 2, 254, 6.5, 12000, 'kg', 78000, 0, NULL, NULL, NULL, '2017-06-20 20:49:45', '2017-06-20 20:49:45', NULL),
(52, 2, 251, 5, 75000, 'drg', 375000, 0, NULL, NULL, NULL, '2017-06-20 20:49:45', '2017-06-20 20:49:45', NULL),
(53, 2, 255, 5, 50000, 'kg', 250000, 255000, NULL, NULL, NULL, '2017-06-20 20:49:45', '2017-06-20 20:49:45', NULL),
(54, 2, 265, 2, 1450, 'btl', 2900, 2900, NULL, NULL, NULL, '2017-06-20 20:49:45', '2017-06-20 20:49:45', NULL),
(57, 6, 248, 1, 55000, 'btl', 55000, 55000, NULL, NULL, NULL, '2017-06-20 21:12:56', '2017-06-20 21:12:56', NULL),
(58, 6, 253, 3.6, 40000, 'tray', 144000, 144000, NULL, NULL, NULL, '2017-06-20 21:12:56', '2017-06-20 21:12:56', NULL),
(59, 6, 255, 3, 50000, 'kg', 150000, 150000, NULL, NULL, NULL, '2017-06-20 21:12:56', '2017-06-20 21:12:56', NULL),
(60, 8, 255, 2, 50000, 'kg', 100000, 100000, NULL, NULL, NULL, '2017-07-03 22:41:30', '2017-07-03 22:41:30', NULL),
(61, 9, 251, 2, 75000, 'drg', 150000, 150000, NULL, NULL, NULL, '2017-07-04 19:25:56', '2017-07-04 19:25:56', NULL),
(62, 10, 252, 3, 156000, 'dus', 468000, 468000, NULL, NULL, NULL, '2017-07-07 00:51:57', '2017-07-07 00:51:57', NULL),
(63, 11, 249, 4, 28000, ' klg ', 112000, 112000, NULL, NULL, NULL, '2017-07-10 00:31:58', '2017-07-10 00:31:58', NULL),
(71, 12, 247, 3, 24700, 'pack', 74100, 74100, NULL, NULL, NULL, '2017-07-10 21:17:56', '2017-07-10 21:17:56', NULL),
(72, 12, 256, 7, 17000, 'kg', 119000, 52000, NULL, NULL, NULL, '2017-07-10 21:17:56', '2017-07-10 21:17:56', NULL),
(73, 13, 250, 8, 105000, 'drg', 840000, 420000, NULL, NULL, NULL, '2017-07-10 21:18:29', '2017-07-10 21:18:29', NULL),
(74, 14, 260, 7, 8500, 'klg', 59500, 59500, NULL, NULL, NULL, '2017-07-10 21:19:27', '2017-07-10 21:19:27', NULL),
(75, 15, 248, 10, 55000, 'btl', 550000, 550000, NULL, NULL, NULL, '2017-07-10 21:21:45', '2017-07-10 21:21:45', NULL),
(76, 16, 248, 11, 55000, 'btl', 605000, 635000, NULL, NULL, NULL, '2017-07-10 21:23:10', '2017-07-10 21:23:10', NULL),
(77, 17, 253, 2, 40000, 'tray', 80000, 80000, NULL, NULL, NULL, '2017-07-11 23:51:52', '2017-07-11 23:51:52', NULL),
(78, 17, 248, 2, 55000, 'btl', 110000, 200000, NULL, NULL, NULL, '2017-07-11 23:51:52', '2017-07-11 23:51:52', NULL),
(79, 18, 251, 4, 75000, 'drg', 300000, 300000, NULL, NULL, NULL, '2017-08-15 21:04:42', '2017-08-15 21:04:42', NULL),
(80, 19, 253, 10, 40000, 'tray', 400000, 400000, NULL, NULL, NULL, '2017-09-27 21:08:30', '2017-09-27 21:08:30', NULL),
(81, 19, 260, 80, 8500, 'klg', 680000, 680000, NULL, NULL, NULL, '2017-09-27 21:08:30', '2017-09-27 21:08:30', NULL);

--
-- Triggers `cashbond_detail_item`
--
DELIMITER $$
CREATE TRIGGER `cashbond_detail_item_insert` AFTER INSERT ON `cashbond_detail_item` FOR EACH ROW BEGIN

IF EXISTS (SELECT id FROM cashbond_detail WHERE id IN (NEW.cashbond_detail_id)) THEN

UPDATE cashbond_detail SET amount= (SELECT IFNULL(SUM(paid),0) FROM cashbond_detail_item WHERE cashbond_detail_id IN (NEW.cashbond_detail_id)
AND cashbond_detail_item.cashbond_detail_id=cashbond_detail.id) WHERE cashbond_detail.id IN (NEW.cashbond_detail_id);

END IF;

END
$$
DELIMITER ;
DELIMITER $$
CREATE TRIGGER `cashbond_detail_item_update` AFTER UPDATE ON `cashbond_detail_item` FOR EACH ROW BEGIN

IF EXISTS (SELECT id FROM cashbond_detail WHERE id IN (NEW.cashbond_detail_id)) THEN


UPDATE cashbond_detail SET amount= (SELECT IFNULL(SUM(paid),0) FROM cashbond_detail_item WHERE cashbond_detail_id IN (NEW.cashbond_detail_id)
AND cashbond_detail_item.cashbond_detail_id=cashbond_detail.id) WHERE cashbond_detail.id IN (NEW.cashbond_detail_id);

END IF;

END
$$
DELIMITER ;

-- --------------------------------------------------------

--
-- Table structure for table `cashbond_payroll`
--

CREATE TABLE `cashbond_payroll` (
  `id` int(10) UNSIGNED NOT NULL,
  `date` date NOT NULL,
  `branch_id` int(10) UNSIGNED NOT NULL,
  `attachment_receipt` varchar(255) COLLATE utf8_unicode_ci DEFAULT NULL,
  `status` tinyint(1) NOT NULL,
  `created_by` int(11) DEFAULT NULL,
  `updated_by` int(11) DEFAULT NULL,
  `deleted_by` int(11) DEFAULT NULL,
  `created_at` timestamp NULL DEFAULT NULL,
  `updated_at` timestamp NULL DEFAULT NULL,
  `deleted_at` timestamp NULL DEFAULT NULL
) ENGINE=InnoDB DEFAULT CHARSET=utf8 COLLATE=utf8_unicode_ci;

--
-- Dumping data for table `cashbond_payroll`
--

INSERT INTO `cashbond_payroll` (`id`, `date`, `branch_id`, `attachment_receipt`, `status`, `created_by`, `updated_by`, `deleted_by`, `created_at`, `updated_at`, `deleted_at`) VALUES
(1, '2017-07-15', 1, NULL, 0, 1, NULL, NULL, '2017-07-16 19:06:34', '2017-07-16 19:06:34', NULL),
(2, '2017-08-16', 1, NULL, 0, 1, NULL, NULL, '2017-07-16 22:45:02', '2017-07-16 22:45:02', NULL),
(3, '2017-07-19', 1, NULL, 0, 1, 1, NULL, '2017-07-17 16:42:32', '2017-07-17 17:03:05', NULL),
(4, '2017-07-01', 1, NULL, 4, 1, NULL, NULL, '2017-07-17 17:07:19', '2017-08-15 21:19:12', NULL),
(5, '2017-07-01', 1, NULL, 4, 1, NULL, NULL, '2017-07-17 17:07:19', '2017-08-15 21:19:12', NULL),
(6, '2017-09-14', 1, NULL, 0, 1, NULL, NULL, '2017-10-15 18:50:57', '2017-10-15 18:50:57', NULL);

-- --------------------------------------------------------

--
-- Table structure for table `cashbond_payroll_detail`
--

CREATE TABLE `cashbond_payroll_detail` (
  `id` int(10) UNSIGNED NOT NULL,
  `cashbond_payroll_id` int(10) UNSIGNED NOT NULL,
  `employee_id` int(10) UNSIGNED NOT NULL,
  `cashbond` decimal(10,2) NOT NULL,
  `created_by` int(11) DEFAULT NULL,
  `updated_by` int(11) DEFAULT NULL,
  `deleted_by` int(11) DEFAULT NULL,
  `created_at` timestamp NULL DEFAULT NULL,
  `updated_at` timestamp NULL DEFAULT NULL,
  `deleted_at` timestamp NULL DEFAULT NULL
) ENGINE=InnoDB DEFAULT CHARSET=utf8 COLLATE=utf8_unicode_ci;

--
-- Dumping data for table `cashbond_payroll_detail`
--

INSERT INTO `cashbond_payroll_detail` (`id`, `cashbond_payroll_id`, `employee_id`, `cashbond`, `created_by`, `updated_by`, `deleted_by`, `created_at`, `updated_at`, `deleted_at`) VALUES
(1, 1, 1, '1.00', 1, NULL, NULL, '2017-07-16 19:06:34', '2017-07-16 19:06:34', NULL),
(2, 1, 2, '2.00', 1, NULL, NULL, '2017-07-16 19:06:34', '2017-07-16 19:06:34', NULL),
(3, 1, 3, '3.00', 1, NULL, NULL, '2017-07-16 19:06:34', '2017-07-16 19:06:34', NULL),
(4, 1, 4, '4.00', 1, NULL, NULL, '2017-07-16 19:06:34', '2017-07-16 19:06:34', NULL),
(5, 1, 5, '5.00', 1, NULL, NULL, '2017-07-16 19:06:34', '2017-07-16 19:06:34', NULL),
(6, 1, 6, '6.00', 1, NULL, NULL, '2017-07-16 19:06:34', '2017-07-16 19:06:34', NULL),
(7, 1, 7, '7.00', 1, NULL, NULL, '2017-07-16 19:06:34', '2017-07-16 19:06:34', NULL),
(8, 1, 8, '8.00', 1, NULL, NULL, '2017-07-16 19:06:34', '2017-07-16 19:06:34', NULL),
(9, 1, 9, '9.00', 1, NULL, NULL, '2017-07-16 19:06:34', '2017-07-16 19:06:34', NULL),
(10, 1, 10, '10.00', 1, NULL, NULL, '2017-07-16 19:06:34', '2017-07-16 19:06:34', NULL),
(11, 1, 11, '11.00', 1, NULL, NULL, '2017-07-16 19:06:34', '2017-07-16 19:06:34', NULL),
(12, 1, 12, '12.00', 1, NULL, NULL, '2017-07-16 19:06:34', '2017-07-16 19:06:34', NULL),
(13, 1, 13, '13.00', 1, NULL, NULL, '2017-07-16 19:06:34', '2017-07-16 19:06:34', NULL),
(14, 1, 14, '14.00', 1, NULL, NULL, '2017-07-16 19:06:34', '2017-07-16 19:06:34', NULL),
(15, 1, 15, '15.00', 1, NULL, NULL, '2017-07-16 19:06:34', '2017-07-16 19:06:34', NULL),
(16, 1, 16, '16.00', 1, NULL, NULL, '2017-07-16 19:06:35', '2017-07-16 19:06:35', NULL),
(17, 1, 17, '17.00', 1, NULL, NULL, '2017-07-16 19:06:35', '2017-07-16 19:06:35', NULL),
(18, 1, 18, '18.00', 1, NULL, NULL, '2017-07-16 19:06:35', '2017-07-16 19:06:35', NULL),
(19, 1, 19, '19.00', 1, NULL, NULL, '2017-07-16 19:06:35', '2017-07-16 19:06:35', NULL),
(20, 1, 20, '20.00', 1, NULL, NULL, '2017-07-16 19:06:35', '2017-07-16 19:06:35', NULL),
(21, 1, 21, '21.00', 1, NULL, NULL, '2017-07-16 19:06:35', '2017-07-16 19:06:35', NULL),
(22, 1, 22, '22.00', 1, NULL, NULL, '2017-07-16 19:06:35', '2017-07-16 19:06:35', NULL),
(23, 1, 23, '23.00', 1, NULL, NULL, '2017-07-16 19:06:35', '2017-07-16 19:06:35', NULL),
(24, 1, 24, '24.00', 1, NULL, NULL, '2017-07-16 19:06:35', '2017-07-16 19:06:35', NULL),
(25, 2, 1, '1000000.00', 1, NULL, NULL, '2017-07-16 22:45:02', '2017-07-16 22:45:02', NULL),
(26, 2, 2, '2000000.00', 1, NULL, NULL, '2017-07-16 22:45:02', '2017-07-16 22:45:02', NULL),
(27, 2, 3, '3000000.00', 1, NULL, NULL, '2017-07-16 22:45:02', '2017-07-16 22:45:02', NULL),
(28, 2, 4, '4000000.00', 1, NULL, NULL, '2017-07-16 22:45:02', '2017-07-16 22:45:02', NULL),
(29, 2, 5, '5000000.00', 1, NULL, NULL, '2017-07-16 22:45:02', '2017-07-16 22:45:02', NULL),
(30, 2, 6, '6000000.00', 1, NULL, NULL, '2017-07-16 22:45:02', '2017-07-16 22:45:02', NULL),
(31, 2, 7, '7000000.00', 1, NULL, NULL, '2017-07-16 22:45:02', '2017-07-16 22:45:02', NULL),
(32, 2, 8, '8000000.00', 1, NULL, NULL, '2017-07-16 22:45:02', '2017-07-16 22:45:02', NULL),
(33, 2, 9, '9000000.00', 1, NULL, NULL, '2017-07-16 22:45:02', '2017-07-16 22:45:02', NULL),
(34, 2, 10, '1000000.00', 1, NULL, NULL, '2017-07-16 22:45:02', '2017-07-16 22:45:02', NULL),
(35, 2, 11, '2000000.00', 1, NULL, NULL, '2017-07-16 22:45:02', '2017-07-16 22:45:02', NULL),
(36, 2, 12, '0.00', 1, NULL, NULL, '2017-07-16 22:45:02', '2017-07-16 22:45:02', NULL),
(37, 2, 13, '0.00', 1, NULL, NULL, '2017-07-16 22:45:03', '2017-07-16 22:45:03', NULL),
(38, 2, 14, '0.00', 1, NULL, NULL, '2017-07-16 22:45:03', '2017-07-16 22:45:03', NULL),
(39, 2, 15, '0.00', 1, NULL, NULL, '2017-07-16 22:45:03', '2017-07-16 22:45:03', NULL),
(40, 2, 16, '0.00', 1, NULL, NULL, '2017-07-16 22:45:03', '2017-07-16 22:45:03', NULL),
(41, 2, 17, '0.00', 1, NULL, NULL, '2017-07-16 22:45:03', '2017-07-16 22:45:03', NULL),
(42, 2, 18, '0.00', 1, NULL, NULL, '2017-07-16 22:45:03', '2017-07-16 22:45:03', NULL),
(43, 2, 19, '0.00', 1, NULL, NULL, '2017-07-16 22:45:03', '2017-07-16 22:45:03', NULL),
(44, 2, 20, '0.00', 1, NULL, NULL, '2017-07-16 22:45:03', '2017-07-16 22:45:03', NULL),
(45, 2, 21, '0.00', 1, NULL, NULL, '2017-07-16 22:45:03', '2017-07-16 22:45:03', NULL),
(46, 2, 22, '0.00', 1, NULL, NULL, '2017-07-16 22:45:03', '2017-07-16 22:45:03', NULL),
(47, 2, 23, '0.00', 1, NULL, NULL, '2017-07-16 22:45:03', '2017-07-16 22:45:03', NULL),
(48, 2, 24, '0.00', 1, NULL, NULL, '2017-07-16 22:45:03', '2017-07-16 22:45:03', NULL),
(49, 3, 1, '4000000.00', 1, NULL, NULL, '2017-07-17 16:42:32', '2017-07-17 17:03:05', '2017-07-17 17:03:05'),
(50, 3, 2, '3000000.00', 1, NULL, NULL, '2017-07-17 16:42:32', '2017-07-17 17:03:05', '2017-07-17 17:03:05'),
(51, 3, 3, '2400000.00', 1, NULL, NULL, '2017-07-17 16:42:32', '2017-07-17 17:03:05', '2017-07-17 17:03:05'),
(52, 3, 4, '2400000.00', 1, NULL, NULL, '2017-07-17 16:42:32', '2017-07-17 17:03:05', '2017-07-17 17:03:05'),
(53, 3, 5, '2300000.00', 1, NULL, NULL, '2017-07-17 16:42:32', '2017-07-17 17:03:05', '2017-07-17 17:03:05'),
(54, 3, 6, '1800000.00', 1, NULL, NULL, '2017-07-17 16:42:32', '2017-07-17 17:03:05', '2017-07-17 17:03:05'),
(55, 3, 7, '1800000.00', 1, NULL, NULL, '2017-07-17 16:42:32', '2017-07-17 17:03:05', '2017-07-17 17:03:05'),
(56, 3, 8, '1800000.00', 1, NULL, NULL, '2017-07-17 16:42:32', '2017-07-17 17:03:05', '2017-07-17 17:03:05'),
(57, 3, 9, '1800000.00', 1, NULL, NULL, '2017-07-17 16:42:33', '2017-07-17 17:03:05', '2017-07-17 17:03:05'),
(58, 3, 10, '1800000.00', 1, NULL, NULL, '2017-07-17 16:42:33', '2017-07-17 17:03:05', '2017-07-17 17:03:05'),
(59, 3, 11, '1800000.00', 1, NULL, NULL, '2017-07-17 16:42:33', '2017-07-17 17:03:05', '2017-07-17 17:03:05'),
(60, 3, 12, '1800000.00', 1, NULL, NULL, '2017-07-17 16:42:33', '2017-07-17 17:03:05', '2017-07-17 17:03:05'),
(61, 3, 13, '1800000.00', 1, NULL, NULL, '2017-07-17 16:42:33', '2017-07-17 17:03:05', '2017-07-17 17:03:05'),
(62, 3, 14, '1800000.00', 1, NULL, NULL, '2017-07-17 16:42:33', '2017-07-17 17:03:05', '2017-07-17 17:03:05'),
(63, 3, 15, '2400000.00', 1, NULL, NULL, '2017-07-17 16:42:33', '2017-07-17 17:03:05', '2017-07-17 17:03:05'),
(64, 3, 16, '1800000.00', 1, NULL, NULL, '2017-07-17 16:42:33', '2017-07-17 17:03:05', '2017-07-17 17:03:05'),
(65, 3, 17, '1800000.00', 1, NULL, NULL, '2017-07-17 16:42:33', '2017-07-17 17:03:05', '2017-07-17 17:03:05'),
(66, 3, 18, '2100000.00', 1, NULL, NULL, '2017-07-17 16:42:33', '2017-07-17 17:03:05', '2017-07-17 17:03:05'),
(67, 3, 19, '1800000.00', 1, NULL, NULL, '2017-07-17 16:42:33', '2017-07-17 17:03:05', '2017-07-17 17:03:05'),
(68, 3, 20, '1800000.00', 1, NULL, NULL, '2017-07-17 16:42:33', '2017-07-17 17:03:05', '2017-07-17 17:03:05'),
(69, 3, 21, '1000000.00', 1, NULL, NULL, '2017-07-17 16:42:33', '2017-07-17 17:03:05', '2017-07-17 17:03:05'),
(70, 3, 1, '4000000.00', NULL, NULL, NULL, '2017-07-17 17:03:05', '2017-07-17 17:06:17', '2017-07-17 17:06:17'),
(71, 3, 2, '3000000.00', NULL, NULL, NULL, '2017-07-17 17:03:05', '2017-07-17 17:06:17', '2017-07-17 17:06:17'),
(72, 3, 3, '2400000.00', NULL, NULL, NULL, '2017-07-17 17:03:06', '2017-07-17 17:06:17', '2017-07-17 17:06:17'),
(73, 3, 4, '2400000.00', NULL, NULL, NULL, '2017-07-17 17:03:06', '2017-07-17 17:06:17', '2017-07-17 17:06:17'),
(74, 3, 5, '2300000.00', NULL, NULL, NULL, '2017-07-17 17:03:06', '2017-07-17 17:06:17', '2017-07-17 17:06:17'),
(75, 3, 6, '1800000.00', NULL, NULL, NULL, '2017-07-17 17:03:06', '2017-07-17 17:06:17', '2017-07-17 17:06:17'),
(76, 3, 7, '1800000.00', NULL, NULL, NULL, '2017-07-17 17:03:06', '2017-07-17 17:06:17', '2017-07-17 17:06:17'),
(77, 3, 8, '1800000.00', NULL, NULL, NULL, '2017-07-17 17:03:06', '2017-07-17 17:06:17', '2017-07-17 17:06:17'),
(78, 3, 9, '1800000.00', NULL, NULL, NULL, '2017-07-17 17:03:06', '2017-07-17 17:06:17', '2017-07-17 17:06:17'),
(79, 3, 10, '1800000.00', NULL, NULL, NULL, '2017-07-17 17:03:06', '2017-07-17 17:06:17', '2017-07-17 17:06:17'),
(80, 3, 11, '1800000.00', NULL, NULL, NULL, '2017-07-17 17:03:06', '2017-07-17 17:06:17', '2017-07-17 17:06:17'),
(81, 3, 12, '1800000.00', NULL, NULL, NULL, '2017-07-17 17:03:06', '2017-07-17 17:06:17', '2017-07-17 17:06:17'),
(82, 3, 13, '1800000.00', NULL, NULL, NULL, '2017-07-17 17:03:06', '2017-07-17 17:06:17', '2017-07-17 17:06:17'),
(83, 3, 14, '1800000.00', NULL, NULL, NULL, '2017-07-17 17:03:06', '2017-07-17 17:06:17', '2017-07-17 17:06:17'),
(84, 3, 15, '2400000.00', NULL, NULL, NULL, '2017-07-17 17:03:06', '2017-07-17 17:06:17', '2017-07-17 17:06:17'),
(85, 3, 16, '1800000.00', NULL, NULL, NULL, '2017-07-17 17:03:06', '2017-07-17 17:06:17', '2017-07-17 17:06:17'),
(86, 3, 17, '1800000.00', NULL, NULL, NULL, '2017-07-17 17:03:06', '2017-07-17 17:06:17', '2017-07-17 17:06:17'),
(87, 3, 18, '2100000.00', NULL, NULL, NULL, '2017-07-17 17:03:06', '2017-07-17 17:06:17', '2017-07-17 17:06:17'),
(88, 3, 19, '1800000.00', NULL, NULL, NULL, '2017-07-17 17:03:06', '2017-07-17 17:06:17', '2017-07-17 17:06:17'),
(89, 3, 20, '1800000.00', NULL, NULL, NULL, '2017-07-17 17:03:06', '2017-07-17 17:06:17', '2017-07-17 17:06:17'),
(90, 3, 21, '1000000.00', NULL, NULL, NULL, '2017-07-17 17:03:06', '2017-07-17 17:06:17', '2017-07-17 17:06:17'),
(91, 3, 1, '4000000.00', NULL, NULL, NULL, '2017-07-17 17:06:17', '2017-07-17 17:06:17', NULL),
(92, 3, 2, '3000000.00', NULL, NULL, NULL, '2017-07-17 17:06:17', '2017-07-17 17:06:17', NULL),
(93, 3, 3, '2400000.00', NULL, NULL, NULL, '2017-07-17 17:06:17', '2017-07-17 17:06:17', NULL),
(94, 3, 4, '2400000.00', NULL, NULL, NULL, '2017-07-17 17:06:17', '2017-07-17 17:06:17', NULL),
(95, 3, 5, '2300000.00', NULL, NULL, NULL, '2017-07-17 17:06:18', '2017-07-17 17:06:18', NULL),
(96, 3, 6, '1800000.00', NULL, NULL, NULL, '2017-07-17 17:06:18', '2017-07-17 17:06:18', NULL),
(97, 3, 7, '1800000.00', NULL, NULL, NULL, '2017-07-17 17:06:18', '2017-07-17 17:06:18', NULL),
(98, 3, 8, '1800000.00', NULL, NULL, NULL, '2017-07-17 17:06:18', '2017-07-17 17:06:18', NULL),
(99, 3, 9, '1800000.00', NULL, NULL, NULL, '2017-07-17 17:06:18', '2017-07-17 17:06:18', NULL),
(100, 3, 10, '1800000.00', NULL, NULL, NULL, '2017-07-17 17:06:18', '2017-07-17 17:06:18', NULL),
(101, 3, 11, '1800000.00', NULL, NULL, NULL, '2017-07-17 17:06:18', '2017-07-17 17:06:18', NULL),
(102, 3, 12, '1800000.00', NULL, NULL, NULL, '2017-07-17 17:06:18', '2017-07-17 17:06:18', NULL),
(103, 3, 13, '1800000.00', NULL, NULL, NULL, '2017-07-17 17:06:18', '2017-07-17 17:06:18', NULL),
(104, 3, 14, '1800000.00', NULL, NULL, NULL, '2017-07-17 17:06:18', '2017-07-17 17:06:18', NULL),
(105, 3, 15, '2400000.00', NULL, NULL, NULL, '2017-07-17 17:06:18', '2017-07-17 17:06:18', NULL),
(106, 3, 16, '1800000.00', NULL, NULL, NULL, '2017-07-17 17:06:18', '2017-07-17 17:06:18', NULL),
(107, 3, 17, '1800000.00', NULL, NULL, NULL, '2017-07-17 17:06:18', '2017-07-17 17:06:18', NULL),
(108, 3, 18, '2100000.00', NULL, NULL, NULL, '2017-07-17 17:06:18', '2017-07-17 17:06:18', NULL),
(109, 3, 19, '1800000.00', NULL, NULL, NULL, '2017-07-17 17:06:18', '2017-07-17 17:06:18', NULL),
(110, 3, 20, '1800000.00', NULL, NULL, NULL, '2017-07-17 17:06:18', '2017-07-17 17:06:18', NULL),
(111, 3, 21, '50000000.00', NULL, NULL, NULL, '2017-07-17 17:06:18', '2017-07-17 17:06:18', NULL),
(112, 4, 1, '1000000.00', 1, NULL, NULL, '2017-07-17 17:07:19', '2017-07-17 17:07:19', NULL),
(113, 4, 2, '2000000.00', 1, NULL, NULL, '2017-07-17 17:07:19', '2017-07-17 17:07:19', NULL),
(114, 4, 3, '2400000.00', 1, NULL, NULL, '2017-07-17 17:07:19', '2017-07-17 17:07:19', NULL),
(115, 4, 4, '2400000.00', 1, NULL, NULL, '2017-07-17 17:07:19', '2017-07-17 17:07:19', NULL),
(116, 4, 5, '2300000.00', 1, NULL, NULL, '2017-07-17 17:07:19', '2017-07-17 17:07:19', NULL),
(117, 4, 6, '1800000.00', 1, NULL, NULL, '2017-07-17 17:07:19', '2017-07-17 17:07:19', NULL),
(118, 4, 7, '1800000.00', 1, NULL, NULL, '2017-07-17 17:07:19', '2017-07-17 17:07:19', NULL),
(119, 4, 8, '1800000.00', 1, NULL, NULL, '2017-07-17 17:07:19', '2017-07-17 17:07:19', NULL),
(120, 4, 9, '1800000.00', 1, NULL, NULL, '2017-07-17 17:07:19', '2017-07-17 17:07:19', NULL),
(121, 4, 10, '1800000.00', 1, NULL, NULL, '2017-07-17 17:07:19', '2017-07-17 17:07:19', NULL),
(122, 4, 11, '1800000.00', 1, NULL, NULL, '2017-07-17 17:07:19', '2017-07-17 17:07:19', NULL),
(123, 4, 12, '1800000.00', 1, NULL, NULL, '2017-07-17 17:07:19', '2017-07-17 17:07:19', NULL),
(124, 4, 13, '1800000.00', 1, NULL, NULL, '2017-07-17 17:07:19', '2017-07-17 17:07:19', NULL),
(125, 4, 14, '1800000.00', 1, NULL, NULL, '2017-07-17 17:07:19', '2017-07-17 17:07:19', NULL),
(126, 4, 15, '2400000.00', 1, NULL, NULL, '2017-07-17 17:07:19', '2017-07-17 17:07:19', NULL),
(127, 4, 16, '1800000.00', 1, NULL, NULL, '2017-07-17 17:07:19', '2017-07-17 17:07:19', NULL),
(128, 4, 17, '1800000.00', 1, NULL, NULL, '2017-07-17 17:07:20', '2017-07-17 17:07:20', NULL),
(129, 4, 18, '2100000.00', 1, NULL, NULL, '2017-07-17 17:07:20', '2017-07-17 17:07:20', NULL),
(130, 4, 19, '1800000.00', 1, NULL, NULL, '2017-07-17 17:07:20', '2017-07-17 17:07:20', NULL),
(131, 4, 20, '1800000.00', 1, NULL, NULL, '2017-07-17 17:07:20', '2017-07-17 17:07:20', NULL),
(132, 4, 21, '1800000.00', 1, NULL, NULL, '2017-07-17 17:07:20', '2017-07-17 17:07:20', NULL),
(133, 4, 22, '1800000.00', 1, NULL, NULL, '2017-07-17 17:07:20', '2017-07-17 17:07:20', NULL),
(134, 4, 23, '1800000.00', 1, NULL, NULL, '2017-07-17 17:07:20', '2017-07-17 17:07:20', NULL),
(135, 4, 24, '1800000.00', 1, NULL, NULL, '2017-07-17 17:07:20', '2017-07-17 17:07:20', NULL);

-- --------------------------------------------------------

--
-- Table structure for table `employee`
--

CREATE TABLE `employee` (
  `id` int(10) UNSIGNED NOT NULL,
  `emp_name` varchar(255) COLLATE utf8_unicode_ci DEFAULT NULL,
  `emp_full_name` varchar(255) COLLATE utf8_unicode_ci DEFAULT NULL,
  `emp_bod` int(11) DEFAULT NULL,
  `emp_address` varchar(255) COLLATE utf8_unicode_ci DEFAULT NULL,
  `emp_ktp_number` varchar(255) COLLATE utf8_unicode_ci DEFAULT NULL,
  `emp_bank` varchar(100) COLLATE utf8_unicode_ci DEFAULT NULL,
  `emp_bank_rek` varchar(100) COLLATE utf8_unicode_ci DEFAULT NULL,
  `emp_email` varchar(255) COLLATE utf8_unicode_ci DEFAULT NULL,
  `emp_phone` varchar(255) COLLATE utf8_unicode_ci DEFAULT NULL,
  `emp_gender` varchar(255) COLLATE utf8_unicode_ci DEFAULT NULL,
  `emp_religion` varchar(255) COLLATE utf8_unicode_ci DEFAULT NULL,
  `emp_hiring_date` varchar(255) COLLATE utf8_unicode_ci DEFAULT NULL,
  `emp_position` varchar(255) COLLATE utf8_unicode_ci DEFAULT NULL,
  `slr_basic` double DEFAULT NULL,
  `slr_transport` double DEFAULT NULL,
  `slr_tunjangan` double DEFAULT NULL,
  `slr_tunjangan_makan` double DEFAULT NULL,
  `slr_cashbond` double DEFAULT NULL,
  `slr_thr` double DEFAULT NULL,
  `slr_pot_deposit` double DEFAULT NULL,
  `slr_voucher` double DEFAULT NULL,
  `status` int(11) DEFAULT '0',
  `created_by` int(10) UNSIGNED DEFAULT NULL,
  `updated_by` int(10) UNSIGNED DEFAULT NULL,
  `deleted_by` int(10) UNSIGNED DEFAULT NULL,
  `created_at` timestamp NULL DEFAULT NULL,
  `updated_at` timestamp NULL DEFAULT NULL,
  `deleted_at` timestamp NULL DEFAULT NULL
) ENGINE=InnoDB DEFAULT CHARSET=utf8 COLLATE=utf8_unicode_ci;

--
-- Dumping data for table `employee`
--

INSERT INTO `employee` (`id`, `emp_name`, `emp_full_name`, `emp_bod`, `emp_address`, `emp_ktp_number`, `emp_bank`, `emp_bank_rek`, `emp_email`, `emp_phone`, `emp_gender`, `emp_religion`, `emp_hiring_date`, `emp_position`, `slr_basic`, `slr_transport`, `slr_tunjangan`, `slr_tunjangan_makan`, `slr_cashbond`, `slr_thr`, `slr_pot_deposit`, `slr_voucher`, `status`, `created_by`, `updated_by`, `deleted_by`, `created_at`, `updated_at`, `deleted_at`) VALUES
(1, 'Ayung', 'Kweet Hiung', NULL, 'Jl. Buntu no. 15', '367113060382007    ', 'BCA', '7010096388', 'kwethiung82@gmail.com', '628128958282', 'Laki-Laki', NULL, '6/19/2016', 'Ass. Manager', 4000000, NULL, NULL, NULL, 4000000, NULL, NULL, NULL, 0, NULL, NULL, NULL, NULL, NULL, NULL),
(2, 'Eka', 'Eka Agustina', NULL, 'KP.Baru Utara Pakulonan, Serpong Utara', '351420570897002', 'BCA', '7225006393', 'eka.agustinarahayu@gmail.com', '6287877957875', 'Perempuan', NULL, '4/10/2016', 'Cashier', 3000000, NULL, NULL, NULL, 3000000, NULL, NULL, NULL, 0, NULL, NULL, NULL, NULL, NULL, NULL),
(3, 'Resita', 'Resita Sinthya', NULL, 'Jln. Pedongkelan Belakang Rt 12/13 , Cengkareng', '-', 'BCA', '7015254661', 'resitasinthya@gamil,com', '6281285043684', 'Perempuan', NULL, '5/25/2016', 'Cashier', 2400000, NULL, NULL, NULL, 2400000, NULL, NULL, NULL, 0, NULL, NULL, NULL, NULL, NULL, NULL),
(4, 'Rika', 'Rika Setyawati', NULL, 'Jl. Rawa Buaya Rt 06/06 Duri Kosambi, Cengkareng', '317301640998003    ', '', '-', '-', '6281314461790', 'Perempuan', NULL, '10/5/2016', 'Cashier', 2400000, NULL, NULL, NULL, 2400000, NULL, NULL, NULL, 0, NULL, NULL, NULL, NULL, NULL, NULL),
(5, 'Daniel', 'Daniel Edo Wardo Pattiasina', NULL, 'Jl. Pelopor RT 07/ RW11 Cengkareng Barat', '317306221191002    ', 'BCA', '5310643582', 'danieledhoymontana@gmail.com', '6289630425492', 'Laki-Laki', NULL, '5/30/2016', 'Leader Floor', 2300000, NULL, NULL, NULL, 2300000, NULL, NULL, NULL, 0, NULL, NULL, NULL, NULL, NULL, NULL),
(6, 'Pipin', 'Pipin Anggraeni', NULL, 'Bingin Jungut Kec. Muara Kelingi', ' - ', '', '-', '-', '6285745449877', 'Perempuan', NULL, '9/28/2016', 'Waitress', 1800000, NULL, NULL, NULL, 1800000, NULL, NULL, NULL, 0, NULL, NULL, NULL, NULL, NULL, NULL),
(7, 'Rani', 'Rani', NULL, 'Pulo Harapan Indah Rt 01/08 , Menceng', '-', '', '-', '-', '6282175695656', 'Perempuan', NULL, '4/17/2017', 'Waitress', 1800000, NULL, NULL, NULL, 1800000, NULL, NULL, NULL, 0, NULL, NULL, NULL, NULL, NULL, NULL),
(8, 'Susi', 'Susila Wati', NULL, 'Kp. Dadap Dato Rt 05/05 Kel. Dadap Kec. Kosambi', '402268321002    ', '', '-', 'susi3653@gmail.com', '6288212658449', 'Perempuan', NULL, '5/11/2017', 'Waitress', 1800000, NULL, NULL, NULL, 1800000, NULL, NULL, NULL, 0, NULL, NULL, NULL, NULL, NULL, NULL),
(9, 'Arnis', 'Arnis Solihatun', NULL, 'Kp. Rawa Lumpang Rt 08/06 Desa Salembaran Jati Kec. Kosambi', '9994198806', '', '-', 'arnis1908@gmail.com', '62895350717172', 'Perempuan', NULL, '5/11/2017', 'Waitress', 1800000, NULL, NULL, NULL, 1800000, NULL, NULL, NULL, 0, NULL, NULL, NULL, NULL, NULL, NULL),
(10, 'Alin', 'Alin Cindi Pratiwi', NULL, 'Margomulyo Rt 01/ Rw 003 . Desa Mekar Karya Kec. Waway Karya Kab. Lampung Timur', '180720570398002    ', '', '-', '-', '6285210964112', 'Perempuan', NULL, '5/15/2017', 'Waitress', 1800000, NULL, NULL, NULL, 1800000, NULL, NULL, NULL, 0, NULL, NULL, NULL, NULL, NULL, NULL),
(11, 'Zulaika', 'Zulaika Phartina Putri', NULL, 'Kp. Gaga Rw Kompeni Rt 02/08, tangerang', '9994100595', '', '-', 'Zulaikaphartina@gmail.com', '6289657137608', 'Perempuan', NULL, '5/15/2017', 'Waitress', 1800000, NULL, NULL, NULL, 1800000, NULL, NULL, NULL, 0, NULL, NULL, NULL, NULL, NULL, NULL),
(12, 'Rena', 'Rena Puji Astuti', NULL, 'Jl. Tomang Banjir Kanal Rt 06/ Rw 13 Kec. Grogol Kelurahan Tomang', '-', '', '-', 'renapuji9@gmail.com', '6289651018474', 'Perempuan', NULL, '5/15/2017', 'Waitress', 1800000, NULL, NULL, NULL, 1800000, NULL, NULL, NULL, 0, NULL, NULL, NULL, NULL, NULL, NULL),
(13, 'Hendra', 'Hendra Triambodo', NULL, 'Jl. Permata Dalam Kec. Kalideres, Cengkareng', '-', '', '-', 'hendraanswer@gmail.com', '6285797144301', 'Laki-Laki', NULL, '5/15/2017', 'Waiter', 1800000, NULL, NULL, NULL, 1800000, NULL, NULL, NULL, 0, NULL, NULL, NULL, NULL, NULL, NULL),
(14, 'Jibril', 'Mohammad Djibril Renova', NULL, 'Kp Cibako Desa Cipetir Rt 001/003 Kec. Cibeber Kab. Cianjur', '303320111197003    ', '', '-', 'riel2411@gmail.com', '6281369621311', 'Laki-Laki', NULL, '5/3/2017', 'Waiter', 1800000, NULL, NULL, NULL, 1800000, NULL, NULL, NULL, 0, NULL, NULL, NULL, NULL, NULL, NULL),
(15, 'Nobi', 'Nobi Wijaya', NULL, 'Jl. Kebon Dua Rauts Rt005/006 Kec. Kalideres Kel. Kamal', '317306081194009    ', '', '-', '-', '6288211089445', 'Laki-Laki', NULL, '5/1/2016', 'Ass. SPV BOH', 2400000, NULL, NULL, NULL, 2400000, NULL, NULL, NULL, 0, NULL, NULL, NULL, NULL, NULL, NULL),
(16, 'Jefri', 'Jefry Dwi Cahya', NULL, 'Gondrong Rt 04/005 Kec. Cipondoh , Tangerang', '-', '', '-', '-', '6281586236901', 'Laki-Laki', NULL, '12/16/2016', 'Staff Dessert', 1800000, NULL, NULL, NULL, 1800000, NULL, NULL, NULL, 0, NULL, NULL, NULL, NULL, NULL, NULL),
(17, 'Abdul', 'Abdul Nur Ginanjar', NULL, 'Jl. Kayu Besar 3 Rt 08/08, Tegal Alur', '-', '', '-', 'ang20000201@gmail.com', '-', 'Laki-Laki', NULL, '5/15/2017', 'Staff Dessert', 1800000, NULL, NULL, NULL, 1800000, NULL, NULL, NULL, 0, NULL, NULL, NULL, NULL, NULL, NULL),
(18, 'Ongki', 'Ongky Okta Rizen', NULL, 'Dusun 1 RT000/RW000 Padang Sari, Buay Runjung', '160907280398002    ', '', '', 'ongki99.oktarizen@gmail.com', '62857769579407', 'Laki-Laki', NULL, '10/22/2016', 'Leader Kitchen', 2100000, NULL, NULL, NULL, 2100000, NULL, NULL, NULL, 0, NULL, NULL, NULL, NULL, NULL, NULL),
(19, 'Deri', 'Deri Antoni', NULL, 'Nagar Agung RT-/RW- Buay Runjung', '160907280997001    ', '', '', '-', '6285693335966', 'Laki-Laki', NULL, '12/16/2016', 'Staff Kitchen', 1800000, NULL, NULL, NULL, 1800000, NULL, NULL, NULL, 0, NULL, NULL, NULL, NULL, NULL, NULL),
(20, 'Angga', 'Mohammad Angga Rivaldy', NULL, 'Jl. Halim Perdana kusuma Rt 005/004 Kec. Batuceper Kel. Batuceper', '367103140897002    ', 'BCA', '8680022608', '-', '6289507511848', 'Laki-Laki', NULL, '4/9/2017', 'Staff Kitchen', 1800000, NULL, NULL, NULL, 1800000, NULL, NULL, NULL, 0, NULL, NULL, NULL, NULL, NULL, NULL),
(21, 'Fajar', 'Fajar', NULL, 'Kab. Cirebon Kec. Klangenan Desa Slangit Dusun 1 Rt 02/01', '320923271196008    ', '', '-', '-', '628977815804', 'Laki-Laki', NULL, '4/5/2017', 'Staff Bar', 1800000, NULL, NULL, NULL, 1800000, NULL, NULL, NULL, 0, NULL, NULL, NULL, NULL, NULL, NULL),
(22, 'Dede', 'Dede Wijaya', NULL, 'Pedongkelan RT016/RW016 Kapuk, Cengkareng', '327607201980001    ', 'BCA', '5785134343', 'carlitosdede20@gmail.com', '6283892672714', 'Laki-Laki', NULL, '4/26/2017', 'Staff Kitchen', 1800000, NULL, NULL, NULL, 1800000, NULL, NULL, NULL, 0, NULL, NULL, NULL, NULL, NULL, NULL),
(23, 'Ari', 'Ari Dinata', NULL, 'Jl. Tuntas Harapan no. 20 Rt 003/001 Kel. Sukamaju Kec. Sako', '16710823039508    ', 'BCA', '7015254599', 'aridinata910@gmail.com', '6285768072938', 'Laki-Laki', NULL, '7/26/2016', 'Staff Dessert', 1800000, NULL, NULL, NULL, 1800000, NULL, NULL, NULL, 0, NULL, NULL, NULL, NULL, NULL, NULL),
(24, 'Anggi', 'Anggi Juliansya', NULL, 'Jl. Kemas Rindo Kec. Kertapati Rt 30/07, Palembang', '16711328079706    ', '', '-', '-', '6289661693261', 'Laki-Laki', NULL, '1/1/2017', 'Staff Bar', 1800000, NULL, NULL, NULL, 1800000, NULL, NULL, NULL, 0, NULL, NULL, NULL, NULL, NULL, NULL),
(25, 'Umi', 'Daumi', NULL, 'Dampit RT 025 RW 012 Ds. Jatingarang Kec Bodeh Pemalang', '3327056802950001', '', '', 'daumi.violet@gmail.com', '083145860357', 'Perempuan', NULL, '2/19/2017', 'Waiters', 1800000, NULL, NULL, NULL, 1800000, NULL, NULL, NULL, 0, NULL, NULL, NULL, NULL, NULL, NULL),
(26, 'Mella', 'Mella Amelia', NULL, 'Dusun 7 RT001 RW007 Ds. Tebing Kec Melinting', '1807176303980002', '', '', '', '085217157878', 'Perempuan', NULL, '1/6/2017', 'Waiters', 1800000, NULL, NULL, NULL, 1800000, NULL, NULL, NULL, 0, NULL, NULL, NULL, NULL, NULL, NULL),
(27, 'Desi', 'Desi Ariyanti', NULL, 'Dusun 1 RT001 RW001 Ds. Tanjung Aji Kec Melinting', '1807177112980002', '', '', '', '085379791962', 'Perempuan', NULL, '2/2/2017', 'Waiters', 1800000, NULL, NULL, NULL, 1800000, NULL, NULL, NULL, 0, NULL, NULL, NULL, NULL, NULL, NULL),
(28, 'Tohir', 'Badrodin Tohir', NULL, 'Dusun Karangsari RT024 RW009 Pasar Singkut Kec. Singkut', '1503091809950001', '', '', 'emijamilah266@gmail.com', '083816960803', 'Laki-laki', NULL, '5/27/2017', 'Bar', 1800000, NULL, NULL, NULL, 1800000, NULL, NULL, NULL, 0, NULL, NULL, NULL, NULL, NULL, NULL),
(29, 'Ari', 'Ari Ginanjar', NULL, 'Kp Warungkiara RT 001 RW001 Kec Warungkiara', '3202092601920001', 'BCA', '7015254378', '', '7015254378', 'Laki-laki', NULL, '7/10/2016', 'Leader Dessert', 2100000, NULL, NULL, NULL, 2100000, NULL, NULL, NULL, 0, NULL, NULL, NULL, NULL, NULL, NULL),
(30, 'Nur', 'Nur Alfiansyah', NULL, 'Kedungsoko RT08 RW02 kel Bumiaji kec. Gondang', '3314061201970001', '', '', '', '081213122956', 'Laki-laki', NULL, '11/7/2016', 'Leader Bar', 2100000, NULL, NULL, NULL, 2100000, NULL, NULL, NULL, 0, NULL, NULL, NULL, NULL, NULL, NULL),
(31, 'Teguh', 'Teguh Aryanto', NULL, 'Kp Sentul RT002 RW004 Curug Kulon Kec. Curug', '1609071207960002', '', '', '', '085838812596', 'Laki-laki', NULL, '4/5/2017', 'Dessert', 1800000, NULL, NULL, NULL, 1800000, NULL, NULL, NULL, 0, NULL, NULL, NULL, NULL, NULL, NULL),
(32, 'Roki', 'Roki Tedi', NULL, 'Pekurun Tengah RT005 RW005 Kec. Agung Pekurun', '1803191001970003', '', '', '', '085719374332', 'Laki-laki', NULL, '5/19/2017', 'Dessert', 1800000, NULL, NULL, NULL, 1800000, NULL, NULL, NULL, 0, NULL, NULL, NULL, NULL, NULL, NULL),
(33, 'Yeni', 'Yeni Okta Sari', NULL, 'Dusun III RT000 RW000 Sukajadi Blambangan kec. Buay Runjung', '1609076206990003', '', '', '', '085609597637', 'Perempuan', NULL, '5/19/2017', 'Waiters', 1800000, NULL, NULL, NULL, 1800000, NULL, NULL, NULL, 0, NULL, NULL, NULL, NULL, NULL, NULL),
(34, 'Halimah', 'Siti Halimah', NULL, 'Kp Krajan RT002 RW001 Ds Tanjungsari Kec. Pondok Salam', '3214166409970001', '', '', '', '083821525409', 'Perempuan', NULL, '5/27/2017', 'Waiters', 1800000, NULL, NULL, NULL, 1800000, NULL, NULL, NULL, 0, NULL, NULL, NULL, NULL, NULL, NULL),
(35, 'Ramon', 'Ramon Wijaya', NULL, 'Kebon 200 RT05 RW04 Ds Kamal Kec. Kalideres', '', '', '', '', '088808006357', 'Laki-laki', NULL, '12/20/2016', 'Leader Kitchen', 2100000, NULL, NULL, NULL, 2100000, NULL, NULL, NULL, 0, NULL, NULL, NULL, NULL, NULL, NULL),
(36, 'Gatot', 'Gatot Tri Hartowo', NULL, 'Kelapacung RT002 RW004 ', '3303091104980001', 'BCA', '8015306536', '', '089524300820', 'Laki-laki', NULL, '3/26/2017', 'Kitchen', 1800000, NULL, NULL, NULL, 1800000, NULL, NULL, NULL, 0, NULL, NULL, NULL, NULL, NULL, NULL),
(37, 'Dwi', 'Dwi Purnama ', NULL, 'Kebon 200 RT08 RW02 Ds Kamal Kec. Kalideres', '3173060511950007', '', '', '', '081513492147', 'Laki-laki', NULL, '4/24/2017', 'Kitchen', 1800000, NULL, NULL, NULL, 1800000, NULL, NULL, NULL, 0, NULL, NULL, NULL, NULL, NULL, NULL),
(38, 'Ragil', 'Ragil Pangestu', NULL, 'Jl Kampung Sawah Mede no 84 RT06 RW06 Ds Kamal Kalideres', '3173060409960006', 'BCA', '8015309543', 'ragillahaikalputra@gmail.com', '083895814103', 'Laki-laki', NULL, '1/2/2017', 'Kitchen', 1800000, NULL, NULL, NULL, 1800000, NULL, NULL, NULL, 0, NULL, NULL, NULL, NULL, NULL, NULL),
(39, 'Risma', 'M Rismawan', NULL, 'Srengit RT004 RW001 Ds Sidomulyo Kec Pagar Dewa', '1804230507960001', '', '', 'rismawan.mhd1996@gmail.com', '085758410773', 'Laki-laki', NULL, '11/16/2016', 'Leader Floor', 2100000, NULL, NULL, NULL, 2100000, NULL, NULL, NULL, 0, NULL, NULL, NULL, NULL, NULL, NULL),
(40, 'Krist', 'Kristianingsih', NULL, 'Ds Bumirejo RT001 RW002 Kec Puring Kebumen', '3305034704970001', 'BCA', '7675120366', '', '081329770753', 'Perempuan', NULL, '6/1/2016', 'Ka. Kasir & Gudang', 3000000, NULL, NULL, NULL, 3000000, NULL, NULL, NULL, 0, NULL, NULL, NULL, NULL, NULL, NULL),
(41, 'Usep', 'Usep Lukman', NULL, 'Kp inpres RT008 RW003 Ds. Gurudug kec. Pondok Salam', '3214160107950008', 'BCA', '7015254343', 'useplukman010793@gmail.com', '087714747016', 'Laki-laki', NULL, '7/8/2016', 'Ass. SPV BOH', 2400000, NULL, NULL, NULL, 2400000, NULL, NULL, NULL, 0, NULL, NULL, NULL, NULL, NULL, NULL),
(42, 'Efi', 'Efi Astuti', NULL, 'Ds Bumirejo RT001 RW002 Kec Puring Kebumen', '3305035902950001', 'BCA', '7015258535', 'efirastuti@gmail.com', '085945041666', 'Perempuan', NULL, '11/8/2016', 'Kasir & Gudang', 2400000, NULL, NULL, NULL, 2400000, NULL, NULL, NULL, 0, NULL, NULL, NULL, NULL, NULL, NULL);

-- --------------------------------------------------------

--
-- Table structure for table `employee_branch`
--

CREATE TABLE `employee_branch` (
  `id` int(10) UNSIGNED NOT NULL,
  `employee_id` int(10) UNSIGNED NOT NULL,
  `branch_id` int(10) UNSIGNED NOT NULL,
  `created_by` int(10) UNSIGNED DEFAULT NULL,
  `updated_by` int(10) UNSIGNED DEFAULT NULL,
  `deleted_by` int(10) UNSIGNED DEFAULT NULL,
  `created_at` timestamp NULL DEFAULT NULL,
  `updated_at` timestamp NULL DEFAULT NULL,
  `deleted_at` timestamp NULL DEFAULT NULL
) ENGINE=InnoDB DEFAULT CHARSET=utf8 COLLATE=utf8_unicode_ci;

--
-- Dumping data for table `employee_branch`
--

INSERT INTO `employee_branch` (`id`, `employee_id`, `branch_id`, `created_by`, `updated_by`, `deleted_by`, `created_at`, `updated_at`, `deleted_at`) VALUES
(2, 1, 1, NULL, NULL, NULL, NULL, NULL, NULL),
(4, 2, 1, NULL, NULL, NULL, NULL, NULL, NULL),
(5, 3, 1, NULL, NULL, NULL, NULL, NULL, NULL),
(6, 4, 1, NULL, NULL, NULL, NULL, NULL, NULL),
(7, 5, 1, NULL, NULL, NULL, NULL, NULL, NULL),
(8, 6, 1, NULL, NULL, NULL, NULL, NULL, NULL),
(9, 7, 1, NULL, NULL, NULL, NULL, NULL, NULL),
(10, 8, 1, NULL, NULL, NULL, NULL, NULL, NULL),
(11, 9, 1, NULL, NULL, NULL, NULL, NULL, NULL),
(12, 10, 1, NULL, NULL, NULL, NULL, NULL, NULL),
(13, 11, 1, NULL, NULL, NULL, NULL, NULL, NULL),
(15, 12, 1, NULL, NULL, NULL, NULL, NULL, NULL),
(16, 13, 1, NULL, NULL, NULL, NULL, NULL, NULL),
(17, 14, 1, NULL, NULL, NULL, NULL, NULL, NULL),
(18, 15, 1, NULL, NULL, NULL, NULL, NULL, NULL),
(19, 16, 1, NULL, NULL, NULL, NULL, NULL, NULL),
(20, 17, 1, NULL, NULL, NULL, NULL, NULL, NULL),
(21, 18, 1, NULL, NULL, NULL, NULL, NULL, NULL),
(22, 19, 1, NULL, NULL, NULL, NULL, NULL, NULL),
(23, 20, 1, NULL, NULL, NULL, NULL, NULL, NULL),
(24, 21, 1, NULL, NULL, NULL, NULL, NULL, NULL),
(25, 22, 1, NULL, NULL, NULL, NULL, NULL, NULL),
(26, 23, 1, NULL, NULL, NULL, NULL, NULL, NULL),
(27, 24, 1, NULL, NULL, NULL, NULL, NULL, NULL),
(28, 25, 2, NULL, NULL, NULL, NULL, NULL, NULL),
(29, 26, 2, NULL, NULL, NULL, NULL, NULL, NULL),
(30, 27, 2, NULL, NULL, NULL, NULL, NULL, NULL),
(31, 28, 2, NULL, NULL, NULL, NULL, NULL, NULL),
(32, 29, 2, NULL, NULL, NULL, NULL, NULL, NULL),
(33, 30, 2, NULL, NULL, NULL, NULL, NULL, NULL),
(34, 31, 2, NULL, NULL, NULL, NULL, NULL, NULL),
(35, 32, 2, NULL, NULL, NULL, NULL, NULL, NULL),
(36, 33, 2, NULL, NULL, NULL, NULL, NULL, NULL),
(37, 34, 2, NULL, NULL, NULL, NULL, NULL, NULL),
(38, 35, 2, NULL, NULL, NULL, NULL, NULL, NULL),
(39, 36, 2, NULL, NULL, NULL, NULL, NULL, NULL),
(40, 37, 2, NULL, NULL, NULL, NULL, NULL, NULL),
(41, 38, 2, NULL, NULL, NULL, NULL, NULL, NULL),
(42, 39, 2, NULL, NULL, NULL, NULL, NULL, NULL),
(46, 1, 2, NULL, NULL, NULL, '2017-06-09 00:23:06', '2017-06-09 00:23:06', NULL),
(47, 40, 2, NULL, NULL, NULL, NULL, NULL, NULL),
(48, 41, 2, NULL, NULL, NULL, NULL, NULL, NULL),
(49, 42, 2, NULL, NULL, NULL, NULL, NULL, NULL);

-- --------------------------------------------------------

--
-- Table structure for table `franchise_fee`
--

CREATE TABLE `franchise_fee` (
  `id` int(10) UNSIGNED NOT NULL,
  `branch_id` int(11) NOT NULL,
  `date` date DEFAULT NULL,
  `month` int(11) NOT NULL,
  `year` int(11) NOT NULL,
  `status` tinyint(1) NOT NULL,
  `royalty_percentage` decimal(10,2) NOT NULL,
  `royalty_value` decimal(10,2) NOT NULL,
  `invoice_date` date DEFAULT NULL,
  `invoice_file` varchar(255) COLLATE utf8_unicode_ci NOT NULL,
  `attachment_receipt` varchar(255) COLLATE utf8_unicode_ci DEFAULT NULL,
  `created_by` int(11) DEFAULT NULL,
  `updated_by` int(11) DEFAULT NULL,
  `deleted_by` int(11) DEFAULT NULL,
  `created_at` timestamp NULL DEFAULT NULL,
  `updated_at` timestamp NULL DEFAULT NULL,
  `deleted_at` timestamp NULL DEFAULT NULL
) ENGINE=InnoDB DEFAULT CHARSET=utf8 COLLATE=utf8_unicode_ci;

--
-- Dumping data for table `franchise_fee`
--

INSERT INTO `franchise_fee` (`id`, `branch_id`, `date`, `month`, `year`, `status`, `royalty_percentage`, `royalty_value`, `invoice_date`, `invoice_file`, `attachment_receipt`, `created_by`, `updated_by`, `deleted_by`, `created_at`, `updated_at`, `deleted_at`) VALUES
(1, 1, NULL, 6, 2017, 4, '5.00', '60000.00', NULL, '08-04-54invoice-template.png', '11-07-2017 08-11-36PL IMS.png', 28, NULL, NULL, '2017-06-09 01:04:54', '2017-07-11 01:11:36', NULL),
(2, 1, NULL, 6, 2017, 4, '5.00', '60000.00', NULL, '08-13-07invoice-template.png', '12-07-2017 02-43-47MOM 07 06 2017.txt', 28, NULL, NULL, '2017-06-09 01:13:08', '2017-07-11 19:43:47', NULL);

-- --------------------------------------------------------

--
-- Table structure for table `invoice`
--

CREATE TABLE `invoice` (
  `id` int(10) UNSIGNED NOT NULL,
  `invoice_type_id` int(10) UNSIGNED DEFAULT NULL,
  `invoice_type_name` varchar(255) COLLATE utf8_unicode_ci DEFAULT NULL,
  `invoice_date` date DEFAULT NULL,
  `invoice_period` varchar(255) COLLATE utf8_unicode_ci DEFAULT NULL,
  `month` int(11) DEFAULT NULL,
  `year` int(11) DEFAULT NULL,
  `invoice_desc` varchar(255) COLLATE utf8_unicode_ci DEFAULT NULL,
  `vendor_id` int(10) UNSIGNED DEFAULT NULL,
  `vendor_name` varchar(255) COLLATE utf8_unicode_ci DEFAULT NULL,
  `invoice_total` double DEFAULT NULL,
  `additional_cost` double DEFAULT NULL,
  `add_cost_desc` varchar(255) COLLATE utf8_unicode_ci DEFAULT NULL,
  `invoice_attachment` varchar(255) COLLATE utf8_unicode_ci DEFAULT NULL,
  `attachment_receipt` varchar(255) COLLATE utf8_unicode_ci DEFAULT NULL,
  `invoice_bank` varchar(255) COLLATE utf8_unicode_ci DEFAULT NULL,
  `invoice_rekening` varchar(255) COLLATE utf8_unicode_ci DEFAULT NULL,
  `approved` int(1) DEFAULT NULL,
  `approved_date` date DEFAULT NULL,
  `paid` int(1) DEFAULT NULL,
  `paid_date` date DEFAULT NULL,
  `reference_no` varchar(255) COLLATE utf8_unicode_ci DEFAULT NULL,
  `branch_id` int(10) UNSIGNED NOT NULL,
  `comment` varchar(255) COLLATE utf8_unicode_ci DEFAULT NULL,
  `created_by` int(10) UNSIGNED DEFAULT NULL,
  `updated_by` int(10) UNSIGNED DEFAULT NULL,
  `deleted_by` int(10) UNSIGNED DEFAULT NULL,
  `created_at` timestamp NULL DEFAULT NULL,
  `updated_at` timestamp NULL DEFAULT NULL,
  `deleted_at` timestamp NULL DEFAULT NULL
) ENGINE=InnoDB DEFAULT CHARSET=utf8 COLLATE=utf8_unicode_ci;

--
-- Dumping data for table `invoice`
--

INSERT INTO `invoice` (`id`, `invoice_type_id`, `invoice_type_name`, `invoice_date`, `invoice_period`, `month`, `year`, `invoice_desc`, `vendor_id`, `vendor_name`, `invoice_total`, `additional_cost`, `add_cost_desc`, `invoice_attachment`, `attachment_receipt`, `invoice_bank`, `invoice_rekening`, `approved`, `approved_date`, `paid`, `paid_date`, `reference_no`, `branch_id`, `comment`, `created_by`, `updated_by`, `deleted_by`, `created_at`, `updated_at`, `deleted_at`) VALUES
(1, 4, NULL, '2017-06-04', NULL, 5, 2017, NULL, 5, NULL, 250000, NULL, NULL, '09-06-2017 06-15-31upload file.pdf', NULL, '', '', 1, '2017-06-09', 1, '2017-06-09', '96582236', 1, '', 28, NULL, NULL, '2017-06-08 23:14:46', '2017-06-08 23:27:40', NULL),
(2, 7, NULL, '2017-06-11', NULL, 6, 2017, NULL, 8, NULL, 800000, NULL, NULL, '12-06-2017 05-14-2120170612_120445.jpg', NULL, 'Cash', 'Cash', NULL, NULL, NULL, '0000-00-00', '', 1, '', 28, NULL, NULL, '2017-06-11 22:14:21', '2017-07-04 21:53:50', '2017-07-04 21:53:50'),
(3, 6, NULL, '2017-06-11', NULL, 5, 2017, NULL, 1, NULL, 125000, NULL, NULL, '12-06-2017 08-05-04invoice-template.png', '07-07-2017 08-53-44vendor_item.txt', 'BCA', '6040403131', 1, '2017-07-07', 1, '2017-07-07', '1234555', 1, 'sad', 1, NULL, NULL, '2017-06-12 01:05:04', '2017-07-07 01:53:44', NULL),
(4, 6, NULL, '2017-06-08', NULL, 6, 2017, NULL, 7, NULL, 300000, NULL, NULL, '20-06-2017 08-02-30free-invoice.gif', NULL, '', '', 1, '2017-06-20', 1, '2017-06-20', '3212', 1, '', 1, NULL, NULL, '2017-06-20 01:02:30', '2017-06-20 01:02:52', NULL),
(5, 7, NULL, '2017-07-07', NULL, 3, 2017, NULL, 8, NULL, 23423434, NULL, NULL, '10-07-2017 07-09-452.png', '10-07-2017 07-10-122.png', '324wer', '234234', 1, '2017-07-10', 1, '2017-07-10', 'wer', 1, 'wer', 1, NULL, NULL, '2017-07-10 00:09:45', '2017-07-10 00:10:12', NULL),
(6, 5, NULL, '2017-07-01', NULL, 3, 2017, NULL, NULL, NULL, 21313, NULL, NULL, '11-07-2017 04-35-04PL IMS.pdf', '11-07-2017 05-23-35PL IMS.pdf', 'ewf', 'dsf', 1, '2017-07-11', 1, '2017-07-11', '', 1, '', 1, NULL, NULL, '2017-07-10 21:35:04', '2017-07-10 22:23:35', NULL),
(7, 6, NULL, '2017-07-01', NULL, 5, 2017, NULL, 7, NULL, 23444, NULL, NULL, '11-07-2017 04-42-19import_item_central_test1.ods', '11-07-2017 04-56-02marketing cost.docx', 'werew', 'wer', 1, '2017-07-11', 1, '2017-07-11', 'sdf', 1, 'sdfd', 1, NULL, NULL, '2017-07-10 21:42:19', '2017-07-10 21:56:02', NULL),
(8, 6, NULL, '2017-06-28', NULL, 2, 2017, NULL, 7, NULL, 900000, NULL, NULL, '12-07-2017 01-36-19import_item_central.ods', NULL, '001', 'ii', NULL, NULL, NULL, '2017-07-04', 'gff', 1, 'gfgfgf', 1, NULL, NULL, '2017-07-11 18:36:19', '2017-07-11 18:36:25', '2017-07-11 18:36:25'),
(9, 5, NULL, '2017-06-30', NULL, 3, 2017, NULL, 6, NULL, 100000, 100000, 'Test', '14-07-2017 01-52-50MOM SUMOBOO 31 05 2017.txt', NULL, 'BCA', '0690305437', 1, '2017-07-20', 1, '2017-07-29', 'FDGDGDFG', 1, 'aS', 1, NULL, NULL, '2017-07-13 18:52:50', '2017-07-19 18:56:52', NULL),
(10, 7, NULL, '2017-07-01', NULL, 4, 2017, NULL, 8, NULL, 100000, 200000, 'Test', '20-07-2017 01-55-217222824.txt', NULL, 'Test', '001', 1, '2017-07-20', 1, '2017-07-28', 'test111111', 1, 'TEST', 1, NULL, NULL, '2017-07-19 18:55:21', '2017-07-19 20:24:18', NULL),
(11, 5, NULL, '2017-08-12', NULL, 2, 2017, NULL, 6, NULL, 3432442, 2344, '2344', '16-08-2017 04-06-030019fecacc1ae87154d85efbc3ac2522.jpg', '16-08-2017 04-09-500019fecacc1ae87154d85efbc3ac2522.jpg', 'wewer', 'wer', 1, '2017-08-16', 1, '2017-08-24', 'dfg', 1, '2323424', 1, NULL, NULL, '2017-08-15 21:06:02', '2017-08-15 21:09:50', NULL);

-- --------------------------------------------------------

--
-- Table structure for table `invoice_direct`
--

CREATE TABLE `invoice_direct` (
  `id` int(10) UNSIGNED NOT NULL,
  `invoice_type_id` int(10) UNSIGNED DEFAULT NULL,
  `invoice_type_name` varchar(255) COLLATE utf8_unicode_ci DEFAULT NULL,
  `invoice_date` date DEFAULT NULL,
  `invoice_desc` varchar(255) COLLATE utf8_unicode_ci DEFAULT NULL,
  `vendor_id` int(10) UNSIGNED DEFAULT NULL,
  `vendor_name` varchar(255) COLLATE utf8_unicode_ci DEFAULT NULL,
  `additional_cost` double DEFAULT NULL,
  `add_cost_desc` varchar(255) COLLATE utf8_unicode_ci DEFAULT NULL,
  `invoice_total` double DEFAULT NULL,
  `invoice_attachment` varchar(255) COLLATE utf8_unicode_ci DEFAULT NULL,
  `invoice_receip` varchar(255) COLLATE utf8_unicode_ci DEFAULT NULL,
  `invoice_bank` varchar(255) COLLATE utf8_unicode_ci DEFAULT NULL,
  `invoice_rekening` varchar(255) COLLATE utf8_unicode_ci DEFAULT NULL,
  `approved` int(1) DEFAULT NULL,
  `approved_date` date DEFAULT NULL,
  `paid` int(1) DEFAULT NULL,
  `paid_date` date DEFAULT NULL,
  `reference_no` varchar(255) COLLATE utf8_unicode_ci DEFAULT NULL,
  `branch_id` int(10) UNSIGNED NOT NULL,
  `comment` varchar(255) COLLATE utf8_unicode_ci DEFAULT NULL,
  `created_by` int(10) UNSIGNED DEFAULT NULL,
  `updated_by` int(10) UNSIGNED DEFAULT NULL,
  `deleted_by` int(10) UNSIGNED DEFAULT NULL,
  `created_at` timestamp NULL DEFAULT NULL,
  `updated_at` timestamp NULL DEFAULT NULL,
  `deleted_at` timestamp NULL DEFAULT NULL
) ENGINE=InnoDB DEFAULT CHARSET=utf8 COLLATE=utf8_unicode_ci;

--
-- Dumping data for table `invoice_direct`
--

INSERT INTO `invoice_direct` (`id`, `invoice_type_id`, `invoice_type_name`, `invoice_date`, `invoice_desc`, `vendor_id`, `vendor_name`, `additional_cost`, `add_cost_desc`, `invoice_total`, `invoice_attachment`, `invoice_receip`, `invoice_bank`, `invoice_rekening`, `approved`, `approved_date`, `paid`, `paid_date`, `reference_no`, `branch_id`, `comment`, `created_by`, `updated_by`, `deleted_by`, `created_at`, `updated_at`, `deleted_at`) VALUES
(1, 3, NULL, '2017-05-29', NULL, 2, NULL, NULL, NULL, 399150, '09-06-2017 07-47-41upload file.pdf', '09-06-2017 07-49-25upload file.pdf', 'BCA', '4191384380', 1, '2017-06-09', 1, '2017-06-09', '12333', 1, '', 28, NULL, NULL, '2017-06-09 00:47:41', '2017-06-09 00:49:25', NULL),
(4, 3, NULL, '2017-07-07', NULL, 2, NULL, NULL, NULL, 3, '04-07-2017 06-56-11sumoboo_item_central_template (3).csv', NULL, 'BCA', '4191384380', NULL, NULL, NULL, '2017-07-05', 'wer', 1, 'r', 1, NULL, NULL, '2017-07-03 23:48:26', '2017-07-04 19:00:15', '2017-07-04 19:00:15'),
(5, 4, NULL, '2017-07-14', NULL, 5, NULL, NULL, NULL, 453173, '04-07-2017 06-57-31sumoboo_item_central_template (3).csv', NULL, '45', '45', NULL, NULL, NULL, '2017-07-13', 'asd', 1, 'sad', 1, NULL, NULL, '2017-07-03 23:57:31', '2017-07-04 00:05:34', NULL),
(6, 3, NULL, '2017-06-29', NULL, 1, NULL, NULL, NULL, 285000, '12-07-2017 06-42-04MOM SUMOBOO 31 05 2017.txt', NULL, 'BCA', '6040403131', NULL, NULL, NULL, '2017-07-07', 'aaaaa', 1, 'aaaaa', 1, NULL, NULL, '2017-07-11 23:42:04', '2017-07-11 23:42:04', NULL),
(7, 3, NULL, '2017-07-19', NULL, 2, NULL, NULL, NULL, 385000, '13-07-2017 01-05-093 REPORT YOUNGKY.xlsx', NULL, 'BCA', '4191384380', NULL, NULL, NULL, '2017-07-06', 'er', 1, 'erwe', 1, NULL, NULL, '2017-07-12 18:05:09', '2017-07-12 18:05:09', NULL),
(8, 3, NULL, '2017-06-30', NULL, 2, NULL, NULL, NULL, 2585000, '13-07-2017 01-08-5108-05-2017 01-08-43test.docx', NULL, 'BCA', '4191384380', NULL, NULL, NULL, '2017-06-29', 'abccc', 1, 'abccc', 1, NULL, NULL, '2017-07-12 18:08:51', '2017-07-12 18:08:51', NULL),
(9, 3, NULL, '2017-07-07', NULL, 2, NULL, NULL, NULL, 275000, NULL, NULL, 'BCA', '4191384380', NULL, NULL, NULL, '2017-07-06', 'sad', 1, 'sad', 1, NULL, NULL, '2017-07-12 18:23:54', '2017-07-12 18:23:54', NULL),
(10, 3, NULL, '2017-07-08', NULL, 2, NULL, NULL, NULL, 122210000, NULL, NULL, 'BCA', '4191384380', NULL, NULL, NULL, '2017-06-30', 'sad', 1, 'sad', 1, NULL, NULL, '2017-07-12 18:25:05', '2017-07-12 18:25:05', NULL),
(11, 3, NULL, '2017-07-07', NULL, 2, NULL, NULL, NULL, 89023332, NULL, '18-07-2017 12-37-58MOM SUMOBOO 31 05 2017.txt', 'BCA', '4191384380', 1, '2017-07-18', 1, '2017-07-22', '001Test', 1, 'As', 1, NULL, NULL, '2017-07-12 18:36:33', '2017-07-17 17:37:58', NULL),
(12, 3, NULL, '2017-06-28', NULL, 2, NULL, 200000, 'Test', 2685000, '14-07-2017 02-47-01MOM SUMOBOO 31 05 2017.txt', NULL, 'BCA', '4191384380', 1, '2017-07-14', 1, '2017-07-14', 'ww', 1, 'QWe', 1, NULL, NULL, '2017-07-13 19:47:01', '2017-07-13 19:56:08', NULL),
(13, 3, NULL, '2017-07-05', NULL, 2, NULL, 1000000, 'Test', 1999998, NULL, NULL, 'BCA', '4191384380', 1, '2017-07-18', 1, NULL, NULL, 1, 'Test', 1, NULL, NULL, '2017-07-17 17:19:20', '2017-07-17 17:34:14', NULL),
(14, 3, NULL, '2017-07-14', NULL, 2, NULL, 100000, 'Test', 3579998, NULL, '18-07-2017 12-28-04MOM SUMOBOO 31 05 2017.txt', 'BCA', '4191384380', 1, '2017-07-18', 1, NULL, NULL, 1, '', 1, NULL, NULL, '2017-07-17 17:21:02', '2017-07-17 17:28:04', NULL);

-- --------------------------------------------------------

--
-- Table structure for table `invoice_direct_detail`
--

CREATE TABLE `invoice_direct_detail` (
  `id` int(10) UNSIGNED NOT NULL,
  `invoice_direct_id` int(10) DEFAULT NULL,
  `item_id` int(10) UNSIGNED DEFAULT NULL,
  `item_name` varchar(255) COLLATE utf8_unicode_ci DEFAULT NULL,
  `quantity` int(11) DEFAULT NULL,
  `price` double NOT NULL,
  `uom` varchar(50) COLLATE utf8_unicode_ci DEFAULT NULL,
  `total` int(11) DEFAULT NULL,
  `created_by` int(10) UNSIGNED DEFAULT NULL,
  `updated_by` int(10) UNSIGNED DEFAULT NULL,
  `deleted_by` int(10) UNSIGNED DEFAULT NULL,
  `created_at` timestamp NULL DEFAULT NULL,
  `updated_at` timestamp NULL DEFAULT NULL,
  `deleted_at` timestamp NULL DEFAULT NULL
) ENGINE=InnoDB DEFAULT CHARSET=utf8 COLLATE=utf8_unicode_ci;

--
-- Dumping data for table `invoice_direct_detail`
--

INSERT INTO `invoice_direct_detail` (`id`, `invoice_direct_id`, `item_id`, `item_name`, `quantity`, `price`, `uom`, `total`, `created_by`, `updated_by`, `deleted_by`, `created_at`, `updated_at`, `deleted_at`) VALUES
(1, 1, 324, NULL, 2, 132275, 'KG', 264550, NULL, NULL, NULL, '2017-06-09 00:47:41', '2017-06-09 00:47:41', NULL),
(2, 1, 327, NULL, 1, 134600, 'BOX', 134600, NULL, NULL, NULL, '2017-06-09 00:47:41', '2017-06-09 00:47:41', NULL),
(7, 4, 17, NULL, 3, 1.1, 'Pcs', 3, NULL, NULL, NULL, '2017-07-03 23:56:11', '2017-07-03 23:56:11', NULL),
(14, 5, 325, NULL, 45, 12.22, 'BOX', 550, NULL, NULL, NULL, '2017-07-04 00:05:34', '2017-07-04 00:05:34', NULL),
(15, 5, 311, NULL, 3, 1.1, 'kg', 3, NULL, NULL, NULL, '2017-07-04 00:05:34', '2017-07-04 00:05:34', NULL),
(16, 5, 280, NULL, 3, 17540, 'klg', 52620, NULL, NULL, NULL, '2017-07-04 00:05:34', '2017-07-04 00:05:34', NULL),
(17, 5, 264, NULL, 4, 100000, 'btl', 400000, NULL, NULL, NULL, '2017-07-04 00:05:34', '2017-07-04 00:05:34', NULL),
(18, 6, 6, NULL, 3, 60000, 'Pcs', 180000, NULL, NULL, NULL, '2017-07-11 23:42:04', '2017-07-11 23:42:04', NULL),
(19, 6, 5, NULL, 3, 35000, 'Pcs', 105000, NULL, NULL, NULL, '2017-07-11 23:42:04', '2017-07-11 23:42:04', NULL),
(20, 7, 4, NULL, 3, 55000, 'Pack', 165000, NULL, NULL, NULL, '2017-07-12 18:05:09', '2017-07-12 18:05:09', NULL),
(21, 7, 1, NULL, 4, 55000, 'Pack', 220000, NULL, NULL, NULL, '2017-07-12 18:05:09', '2017-07-12 18:05:09', NULL),
(22, 8, 4, NULL, 3, 55000, 'Pack', 165000, NULL, NULL, NULL, '2017-07-12 18:08:51', '2017-07-12 18:08:51', NULL),
(23, 8, 1, NULL, 44, 55000, 'Pack', 2420000, NULL, NULL, NULL, '2017-07-12 18:08:51', '2017-07-12 18:08:51', NULL),
(24, 9, 4, NULL, 5, 55000, 'Pack', 275000, NULL, NULL, NULL, '2017-07-12 18:23:54', '2017-07-12 18:23:54', NULL),
(25, 10, 4, NULL, 2222, 55000, 'Pack', 122210000, NULL, NULL, NULL, '2017-07-12 18:25:06', '2017-07-12 18:25:06', NULL),
(26, 11, 12, NULL, 2, 666666, 'Carton', 1333332, NULL, NULL, NULL, '2017-07-12 18:36:33', '2017-07-12 18:36:33', NULL),
(27, 11, 15, NULL, 222, 395000, 'Dus', 87690000, NULL, NULL, NULL, '2017-07-12 18:36:33', '2017-07-12 18:36:33', NULL),
(30, 12, 12, NULL, 3, 500000, 'Carton', 1500000, NULL, NULL, NULL, '2017-07-13 19:54:46', '2017-07-13 19:54:46', NULL),
(31, 12, 15, NULL, 3, 395000, 'Dus', 1185000, NULL, NULL, NULL, '2017-07-13 19:54:46', '2017-07-13 19:54:46', NULL),
(32, 13, 12, NULL, 3, 666666, 'Carton', 1999998, NULL, NULL, NULL, '2017-07-17 17:19:20', '2017-07-17 17:19:20', NULL),
(33, 14, 12, NULL, 3, 666666, 'Carton', 1999998, NULL, NULL, NULL, '2017-07-17 17:21:02', '2017-07-17 17:21:02', NULL),
(34, 14, 15, NULL, 4, 395000, 'Dus', 1580000, NULL, NULL, NULL, '2017-07-17 17:21:02', '2017-07-17 17:21:02', NULL);

--
-- Triggers `invoice_direct_detail`
--
DELIMITER $$
CREATE TRIGGER `total_id_insert` AFTER INSERT ON `invoice_direct_detail` FOR EACH ROW BEGIN

IF EXISTS (SELECT id FROM invoice_direct WHERE id IN (NEW.invoice_direct_id)) THEN

UPDATE invoice_direct SET invoice_total= (SELECT IFNULL(SUM(total),0) FROM invoice_direct_detail WHERE invoice_direct_id IN (NEW.invoice_direct_id)
AND invoice_direct_detail.invoice_direct_id=invoice_direct.id)  WHERE invoice_direct.id IN (NEW.invoice_direct_id);


END IF;

END
$$
DELIMITER ;
DELIMITER $$
CREATE TRIGGER `total_id_update` AFTER UPDATE ON `invoice_direct_detail` FOR EACH ROW BEGIN

IF EXISTS (SELECT id FROM invoice_direct WHERE id IN (NEW.invoice_direct_id)) THEN

UPDATE invoice_direct SET invoice_total= (SELECT IFNULL(SUM(total),0) FROM invoice_direct_detail WHERE invoice_direct_id IN (NEW.invoice_direct_id)
AND invoice_direct_detail.invoice_direct_id=invoice_direct.id)  WHERE invoice_direct.id IN (NEW.invoice_direct_id);

END IF;

END
$$
DELIMITER ;

-- --------------------------------------------------------

--
-- Table structure for table `invoice_type`
--

CREATE TABLE `invoice_type` (
  `id` int(10) UNSIGNED NOT NULL,
  `inv_type_name` varchar(255) COLLATE utf8_unicode_ci NOT NULL,
  `inv_type_desc` varchar(255) COLLATE utf8_unicode_ci NOT NULL,
  `item_category_id` int(10) UNSIGNED NOT NULL,
  `created_by` int(10) UNSIGNED DEFAULT NULL,
  `updated_by` int(10) UNSIGNED DEFAULT NULL,
  `deleted_by` int(10) UNSIGNED DEFAULT NULL,
  `created_at` timestamp NULL DEFAULT NULL,
  `updated_at` timestamp NULL DEFAULT NULL,
  `deleted_at` timestamp NULL DEFAULT NULL
) ENGINE=InnoDB DEFAULT CHARSET=utf8 COLLATE=utf8_unicode_ci;

--
-- Dumping data for table `invoice_type`
--

INSERT INTO `invoice_type` (`id`, `inv_type_name`, `inv_type_desc`, `item_category_id`, `created_by`, `updated_by`, `deleted_by`, `created_at`, `updated_at`, `deleted_at`) VALUES
(3, 'Consummable', 'Consummable', 1, NULL, NULL, NULL, NULL, NULL, NULL),
(4, 'Listrik', 'Listrik', 4, NULL, NULL, NULL, NULL, NULL, NULL),
(5, 'Catring', 'Catring', 4, NULL, NULL, NULL, NULL, NULL, NULL),
(6, 'Air', 'Air', 4, NULL, NULL, NULL, NULL, NULL, NULL),
(7, 'Kost', 'Kost', 4, NULL, NULL, NULL, NULL, NULL, NULL),
(8, 'IPL', 'IPL', 4, NULL, NULL, NULL, NULL, NULL, NULL),
(9, 'Satpam', 'Satpam', 4, NULL, NULL, NULL, NULL, NULL, NULL),
(10, 'Internet', 'Internet', 4, NULL, NULL, NULL, NULL, NULL, NULL),
(11, 'Lain-lain', 'Lain-lain', 4, NULL, NULL, NULL, NULL, NULL, NULL);

-- --------------------------------------------------------

--
-- Table structure for table `item`
--

CREATE TABLE `item` (
  `id` int(10) UNSIGNED NOT NULL,
  `item_name` varchar(255) COLLATE utf8_unicode_ci NOT NULL,
  `item_desc` varchar(255) COLLATE utf8_unicode_ci NOT NULL,
  `item_category_id` int(10) UNSIGNED NOT NULL,
  `price` double DEFAULT NULL,
  `uom` varchar(50) COLLATE utf8_unicode_ci DEFAULT NULL,
  `seq_no` int(11) DEFAULT NULL,
  `created_by` int(10) UNSIGNED DEFAULT NULL,
  `updated_by` int(10) UNSIGNED DEFAULT NULL,
  `deleted_by` int(10) UNSIGNED DEFAULT NULL,
  `created_at` timestamp NULL DEFAULT NULL,
  `updated_at` timestamp NULL DEFAULT NULL,
  `deleted_at` timestamp NULL DEFAULT NULL
) ENGINE=InnoDB DEFAULT CHARSET=utf8 COLLATE=utf8_unicode_ci;

--
-- Dumping data for table `item`
--

INSERT INTO `item` (`id`, `item_name`, `item_desc`, `item_category_id`, `price`, `uom`, `seq_no`, `created_by`, `updated_by`, `deleted_by`, `created_at`, `updated_at`, `deleted_at`) VALUES
(2, 'Bangku Stole', 'Bangku Stole', 1, 395000, 'Pcs', 127, NULL, NULL, NULL, NULL, NULL, NULL),
(3, 'Botol Squezer (Saus)', 'Botol Squezer (Saus)', 1, 15000, 'Pcs', 128, NULL, NULL, NULL, NULL, NULL, NULL),
(4, 'Box Take Away Hot Dog @50 pcs', 'Box Take Away Hot Dog @50 pcs', 1, 55000, 'Pack', 129, NULL, NULL, NULL, NULL, NULL, NULL),
(5, 'Box Tupperware uk 10', 'Box Tupperware uk 10', 1, 35000, 'Pcs', 130, NULL, NULL, NULL, NULL, NULL, NULL),
(6, 'Box Tupperware uk 20', 'Box Tupperware uk 20', 1, 60000, 'Pcs', 131, NULL, NULL, NULL, NULL, NULL, NULL),
(7, 'Buku Internal Requestion Sumoboo', 'Buku Internal Requestion Sumoboo', 1, 11000, 'Pcs', 132, NULL, NULL, NULL, NULL, NULL, NULL),
(8, 'Cetakan Es Serut', 'Cetakan Es Serut', 1, 15000, 'Pcs', 133, NULL, NULL, NULL, NULL, NULL, NULL),
(9, 'Cup Sumoboo 16 oz (20 pack @50 pcs)', 'Cup Sumoboo 16 oz (20 pack @50 pcs)', 1, 1150000, 'Carton', 134, NULL, NULL, NULL, NULL, NULL, NULL),
(10, 'Cup Sumoboo 5 oz  (20 pack @50 pcs)', 'Cup Sumoboo 5 oz  (20 pack @50 pcs)', 1, 600000, 'Carton', 135, NULL, NULL, NULL, NULL, NULL, NULL),
(11, 'Cup Sumoboo 800 ml (20 pack @50 pcs)', 'Cup Sumoboo 800 ml (20 pack @50 pcs)', 1, 1250000, 'Carton', 136, NULL, NULL, NULL, NULL, NULL, NULL),
(12, 'Cup Creamer Take Away (40 pack @50 pcs)', 'Cup Creamer Take Away (40 pack @50 pcs)', 1, 666666, 'Carton', 137, NULL, NULL, NULL, NULL, NULL, NULL),
(13, 'Garpu Stainlist', 'Garpu Stainlist', 1, 60000, 'Lusin', 138, NULL, NULL, NULL, NULL, NULL, NULL),
(14, 'Garpu Take Away Kuning (25 pack @100 pcs)', 'Garpu Take Away Kuning (25 pack @100 pcs)', 1, 425000, 'Carton', 139, NULL, NULL, NULL, NULL, NULL, NULL),
(15, 'Gas Hi Cook @28 kaleng', 'Gas Hi Cook @28 kaleng', 1, 395000, 'Dus', 140, NULL, NULL, NULL, NULL, NULL, NULL),
(16, 'Jaket Cone Sumoboo @200 pcs', 'Jaket Cone Sumoboo @200 pcs', 1, 270000, 'Pack', 141, NULL, NULL, NULL, NULL, NULL, NULL),
(17, 'Kepala Gas Hii Cook', 'Kepala Gas Hii Cook', 1, 120000, 'Pcs', 142, NULL, NULL, NULL, NULL, NULL, NULL),
(18, 'Kertas Minyak Sumoboo @1000 pcs', 'Kertas Minyak Sumoboo @1000 pcs', 1, 100000, 'Pack', 143, NULL, NULL, NULL, NULL, NULL, NULL),
(19, 'Kertas Take Away Sumoboo @2000 pcs', 'Kertas Take Away Sumoboo @2000 pcs', 1, 2200000, 'Carton', 144, NULL, NULL, NULL, NULL, NULL, NULL),
(20, 'Klakat Nutella Bun', 'Klakat Nutella Bun', 1, 20000, 'Pcs', 145, NULL, NULL, NULL, NULL, NULL, NULL),
(21, 'Kotak Tissue Sumoboo', 'Kotak Tissue Sumoboo', 1, 175000, 'Pcs', 146, NULL, NULL, NULL, NULL, NULL, NULL),
(22, 'Kursi Jari-jari Sumoboo', 'Kursi Jari-jari Sumoboo', 1, 1100000, 'Pcs', 147, NULL, NULL, NULL, NULL, NULL, NULL),
(23, 'Leadle uk 10', 'Leadle uk 10', 1, 70000, 'Pcs', 148, NULL, NULL, NULL, NULL, NULL, NULL),
(24, 'Leadle uk 15', 'Leadle uk 15', 1, 75000, 'Pcs', 149, NULL, NULL, NULL, NULL, NULL, NULL),
(25, 'Lid cup 5 oz (20 pack @50 pcs)', 'Lid cup 5 oz (20 pack @50 pcs)', 1, 250000, 'Carton', 150, NULL, NULL, NULL, NULL, NULL, NULL),
(26, 'Lid cup 800 ml (10 pack @50 pcs)', 'Lid cup 800 ml (10 pack @50 pcs)', 1, 250000, 'Carton', 151, NULL, NULL, NULL, NULL, NULL, NULL),
(27, 'Lid Cup Creamer Take Away (40 pack @50 pcs)', 'Lid Cup Creamer Take Away (40 pack @50 pcs)', 1, NULL, 'Carton', 152, NULL, NULL, NULL, NULL, NULL, NULL),
(28, 'Lid Roll Sumoboo', 'Lid Roll Sumoboo', 1, 300000, 'Roll', 153, NULL, NULL, NULL, NULL, NULL, NULL),
(29, 'Long Spoon', 'Long Spoon', 1, 70000, 'Lusin', 154, NULL, NULL, NULL, NULL, NULL, NULL),
(30, 'Meja Bulat Sumoboo', 'Meja Bulat Sumoboo', 1, 1600000, 'Pcs', 155, NULL, NULL, NULL, NULL, NULL, NULL),
(31, 'Meja Kotak Sumoboo', 'Meja Kotak Sumoboo', 1, 1100000, 'Pcs', 156, NULL, NULL, NULL, NULL, NULL, NULL),
(32, 'MRD Akrilik', 'MRD Akrilik', 1, 9000, 'Pcs', 157, NULL, NULL, NULL, NULL, NULL, NULL),
(33, 'Otani Paper Print @100 roll', 'Otani Paper Print @100 roll', 1, 710000, 'Carton', 158, NULL, NULL, NULL, NULL, NULL, NULL),
(34, 'Pisau Hijau', 'Pisau Hijau', 1, 60000, 'Pcs', 159, NULL, NULL, NULL, NULL, NULL, NULL),
(35, 'Pisau Merah', 'Pisau Merah', 1, 53000, 'Pcs', 160, NULL, NULL, NULL, NULL, NULL, NULL),
(36, 'Pisau Putih', 'Pisau Putih', 1, 53000, 'Pcs', 161, NULL, NULL, NULL, NULL, NULL, NULL),
(37, 'Pisau Take Away Kuning @ 100pcs', 'Pisau Take Away Kuning @ 100pcs', 1, 20000, 'Pcs', 162, NULL, NULL, NULL, NULL, NULL, NULL),
(38, 'Plastik Klip', 'Plastik Klip', 1, NULL, 'Pack', 163, NULL, NULL, NULL, NULL, NULL, NULL),
(39, 'Plastik Loco uk 17', 'Plastik Loco uk 17', 1, 16000, 'Pack', 164, NULL, NULL, NULL, NULL, NULL, NULL),
(40, 'Plastik Loco uk 24', 'Plastik Loco uk 24', 1, 16000, 'Pack', 165, NULL, NULL, NULL, NULL, NULL, NULL),
(41, 'Plastik Merah Jumbo', 'Plastik Merah Jumbo', 1, 23500, 'Pack', 166, NULL, NULL, NULL, NULL, NULL, NULL),
(42, 'Plastik Sampah 60x100 @ 10 Pcs', 'Plastik Sampah 60x100 @ 10 Pcs', 1, 13000, 'Pack', 167, NULL, NULL, NULL, NULL, NULL, NULL),
(43, 'Plastik Sampah 90x120 @ 8 Pcs', 'Plastik Sampah 90x120 @ 8 Pcs', 1, 13000, 'Pack', 168, NULL, NULL, NULL, NULL, NULL, NULL),
(44, 'Plastik Wrap ', 'Plastik Wrap ', 1, 145000, 'Roll', 169, NULL, NULL, NULL, NULL, NULL, NULL),
(45, 'Sarung Sumpit Sumoboo @1000 pcs', 'Sarung Sumpit Sumoboo @1000 pcs', 1, 100000, 'Pack', 170, NULL, NULL, NULL, NULL, NULL, NULL),
(46, 'Scoop Es Krim ', 'Scoop Es Krim ', 1, 200000, 'Pcs', 171, NULL, NULL, NULL, NULL, NULL, NULL),
(47, 'Sedotan Bubble Kuning (25 pack @200 pcs)', 'Sedotan Bubble Kuning (25 pack @200 pcs)', 1, 70000, 'Carton', 172, NULL, NULL, NULL, NULL, NULL, NULL),
(48, 'Sedotan Bengkok Putih ', 'Sedotan Bengkok Putih ', 1, 21500, 'Pack', 173, NULL, NULL, NULL, NULL, NULL, NULL),
(49, 'Sendok Stainlist', 'Sendok Stainlist', 1, 60000, 'Lusin', 174, NULL, NULL, NULL, NULL, NULL, NULL),
(50, 'Sendok Kuning Take Away (25 pack @100 pcs)', 'Sendok Kuning Take Away (25 pack @100 pcs)', 1, 400000, 'Carton', 175, NULL, NULL, NULL, NULL, NULL, NULL),
(51, 'Sendok TSP', 'Sendok TSP', 1, 70000, 'Set', 176, NULL, NULL, NULL, NULL, NULL, NULL),
(52, 'Sensi Glove Karet @10 pack', 'Sensi Glove Karet @10 pack', 1, 430000, 'Carton', 177, NULL, NULL, NULL, NULL, NULL, NULL),
(53, 'Shaker', 'Shaker', 1, 85000, 'Pcs', 178, NULL, NULL, NULL, NULL, NULL, NULL),
(54, 'Sumpit Hitam Melamin @10 pasang', 'Sumpit Hitam Melamin @10 pasang', 1, 20000, 'Pack', 179, NULL, NULL, NULL, NULL, NULL, NULL),
(55, 'Sumpit Take Away Hitam @100 pcs', 'Sumpit Take Away Hitam @100 pcs', 1, 18000, 'Pack', 180, NULL, NULL, NULL, NULL, NULL, NULL),
(56, 'Sun Flower uk 25', 'Sun Flower uk 25', 1, 448000, 'Pcs', 181, NULL, NULL, NULL, NULL, NULL, NULL),
(57, 'Sun Flower uk 30', 'Sun Flower uk 30', 1, 476000, 'Pcs', 182, NULL, NULL, NULL, NULL, NULL, NULL),
(58, 'Sun Flower uk 35', 'Sun Flower uk 35', 1, 566000, 'Pcs', 183, NULL, NULL, NULL, NULL, NULL, NULL),
(59, 'Talenan Hijau', 'Talenan Hijau', 1, 70000, 'Pcs', 184, NULL, NULL, NULL, NULL, NULL, NULL),
(60, 'Talenan Merah', 'Talenan Merah', 1, 70000, 'Pcs', 185, NULL, NULL, NULL, NULL, NULL, NULL),
(61, 'Talenan Putih', 'Talenan Putih', 1, 70000, 'Pcs', 186, NULL, NULL, NULL, NULL, NULL, NULL),
(62, 'Termall Paper Print @ 10 Roll', 'Termall Paper Print @ 10 Roll', 1, 160000, 'Pack', 187, NULL, NULL, NULL, NULL, NULL, NULL),
(63, 'Timer ', 'Timer ', 1, 70000, 'Pcs', 188, NULL, NULL, NULL, NULL, NULL, NULL),
(64, 'Tupperware Besar', 'Tupperware Besar', 1, 21000, 'Lusin', 189, NULL, NULL, NULL, NULL, NULL, NULL),
(65, 'Tupperware Kecil', 'Tupperware Kecil', 1, 8000, 'Lusin', 190, NULL, NULL, NULL, NULL, NULL, NULL),
(66, 'Tusuk Gigi', 'Tusuk Gigi', 1, 20000, 'Pack', 191, NULL, NULL, NULL, NULL, NULL, NULL),
(67, 'Tusuk Sate', 'Tusuk Sate', 1, 13000, 'Pack', 192, NULL, NULL, NULL, NULL, NULL, NULL),
(68, 'Tutup Klakat Nutella Bun', 'Tutup Klakat Nutella Bun', 1, 20000, 'Pcs', 193, NULL, NULL, NULL, NULL, NULL, NULL),
(69, 'Bantal Biru Sumoboo', 'Bantal Biru Sumoboo', 1, 175000, 'Pcs', 194, NULL, NULL, NULL, NULL, NULL, NULL),
(70, 'Bantal Kuning Sumoboo', 'Bantal Kuning Sumoboo', 1, 150000, 'Pcs', 195, NULL, NULL, NULL, NULL, NULL, NULL),
(71, 'Bantal Tidur', 'Bantal Tidur', 1, 25000, 'Pcs', 196, NULL, NULL, NULL, NULL, NULL, NULL),
(72, 'Buku Menu Halal 2016', 'Buku Menu Halal 2016', 1, 680000, 'Pcs', 197, NULL, NULL, NULL, NULL, NULL, NULL),
(73, 'Buku Menu Non Halal 2016', 'Buku Menu Non Halal 2016', 1, 720000, 'Pcs', 198, NULL, NULL, NULL, NULL, NULL, NULL),
(74, 'Buth Tab Sumoboo', 'Buth Tab Sumoboo', 1, 130000, 'Pcs', 199, NULL, NULL, NULL, NULL, NULL, NULL),
(75, 'Celana Sumoboo Pria Size (L)', 'Celana Sumoboo Pria Size (L)', 1, 120000, 'Pcs', 200, NULL, NULL, NULL, NULL, NULL, NULL),
(76, 'Celana Sumoboo Pria Size (M)', 'Celana Sumoboo Pria Size (M)', 1, 120000, 'Pcs', 201, NULL, NULL, NULL, NULL, NULL, NULL),
(77, 'Celana Sumoboo Pria Size (S)', 'Celana Sumoboo Pria Size (S)', 1, 120000, 'Pcs', 202, NULL, NULL, NULL, NULL, NULL, NULL),
(78, 'Celana Sumoboo Wanita Size (L)', 'Celana Sumoboo Wanita Size (L)', 1, 120000, 'Pcs', 203, NULL, NULL, NULL, NULL, NULL, NULL),
(79, 'Celana Sumoboo Wanita Size (M)', 'Celana Sumoboo Wanita Size (M)', 1, 120000, 'Pcs', 204, NULL, NULL, NULL, NULL, NULL, NULL),
(80, 'Celana Sumoboo Wanita Size (S)', 'Celana Sumoboo Wanita Size (S)', 1, 120000, 'Pcs', 205, NULL, NULL, NULL, NULL, NULL, NULL),
(81, 'Celemek Sumoboo Tali 2 ', 'Celemek Sumoboo Tali 2 ', 1, 83000, 'Pcs', 206, NULL, NULL, NULL, NULL, NULL, NULL),
(82, 'Celemek Sumoboo Tali 4 ', 'Celemek Sumoboo Tali 4 ', 1, 85000, 'Pcs', 207, NULL, NULL, NULL, NULL, NULL, NULL),
(83, 'Cup Creamer Yellow Sumoboo', 'Cup Creamer Yellow Sumoboo', 1, 17500, 'Pcs', 208, NULL, NULL, NULL, NULL, NULL, NULL),
(84, 'Gelas Boo Kakigori', 'Gelas Boo Kakigori', 1, 185000, 'Pcs', 209, NULL, NULL, NULL, NULL, NULL, NULL),
(85, 'Gelas Latte 15240 Kecil', 'Gelas Latte 15240 Kecil', 1, 23000, 'Lusin', 210, NULL, NULL, NULL, NULL, NULL, NULL),
(86, 'Gelas Latte 15244 Besar', 'Gelas Latte 15244 Besar', 1, 25000, 'Lusin', 211, NULL, NULL, NULL, NULL, NULL, NULL),
(87, 'Gelas Perfait Pendek', 'Gelas Perfait Pendek', 1, 100000, 'Pcs', 212, NULL, NULL, NULL, NULL, NULL, NULL),
(88, 'Kaos Sumoboo Hitam Size (L)', 'Kaos Sumoboo Hitam Size (L)', 1, 45000, 'Pcs', 213, NULL, NULL, NULL, NULL, NULL, NULL),
(89, 'Kaos Sumoboo Hitam Size (M)', 'Kaos Sumoboo Hitam Size (M)', 1, 45000, 'Pcs', 214, NULL, NULL, NULL, NULL, NULL, NULL),
(90, 'Kaos Sumoboo Hitam Size (S)', 'Kaos Sumoboo Hitam Size (S)', 1, 45000, 'Pcs', 215, NULL, NULL, NULL, NULL, NULL, NULL),
(91, 'Kaos Sumoboo Training  Size (L)', 'Kaos Sumoboo Training  Size (L)', 1, 45000, 'Pcs', 216, NULL, NULL, NULL, NULL, NULL, NULL),
(92, 'Kaos Sumoboo Training  Size (M)', 'Kaos Sumoboo Training  Size (M)', 1, 45000, 'Pcs', 217, NULL, NULL, NULL, NULL, NULL, NULL),
(93, 'Kaos Sumoboo Training  Size (S)', 'Kaos Sumoboo Training  Size (S)', 1, 45000, 'Pcs', 218, NULL, NULL, NULL, NULL, NULL, NULL),
(94, 'Kasur Lantai', 'Kasur Lantai', 1, 200000, 'Pcs', 219, NULL, NULL, NULL, NULL, NULL, NULL),
(96, 'Kemeja Sumoboo Leader Cowok  Size (L)', 'Kemeja Sumoboo Leader Cowok  Size (L)', 1, 100000, 'Pcs', 220, NULL, NULL, NULL, NULL, NULL, NULL),
(97, 'Kemeja Sumoboo Leader Cowok  Size (M)', 'Kemeja Sumoboo Leader Cowok  Size (M)', 1, 100000, 'Pcs', 221, NULL, NULL, NULL, NULL, NULL, NULL),
(98, 'Kemeja Sumoboo Leader Cowok  Size (S)', 'Kemeja Sumoboo Leader Cowok  Size (S)', 1, 100000, 'Pcs', 222, NULL, NULL, NULL, NULL, NULL, NULL),
(99, 'Kemeja Panjang Sumoboo  Cewek Size (L)', 'Kemeja Panjang Sumoboo  Cewek Size (L)', 1, 95000, 'Pcs', 223, NULL, NULL, NULL, NULL, NULL, NULL),
(100, 'Kemeja Panjang Sumoboo  Cewek Size (M)', 'Kemeja Panjang Sumoboo  Cewek Size (M)', 1, 95000, 'Pcs', 224, NULL, NULL, NULL, NULL, NULL, NULL),
(101, 'Kemeja Panjang Sumoboo  Cewek Size (S)', 'Kemeja Panjang Sumoboo  Cewek Size (S)', 1, 95000, 'Pcs', 225, NULL, NULL, NULL, NULL, NULL, NULL),
(102, 'Kemeja Panjang Sumoboo  Cowok Size (L)', 'Kemeja Panjang Sumoboo  Cowok Size (L)', 1, 95000, 'Pcs', 226, NULL, NULL, NULL, NULL, NULL, NULL),
(103, 'Kemeja Panjang Sumoboo  Cowok Size (M)', 'Kemeja Panjang Sumoboo  Cowok Size (M)', 1, 95000, 'Pcs', 227, NULL, NULL, NULL, NULL, NULL, NULL),
(104, 'Kemeja Panjang Sumoboo  Cowok Size (S)', 'Kemeja Panjang Sumoboo  Cowok Size (S)', 1, 95000, 'Pcs', 228, NULL, NULL, NULL, NULL, NULL, NULL),
(105, 'MangkokSumoboo Kakigori', 'MangkokSumoboo Kakigori', 1, NULL, 'Pcs', 229, NULL, NULL, NULL, NULL, NULL, NULL),
(106, 'Mangkok Sumoboo Kerucut Kuning Besar', 'Mangkok Sumoboo Kerucut Kuning Besar', 1, 75000, 'Pcs', 230, NULL, NULL, NULL, NULL, NULL, NULL),
(107, 'Mangkok Sumoboo Kerucut Kuning Kecil', 'Mangkok Sumoboo Kerucut Kuning Kecil', 1, 58000, 'Pcs', 231, NULL, NULL, NULL, NULL, NULL, NULL),
(108, 'Piring Pasta', 'Piring Pasta', 1, 140000, 'Pcs', 232, NULL, NULL, NULL, NULL, NULL, NULL),
(109, 'Piring Toping Sumoboo', 'Piring Toping Sumoboo', 1, 17500, 'Pcs', 233, NULL, NULL, NULL, NULL, NULL, NULL),
(110, 'Sarung Bantal Bulat Sumoboo', 'Sarung Bantal Bulat Sumoboo', 1, 60000, 'Pcs', 234, NULL, NULL, NULL, NULL, NULL, NULL),
(111, 'Sendok Biru Sumoboo', 'Sendok Biru Sumoboo', 1, 15000, 'Pcs', 235, NULL, NULL, NULL, NULL, NULL, NULL),
(112, 'Sendok Kuning Sumoboo', 'Sendok Kuning Sumoboo', 1, 15000, 'Pcs', 236, NULL, NULL, NULL, NULL, NULL, NULL),
(113, 'Sendok Pink Sumoboo', 'Sendok Pink Sumoboo', 1, 15000, 'Pcs', 237, NULL, NULL, NULL, NULL, NULL, NULL),
(114, 'Slayer Sumoboo Kuning', 'Slayer Sumoboo Kuning', 1, 22000, 'Pcs', 238, NULL, NULL, NULL, NULL, NULL, NULL),
(115, 'Tatakan Sumoboo Gelas Awan', 'Tatakan Sumoboo Gelas Awan', 1, 17000, 'Pcs', 239, NULL, NULL, NULL, NULL, NULL, NULL),
(116, 'Tatakan  Sumoboo Kayu Dessert', 'Tatakan  Sumoboo Kayu Dessert', 1, 100000, 'Pcs', 240, NULL, NULL, NULL, NULL, NULL, NULL),
(117, 'Timbangan Acis Series AW 1500 gr', 'Timbangan Acis Series AW 1500 gr', 1, 1050000, 'Unit', 241, NULL, NULL, NULL, NULL, NULL, NULL),
(118, 'Coklat Base 1 kg (Artisan Dark Chocolate Cocoa)', 'Coklat Base 1 kg (Artisan Dark Chocolate Cocoa)', 2, 145000, 'Pack', 1, NULL, NULL, NULL, NULL, NULL, NULL),
(120, 'Grass Jelly 1 kg (New Grass Herb)', 'Grass Jelly 1 kg (New Grass Herb)', 2, 230000, 'Pack', 2, NULL, NULL, NULL, NULL, NULL, NULL),
(121, 'Macha P 500 gr (Green Tea Powder)', 'Macha P 500 gr (Green Tea Powder)', 2, 315000, 'Pack', 3, NULL, NULL, NULL, NULL, NULL, NULL),
(122, 'Macha Powder 680 gr (Japanese Green Tea)', 'Macha Powder 680 gr (Japanese Green Tea)', 2, 176000, 'Pack', 4, NULL, NULL, NULL, NULL, NULL, NULL),
(123, 'Macha Puding 1 kg ', 'Macha Puding 1 kg ', 2, 230000, 'Pack', 5, NULL, NULL, NULL, NULL, NULL, NULL),
(124, 'Milk Puding 1 kg ', 'Milk Puding 1 kg ', 2, 193000, 'Pack', 6, NULL, NULL, NULL, NULL, NULL, NULL),
(125, 'Puding Powder 1 kg (Egg Pudding)', 'Puding Powder 1 kg (Egg Pudding)', 2, 193000, 'Pack', 7, NULL, NULL, NULL, NULL, NULL, NULL),
(126, 'Taro Mix 1 kg', 'Taro Mix 1 kg', 2, NULL, 'Pack', 8, NULL, NULL, NULL, NULL, NULL, NULL),
(127, 'Taro Puding 1 kg', 'Taro Puding 1 kg', 2, 172500, 'Pack', 9, NULL, NULL, NULL, NULL, NULL, NULL),
(128, 'Vanilla Base 1 kg (KAT Vanila Non Dairy)', 'Vanilla Base 1 kg (KAT Vanila Non Dairy)', 2, 145000, 'Pack', 10, NULL, NULL, NULL, NULL, NULL, NULL),
(129, 'Monin Pure Kiwi 1000 ml (Kiwi Mix)', 'Monin Pure Kiwi 1000 ml (Kiwi Mix)', 2, 210000, 'Botol', 11, NULL, NULL, NULL, NULL, NULL, NULL),
(130, 'Monin Caramel Syrup 700 ml', 'Monin Caramel Syrup 700 ml', 2, 121000, 'Botol', 12, NULL, NULL, NULL, NULL, NULL, NULL),
(131, 'Monin Hazelnut Syrup 700 ml', 'Monin Hazelnut Syrup 700 ml', 2, 121000, 'Botol', 13, NULL, NULL, NULL, NULL, NULL, NULL),
(132, 'Monin Lemon Syrup 700 ml', 'Monin Lemon Syrup 700 ml', 2, 121000, 'Botol', 14, NULL, NULL, NULL, NULL, NULL, NULL),
(134, 'Monin Lychee Syrup 700 ml', 'Monin Lychee Syrup 700 ml', 2, 121000, 'Botol', 15, NULL, NULL, NULL, NULL, NULL, NULL),
(135, 'Monin Manggo Syrup 700 ml', 'Monin Manggo Syrup 700 ml', 2, 121000, 'Botol', 16, NULL, NULL, NULL, NULL, NULL, NULL),
(136, 'Monin Passion Syrup 700 ml', 'Monin Passion Syrup 700 ml', 2, 121000, 'Botol', 17, NULL, NULL, NULL, NULL, NULL, NULL),
(137, 'Monin Peach Syrup 700 ml', 'Monin Peach Syrup 700 ml', 2, 121000, 'Botol', 18, NULL, NULL, NULL, NULL, NULL, NULL),
(138, 'Monin Pink Grape Fruit Syrup 700 ml', 'Monin Pink Grape Fruit Syrup 700 ml', 2, 121000, 'Botol', 19, NULL, NULL, NULL, NULL, NULL, NULL),
(139, 'Monin Strawberry Syrup 700 ml', 'Monin Strawberry Syrup 700 ml', 2, 121000, 'Botol', 20, NULL, NULL, NULL, NULL, NULL, NULL),
(140, 'Monin Sweet & Sour Syrup 1000 ml', 'Monin Sweet & Sour Syrup 1000 ml', 2, 121000, 'Botol', 21, NULL, NULL, NULL, NULL, NULL, NULL),
(141, 'Monin Pure Yuzu Syrup 1000 ml', 'Monin Pure Yuzu Syrup 1000 ml', 2, 265100, 'Botol', 22, NULL, NULL, NULL, NULL, NULL, NULL),
(142, 'New Kiwi Fruit Juice Conc With Pulp 2.5 Kg ', 'New Kiwi Fruit Juice Conc With Pulp 2.5 Kg ', 2, 183500, 'Botol', 23, NULL, NULL, NULL, NULL, NULL, NULL),
(143, 'New Peach Fruit Juice Conc With Pulp 2.5 Kg ', 'New Peach Fruit Juice Conc With Pulp 2.5 Kg ', 2, 183500, 'Botol', 24, NULL, NULL, NULL, NULL, NULL, NULL),
(144, 'Kiwi Juice Concentrate 2,5 ltr', 'Kiwi Juice Concentrate 2,5 ltr', 2, 183500, 'Drigen', 25, NULL, NULL, NULL, NULL, NULL, NULL),
(145, 'Lychee Concentrate 2,5 ltr', 'Lychee Concentrate 2,5 ltr', 2, 183500, 'Drigen', 26, NULL, NULL, NULL, NULL, NULL, NULL),
(146, 'Peach Juice Concentrate 2,5 ltr', 'Peach Juice Concentrate 2,5 ltr', 2, 183500, 'Drigen', 27, NULL, NULL, NULL, NULL, NULL, NULL),
(147, 'Jasmine Green Tea 600 gr', 'Jasmine Green Tea 600 gr', 2, 182000, 'Pack', 28, NULL, NULL, NULL, NULL, NULL, NULL),
(148, 'Oolong Tea 600 gr', 'Oolong Tea 600 gr', 2, 259000, 'Pack', 29, NULL, NULL, NULL, NULL, NULL, NULL),
(149, 'Asam Black Tea 600 gr', 'Asam Black Tea 600 gr', 2, 120000, 'Pack', 30, NULL, NULL, NULL, NULL, NULL, NULL),
(150, 'Baking Powder 1 kg', 'Baking Powder 1 kg', 2, 50000, 'Pack', 31, NULL, NULL, NULL, NULL, NULL, NULL),
(151, 'Tepung Kana (10 pack @1kg)', 'Tepung Kana (10 pack @1kg)', 2, 250000, 'Carton', 32, NULL, NULL, NULL, NULL, NULL, NULL),
(152, 'Tepung Segitiga Biru ', 'Tepung Segitiga Biru ', 2, 10000, 'Kg', 33, NULL, NULL, NULL, NULL, NULL, NULL),
(153, 'Sagu Tani @ 10 Pack', 'Sagu Tani @ 10 Pack', 2, 120000, 'Dus', 34, NULL, NULL, NULL, NULL, NULL, NULL),
(154, 'Creamer 1 kg', 'Creamer 1 kg', 2, 55000, 'Pack', 35, NULL, NULL, NULL, NULL, NULL, NULL),
(155, 'Tepung Mochi Kecil 500 gr', 'Tepung Mochi Kecil 500 gr', 2, NULL, 'Pack', 36, NULL, NULL, NULL, NULL, NULL, NULL),
(156, 'Tepung Mochi Besar 500 gr @ 20 Pack', 'Tepung Mochi Besar 500 gr @ 20 Pack', 2, 19500, 'Pack', 37, NULL, NULL, NULL, NULL, NULL, NULL),
(157, 'Gula Bomball 500 Gram (Franchise)', 'Gula Bomball 500 Gram (Franchise)', 2, 15000, 'Pack', 38, NULL, NULL, NULL, NULL, NULL, NULL),
(158, 'Tepung Bomball 500 Gram (Franchise)', 'Tepung Bomball 500 Gram (Franchise)', 2, 6000, 'Pack', 39, NULL, NULL, NULL, NULL, NULL, NULL),
(159, 'GF Milk Full Cream 1 ltr (12 pack)', 'GF Milk Full Cream 1 ltr (12 pack)', 2, NULL, 'Carton', 40, NULL, NULL, NULL, NULL, NULL, NULL),
(160, 'Carnation Milk 495 ml (48 kaleng)', 'Carnation Milk 495 ml (48 kaleng)', 2, 531000, 'Carton', 41, NULL, NULL, NULL, NULL, NULL, NULL),
(161, 'Carnation Milk 370 ml (48 kaleng)', 'Carnation Milk 370 ml (48 kaleng)', 2, 416000, 'Carton', 42, NULL, NULL, NULL, NULL, NULL, NULL),
(162, 'FF Susu Coklat 385 ml (12 kaleng)', 'FF Susu Coklat 385 ml (12 kaleng)', 2, NULL, 'Carton', 43, NULL, NULL, NULL, NULL, NULL, NULL),
(163, 'Susu Ultra 1 ltr @ 12 Pack', 'Susu Ultra 1 ltr @ 12 Pack', 2, 185000, 'Dus', 44, NULL, NULL, NULL, NULL, NULL, NULL),
(164, 'Milo Bubuk 1 kg  @ 12 Pack', 'Milo Bubuk 1 kg  @ 12 Pack', 2, 950000, 'Dus', 45, NULL, NULL, NULL, NULL, NULL, NULL),
(165, 'Sweepes Soda 330 ml (24 kaleng)', 'Sweepes Soda 330 ml (24 kaleng)', 2, 135000, 'Carton', 46, NULL, NULL, NULL, NULL, NULL, NULL),
(166, 'Biji Kopi 1 kg', 'Biji Kopi 1 kg', 2, 325000, 'Pack', 47, NULL, NULL, NULL, NULL, NULL, NULL),
(167, 'Wong Coco Aloevera 1 kg (6 toples)', 'Wong Coco Aloevera 1 kg (6 toples)', 2, 81000, 'Dus', 48, NULL, NULL, NULL, NULL, NULL, NULL),
(168, 'Mili Lechy Buah Kaleng 330 ml (12 kaleng)', 'Mili Lechy Buah Kaleng 330 ml (12 kaleng)', 2, 275000, 'Carton', 49, NULL, NULL, NULL, NULL, NULL, NULL),
(169, 'Wong Coco Nata De Coco 2 kg (8 pack)', 'Wong Coco Nata De Coco 2 kg (8 pack)', 2, 200000, 'Dus', 50, NULL, NULL, NULL, NULL, NULL, NULL),
(170, 'Red bean 3,8 kg (6 kaleng)', 'Red bean 3,8 kg (6 kaleng)', 2, 213000, 'Carton', 51, NULL, NULL, NULL, NULL, NULL, NULL),
(171, 'Slice Almond 11,34 kg', 'Slice Almond 11,34 kg', 2, 1550000, 'Dus', 52, NULL, NULL, NULL, NULL, NULL, NULL),
(172, 'Tapioca Pearl 3 kg', 'Tapioca Pearl 3 kg', 2, 120000, 'Pack', 53, NULL, NULL, NULL, NULL, NULL, NULL),
(173, 'Mango Jam 4,5 kg', 'Mango Jam 4,5 kg', 2, 335000, 'Toples', 54, NULL, NULL, NULL, NULL, NULL, NULL),
(174, 'Strawberry Jam 4,5 kg', 'Strawberry Jam 4,5 kg', 2, 253000, 'Toples', 55, NULL, NULL, NULL, NULL, NULL, NULL),
(175, 'Pasta Spaghetti Balducci 500 gr (20 pack)', 'Pasta Spaghetti Balducci 500 gr (20 pack)', 2, 17500, 'Pack', 56, NULL, NULL, NULL, NULL, NULL, NULL),
(176, 'Spam 340 gr @ 12 kaleng', 'Spam 340 gr @ 12 kaleng', 2, 78000, 'Kaleng ', 57, NULL, NULL, NULL, NULL, NULL, NULL),
(177, 'Minyak Wijen Cheeseng 1 ltr', 'Minyak Wijen Cheeseng 1 ltr', 2, 108000, 'Botol', 58, NULL, NULL, NULL, NULL, NULL, NULL),
(178, 'Corn Flakers 400 gr', 'Corn Flakers 400 gr', 2, 35000, 'Pack', 59, NULL, NULL, NULL, NULL, NULL, NULL),
(179, 'Milo Cereal 330 gr', 'Milo Cereal 330 gr', 2, 36000, 'Pack', 60, NULL, NULL, NULL, NULL, NULL, NULL),
(180, 'Milo Cereal 170 gr @ 18 Pack', 'Milo Cereal 170 gr @ 18 Pack', 2, 19500, 'Pack', 61, NULL, NULL, NULL, NULL, NULL, NULL),
(181, 'Waffle Cone @ 50 pcs', 'Waffle Cone @ 50 pcs', 2, NULL, 'Carton', 62, NULL, NULL, NULL, NULL, NULL, NULL),
(182, 'Kit kat 2F 48 (6x17 gr)', 'Kit kat 2F 48 (6x17 gr)', 2, 1020000, 'Dus', 63, NULL, NULL, NULL, NULL, NULL, NULL),
(183, 'Nutella Coklat 680 gr', 'Nutella Coklat 680 gr', 2, 105000, 'Botol', 64, NULL, NULL, NULL, NULL, NULL, NULL),
(184, 'Babas 1 kg', 'Babas 1 kg', 2, 108000, 'Pack', 65, NULL, NULL, NULL, NULL, NULL, NULL),
(185, 'Bumbu BBQ 25 gr (12 pcs)', 'Bumbu BBQ 25 gr (12 pcs)', 2, NULL, 'Pack', 66, NULL, NULL, NULL, NULL, NULL, NULL),
(186, 'Bubuk Kara 1 kg', 'Bubuk Kara 1 kg', 2, 138000, 'Pack', 67, NULL, NULL, NULL, NULL, NULL, NULL),
(187, 'Bubuk Ramen 1 kg', 'Bubuk Ramen 1 kg', 2, 78000, 'Pack', 68, NULL, NULL, NULL, NULL, NULL, NULL),
(188, 'Mayonaise 3 ltr', 'Mayonaise 3 ltr', 2, NULL, 'Toples', 69, NULL, NULL, NULL, NULL, NULL, NULL),
(189, 'Sauce Chicken Teriyaki 2 ltr', 'Sauce Chicken Teriyaki 2 ltr', 2, 253000, 'Botol', 70, NULL, NULL, NULL, NULL, NULL, NULL),
(190, 'Furosato Miso/tauco mix 1 kg ', 'Furosato Miso/tauco mix 1 kg ', 2, 45000, 'Pack', 71, NULL, NULL, NULL, NULL, NULL, NULL),
(191, 'Saos cabe ABC 335 ml', 'Saos cabe ABC 335 ml', 2, 14000, 'Botol', 72, NULL, NULL, NULL, NULL, NULL, NULL),
(192, 'Saos tomat ABC 335 ml', 'Saos tomat ABC 335 ml', 2, 12000, 'Botol', 73, NULL, NULL, NULL, NULL, NULL, NULL),
(193, 'Saos cabe Belibis 335 ml @12 btl', 'Saos cabe Belibis 335 ml @12 btl', 2, 15500, 'Botol', 74, NULL, NULL, NULL, NULL, NULL, NULL),
(194, 'Saos tomat Belibis 335 ml', 'Saos tomat Belibis 335 ml', 2, 13000, 'Botol', 75, NULL, NULL, NULL, NULL, NULL, NULL),
(195, 'Saori Sauce Tiram 275 ml @ 12 btl', 'Saori Sauce Tiram 275 ml @ 12 btl', 2, 18000, 'Botol', 76, NULL, NULL, NULL, NULL, NULL, NULL),
(196, 'Ajinomoto 1 kg @ 12 Pack ', 'Ajinomoto 1 kg @ 12 Pack ', 2, 33000, 'Pack', 77, NULL, NULL, NULL, NULL, NULL, NULL),
(197, 'Beras', 'Beras', 2, 18000, 'Kg', 78, NULL, NULL, NULL, NULL, NULL, NULL),
(198, 'Biji Wijen 1 kg', 'Biji Wijen 1 kg', 2, 60000, 'Pack', 79, NULL, NULL, NULL, NULL, NULL, NULL),
(199, 'Blue Band 3 kg', 'Blue Band 3 kg', 2, 120000, 'Pack', 80, NULL, NULL, NULL, NULL, NULL, NULL),
(200, 'Gulaku', 'Gulaku', 2, 16000, 'Kg', 81, NULL, NULL, NULL, NULL, NULL, NULL),
(201, 'Madu 5 kg', 'Madu 5 kg', 2, 193000, 'Toples', 82, NULL, NULL, NULL, NULL, NULL, NULL),
(202, 'Kizami nori 200 gr', 'Kizami nori 200 gr', 2, 150000, 'Pack', 83, NULL, NULL, NULL, NULL, NULL, NULL),
(203, 'Ao Nori bubuk 300 gr', 'Ao Nori bubuk 300 gr', 2, 130000, 'Pack', 84, NULL, NULL, NULL, NULL, NULL, NULL),
(204, 'Orange Juice Concentrate 1 ltr', 'Orange Juice Concentrate 1 ltr', 2, 85000, 'Botol', 85, NULL, NULL, NULL, NULL, NULL, NULL),
(205, 'IC Coklat 8 ltr', 'IC Coklat 8 ltr', 2, 127050, 'Pail', 86, NULL, NULL, NULL, NULL, NULL, NULL),
(206, 'IC Vanilla 8 ltr', 'IC Vanilla 8 ltr', 2, 127050, 'Pail', 87, NULL, NULL, NULL, NULL, NULL, NULL),
(207, 'IC Ogura 8 ltr', 'IC Ogura 8 ltr', 2, 146410, 'Pail', 88, NULL, NULL, NULL, NULL, NULL, NULL),
(208, 'IC Green Tea 8 ltr', 'IC Green Tea 8 ltr', 2, 330000, 'Pail', 89, NULL, NULL, NULL, NULL, NULL, NULL),
(209, 'IC Strawberry 8 ltr', 'IC Strawberry 8 ltr', 2, 330000, 'Pail', 90, NULL, NULL, NULL, NULL, NULL, NULL),
(210, 'GF Milk Fresh Milk 1 ltr @ 12 Pack', 'GF Milk Fresh Milk 1 ltr @ 12 Pack', 2, NULL, 'Pack', 91, NULL, NULL, NULL, NULL, NULL, NULL),
(211, 'Bomball Kuning @300 pcs', 'Bomball Kuning @300 pcs', 2, 330000, 'Box', 92, NULL, NULL, NULL, NULL, NULL, NULL),
(212, 'Bomball Ungu @300 pcs', 'Bomball Ungu @300 pcs', 2, 330000, 'Box', 93, NULL, NULL, NULL, NULL, NULL, NULL),
(213, 'Nutella Bun @40 pcs', 'Nutella Bun @40 pcs', 2, 200000, 'Box', 94, NULL, NULL, NULL, NULL, NULL, NULL),
(214, 'Ovomaltine Bun @20 Pcs', 'Ovomaltine Bun @20 Pcs', 2, 120000, 'Box', 95, NULL, NULL, NULL, NULL, NULL, NULL),
(215, 'Roti Hot Bun @72 pcs', 'Roti Hot Bun @72 pcs', 2, 125000, 'Carton', 96, NULL, NULL, NULL, NULL, NULL, NULL),
(216, 'Bavari Sausage Cokctail beef 1 kg', 'Bavari Sausage Cokctail beef 1 kg', 2, 92500, 'Pack', 97, NULL, NULL, NULL, NULL, NULL, NULL),
(217, 'Sauce Bolognaise 100 gr', 'Sauce Bolognaise 100 gr', 2, 13000, 'Pack', 98, NULL, NULL, NULL, NULL, NULL, NULL),
(218, 'Chasu Ayam', 'Chasu Ayam', 2, 138000, 'Kg', 99, NULL, NULL, NULL, NULL, NULL, NULL),
(219, 'Chasu Babi', 'Chasu Babi', 2, 245000, 'Kg', 100, NULL, NULL, NULL, NULL, NULL, NULL),
(220, 'Ayam Fillet ', 'Ayam Fillet ', 2, 50000, 'Kg', 101, NULL, NULL, NULL, NULL, NULL, NULL),
(221, 'Sosis Babi 1 kg', 'Sosis Babi 1 kg', 2, 215000, 'Pack', 102, NULL, NULL, NULL, NULL, NULL, NULL),
(222, 'Sosis Sapi 1 kg', 'Sosis Sapi 1 kg', 2, 140000, 'pack', 103, NULL, NULL, NULL, NULL, NULL, NULL),
(223, 'Kani Stick 500 gr', 'Kani Stick 500 gr', 2, 68000, 'Pack', 104, NULL, NULL, NULL, NULL, NULL, NULL),
(224, 'Unagi 65-70 Gram', 'Unagi 65-70 Gram', 2, 30000, 'Pack ', 105, NULL, NULL, NULL, NULL, NULL, NULL),
(225, 'Unagi Sushi @ 5kg ', 'Unagi Sushi @ 5kg ', 2, NULL, 'Carton', 106, NULL, NULL, NULL, NULL, NULL, NULL),
(226, 'Mie Keriting', 'Mie Keriting', 2, 50000, 'Kg', 107, NULL, NULL, NULL, NULL, NULL, NULL),
(227, 'Minyak Ayam 1 ltr', 'Minyak Ayam 1 ltr', 2, 80000, 'Drigen', 108, NULL, NULL, NULL, NULL, NULL, NULL),
(228, 'Minyak Babi 1 ltr', 'Minyak Babi 1 ltr', 2, 120000, 'Drigen', 109, NULL, NULL, NULL, NULL, NULL, NULL),
(229, 'Minyak Goreng Fresco 18 ltr', 'Minyak Goreng Fresco 18 ltr', 2, 230000, 'Drigen', 110, NULL, NULL, NULL, NULL, NULL, NULL),
(230, 'Talas', 'Talas', 2, 22000, 'Kg', 111, NULL, NULL, NULL, NULL, NULL, NULL),
(231, 'Kecap Mix 4 ltr', 'Kecap Mix 4 ltr', 2, 132000, 'Drigen', 112, NULL, NULL, NULL, NULL, NULL, NULL),
(232, 'Salad Dressing Kwepie 1 ltr', 'Salad Dressing Kwepie 1 ltr', 2, NULL, 'Botol', 113, NULL, NULL, NULL, NULL, NULL, NULL),
(233, 'Kecap Chasu Ayam 4 ltr', 'Kecap Chasu Ayam 4 ltr', 2, 145000, 'Drigen', 114, NULL, NULL, NULL, NULL, NULL, NULL),
(234, 'Kecap Chasu Babi 4 ltr', 'Kecap Chasu Babi 4 ltr', 2, 135000, 'Drigen', 115, NULL, NULL, NULL, NULL, NULL, NULL),
(235, 'Air Asin 1 ltr', 'Air Asin 1 ltr', 2, 45000, 'Drigen', 116, NULL, NULL, NULL, NULL, NULL, NULL),
(236, 'Katsubushi 200 gr', 'Katsubushi 200 gr', 2, 78000, 'Pack', 117, NULL, NULL, NULL, NULL, NULL, NULL),
(237, 'Sabun Cuci Tangan 25 ltr', 'Sabun Cuci Tangan 25 ltr', 2, 147500, 'Drigen', 118, NULL, NULL, NULL, NULL, NULL, NULL),
(238, 'Sabun Cuci Piring 25 ltr', 'Sabun Cuci Piring 25 ltr', 2, 120000, 'Drigen', 119, NULL, NULL, NULL, NULL, NULL, NULL),
(239, 'Sabun Kaca 25 ltr', 'Sabun Kaca 25 ltr', 2, 125000, 'Drigen', 120, NULL, NULL, NULL, NULL, NULL, NULL),
(240, 'Pembersih Lantai 25 ltr', 'Pembersih Lantai 25 ltr', 2, 125000, 'Drigen', 121, NULL, NULL, NULL, NULL, NULL, NULL),
(241, 'Porstex 25 ltr', 'Porstex 25 ltr', 2, 125000, 'Drigen', 122, NULL, NULL, NULL, NULL, NULL, NULL),
(242, 'Keramik Artistika', 'Keramik Artistika', 2, NULL, 'Meter2', 123, NULL, NULL, NULL, NULL, NULL, NULL),
(243, 'Keramik Realonda', 'Keramik Realonda', 2, NULL, 'Meter2', 124, NULL, NULL, NULL, NULL, NULL, NULL),
(244, 'Keramik Roman Granit', 'Keramik Roman Granit', 2, NULL, 'Meter2', 125, NULL, NULL, NULL, NULL, NULL, NULL),
(245, 'Keramik Mozaik', 'Keramik Mozaik', 2, NULL, 'Meter2', 126, NULL, NULL, NULL, NULL, NULL, NULL),
(246, ' fresh milk ', ' fresh milk ', 3, 28400, 'pcs', NULL, NULL, NULL, NULL, NULL, NULL, NULL),
(247, ' kitkat 2F ', ' kitkat 2F ', 3, 24700, 'pack', NULL, NULL, NULL, NULL, NULL, NULL, NULL),
(248, ' saus teriyaki ', ' saus teriyaki ', 3, 55000, 'btl', NULL, NULL, NULL, NULL, NULL, NULL, NULL),
(249, ' maling ', ' maling ', 3, 28000, ' klg ', NULL, NULL, NULL, NULL, NULL, NULL, NULL),
(250, ' abc sambal ', ' abc sambal ', 3, 105000, 'drg', NULL, NULL, NULL, NULL, NULL, NULL, NULL),
(251, ' abc tomat ', ' abc tomat ', 3, 75000, 'drg', NULL, NULL, NULL, NULL, NULL, NULL, NULL),
(252, ' ultra milk ', ' ultra milk ', 3, 156000, 'dus', NULL, NULL, NULL, NULL, NULL, NULL, NULL),
(253, ' telur omega 3 ', ' telur omega 3 ', 3, 40000, 'tray', NULL, NULL, NULL, NULL, NULL, NULL, NULL),
(254, ' jahe ', ' jahe ', 3, 12000, 'kg', NULL, NULL, NULL, NULL, NULL, NULL, NULL),
(255, ' cabe rawit ', ' cabe rawit ', 3, 50000, 'kg', NULL, NULL, NULL, NULL, NULL, NULL, NULL),
(256, ' jeruk nipis ', ' jeruk nipis ', 3, 17000, 'kg', NULL, NULL, NULL, NULL, NULL, NULL, NULL),
(257, ' es batu ', ' es batu ', 3, 13000, 'pack', NULL, NULL, NULL, NULL, NULL, NULL, NULL),
(258, ' karbonat ', ' karbonat ', 3, 80000, 'kg', NULL, NULL, NULL, NULL, NULL, NULL, NULL),
(259, ' samcian ', ' samcian ', 3, 85000, 'kg', NULL, NULL, NULL, NULL, NULL, NULL, NULL),
(260, ' bendera cokelat ', ' bendera cokelat ', 3, 8500, 'klg', NULL, NULL, NULL, NULL, NULL, NULL, NULL),
(261, ' almond ', ' almond ', 3, 160000, 'kg', NULL, NULL, NULL, NULL, NULL, NULL, NULL),
(262, ' jeruk wilmond ', ' jeruk wilmond ', 3, 12000, 'klg', NULL, NULL, NULL, NULL, NULL, NULL, NULL),
(263, ' cumi cumi ', ' cumi cumi ', 3, 80000, 'kg', NULL, NULL, NULL, NULL, NULL, NULL, NULL),
(264, ' cokelat nutela ', ' cokelat nutela ', 3, 100000, 'btl', NULL, NULL, NULL, NULL, NULL, NULL, NULL),
(265, ' yakult ', ' yakult ', 3, 1450, 'btl', NULL, NULL, NULL, NULL, NULL, NULL, NULL),
(266, ' ayam fillet ', ' ayam fillet ', 3, 34000, 'kg', NULL, NULL, NULL, NULL, NULL, NULL, NULL),
(267, ' dua belibis ', ' dua belibis ', 3, 9900, 'btl', NULL, NULL, NULL, NULL, NULL, NULL, NULL),
(268, ' blueband ', ' blueband ', 3, 23000, 'kg', NULL, NULL, NULL, NULL, NULL, NULL, NULL),
(269, ' wilmond jeruk ', ' wilmond jeruk ', 3, 12000, 'klg', NULL, NULL, NULL, NULL, NULL, NULL, NULL),
(270, ' beras topi koki p.wangi ', ' beras topi koki p.wangi ', 3, 14000, 'kg', NULL, NULL, NULL, NULL, NULL, NULL, NULL),
(271, ' beras topi koki ramos ', ' beras topi koki ramos ', 3, 14000, 'kg', NULL, NULL, NULL, NULL, NULL, NULL, NULL),
(272, ' ice cream vanila ', ' ice cream vanila ', 3, 127050, 'pail', NULL, NULL, NULL, NULL, NULL, NULL, NULL),
(273, ' ice cream strawberry ', ' ice cream strawberry ', 3, 330000, 'pail', NULL, NULL, NULL, NULL, NULL, NULL, NULL),
(274, ' ice cream greentea ', ' ice cream greentea ', 3, 330000, 'pail', NULL, NULL, NULL, NULL, NULL, NULL, NULL),
(275, ' telur omega 3 ', ' telur omega 3 ', 3, 40000, 'tray', NULL, NULL, NULL, NULL, NULL, NULL, NULL),
(276, ' cumi cumi ', ' cumi cumi ', 3, 75000, 'kg', NULL, NULL, NULL, NULL, NULL, NULL, NULL),
(277, ' ayam fillet ', ' ayam fillet ', 3, 35000, 'kg', NULL, NULL, NULL, NULL, NULL, NULL, NULL),
(278, ' ajinomoto ', ' ajinomoto ', 3, 20700, 'pack', NULL, NULL, NULL, NULL, NULL, NULL, NULL),
(279, ' kitkat 2F ', ' kitkat 2F ', 3, 24700, 'pack', NULL, NULL, NULL, NULL, NULL, NULL, NULL),
(280, ' pronas luncheon ', ' pronas luncheon ', 3, 17540, 'klg', NULL, NULL, NULL, NULL, NULL, NULL, NULL),
(281, ' samcian ', ' samcian ', 3, 84625, 'kg', NULL, NULL, NULL, NULL, NULL, NULL, NULL),
(282, ' bawang putih ', ' bawang putih ', 3, 47000, 'kg', NULL, NULL, NULL, NULL, NULL, NULL, NULL),
(283, ' ayam fillet ', ' ayam fillet ', 3, 35000, 'kg', NULL, NULL, NULL, NULL, NULL, NULL, NULL),
(309, 'Timbangan Acis Series BC 600 gr', 'Timbangan Acis Series BC 600 gr', 1, 500000, 'Unit', 242, NULL, NULL, NULL, NULL, NULL, NULL),
(310, 'Troly', 'Troly', 1, 1750000, 'Pcs', 243, NULL, NULL, NULL, NULL, NULL, NULL),
(311, ' cumi cumi ', ' cumi cumi ', 3, 85000, 'kg', NULL, NULL, NULL, NULL, NULL, NULL, NULL),
(312, ' milo 3 in 1 ', ' milo 3 in 1 ', 3, 75000, 'pack', NULL, NULL, NULL, NULL, NULL, NULL, NULL),
(313, ' milo cereal ', ' milo cereal ', 3, 21500, 'pack', NULL, NULL, NULL, NULL, NULL, NULL, NULL),
(314, ' bawang putih ', ' bawang putih ', 3, 46000, 'kg', NULL, NULL, NULL, NULL, NULL, NULL, NULL),
(315, ' Bawang bombai ', ' Bawang bombai ', 3, 15000, 'kg', NULL, NULL, NULL, NULL, NULL, NULL, NULL),
(316, ' cabe rawit ', ' cabe rawit ', 3, 40000, 'kg', NULL, NULL, NULL, NULL, NULL, NULL, NULL),
(317, ' semangka ', ' semangka ', 3, 12, 'gram', NULL, NULL, NULL, NULL, NULL, NULL, NULL),
(318, ' melon ', ' melon ', 3, 16, 'gram', NULL, NULL, NULL, NULL, NULL, NULL, NULL),
(319, ' kiwi ', ' kiwi ', 3, 55, 'gram', NULL, NULL, NULL, NULL, NULL, NULL, NULL),
(320, ' strawberry ', ' strawberry ', 3, 15000, 'pack', NULL, NULL, NULL, NULL, NULL, NULL, NULL),
(321, ' semangka ', ' semangka ', 3, 3000, 'bh', NULL, NULL, NULL, NULL, NULL, NULL, NULL),
(322, ' melon ', ' melon ', 3, 3000, 'bh', NULL, NULL, NULL, NULL, NULL, NULL, NULL),
(323, ' strawberry ', ' strawberry ', 3, 12000, 'pack', NULL, NULL, NULL, NULL, NULL, NULL, NULL),
(324, 'ALMOND SLICE', 'ALMOND SLICE', 8, 132275, 'KG', NULL, NULL, NULL, NULL, NULL, NULL, NULL),
(325, 'PLAIN MOCHI', 'PLAIN MOCHI', 8, 125000, 'BOX', NULL, NULL, NULL, NULL, NULL, NULL, NULL),
(326, 'FRENCH FRIES', 'FRENCH FRIES', 8, 462159, 'CRTN', NULL, NULL, NULL, NULL, NULL, NULL, NULL),
(327, 'TISSUE LIVI ECO SMART MULTIFOLD', 'TISSUE LIVI ECO SMART MULTIFOLD', 8, 134600, 'BOX', NULL, NULL, NULL, NULL, NULL, NULL, NULL),
(328, 'TISSUE EVO SMART DUE TOILET CORE', 'TISSUE EVO SMART DUE TOILET CORE', 8, 139500, 'BOX', NULL, NULL, NULL, NULL, NULL, NULL, NULL);

-- --------------------------------------------------------

--
-- Table structure for table `item_category`
--

CREATE TABLE `item_category` (
  `id` int(10) UNSIGNED NOT NULL,
  `category_name` varchar(255) COLLATE utf8_unicode_ci NOT NULL,
  `category_desc` varchar(255) COLLATE utf8_unicode_ci NOT NULL,
  `item_type_id` int(10) UNSIGNED NOT NULL,
  `created_by` int(10) UNSIGNED DEFAULT NULL,
  `updated_by` int(10) UNSIGNED DEFAULT NULL,
  `deleted_by` int(10) UNSIGNED DEFAULT NULL,
  `created_at` timestamp NULL DEFAULT NULL,
  `updated_at` timestamp NULL DEFAULT NULL,
  `deleted_at` timestamp NULL DEFAULT NULL
) ENGINE=InnoDB DEFAULT CHARSET=utf8 COLLATE=utf8_unicode_ci;

--
-- Dumping data for table `item_category`
--

INSERT INTO `item_category` (`id`, `category_name`, `category_desc`, `item_type_id`, `created_by`, `updated_by`, `deleted_by`, `created_at`, `updated_at`, `deleted_at`) VALUES
(1, 'CONSUMMABLE', 'CONSUMMABLE', 1, NULL, NULL, NULL, NULL, NULL, NULL),
(2, 'SUPPLY', 'SUPPLY', 1, NULL, NULL, NULL, NULL, NULL, NULL),
(3, 'BAHAN BAKU', 'BAHAN BAKU', 2, 1, 1, NULL, '2017-05-03 17:57:56', '2017-05-03 18:02:19', NULL),
(4, 'UTILIZATION', 'UTILIZATION', 1, 1, NULL, NULL, '2017-05-22 01:14:15', '2017-05-22 01:14:18', NULL),
(6, 'CASHBOND', 'CASHBOND', 1, NULL, NULL, NULL, NULL, NULL, NULL),
(8, 'INVOICE CONSUMMABLE', 'INVOICE CONSUMMABLE', 3, NULL, NULL, NULL, NULL, NULL, NULL);

-- --------------------------------------------------------

--
-- Table structure for table `item_central`
--

CREATE TABLE `item_central` (
  `id` int(10) UNSIGNED NOT NULL,
  `date` date DEFAULT NULL,
  `consumable` int(1) DEFAULT NULL,
  `approved` bit(1) DEFAULT NULL,
  `approved_date` date DEFAULT NULL,
  `total_item_central` double DEFAULT '0',
  `total_invoice` double DEFAULT NULL,
  `total_transport` double DEFAULT NULL,
  `itemcentral_attachment` varchar(255) COLLATE utf8_unicode_ci DEFAULT NULL,
  `transfer_receipt` varchar(255) COLLATE utf8_unicode_ci DEFAULT NULL,
  `branch_id` int(10) UNSIGNED NOT NULL,
  `comment` varchar(255) COLLATE utf8_unicode_ci DEFAULT NULL,
  `status_code` varchar(100) COLLATE utf8_unicode_ci NOT NULL,
  `created_by` int(10) UNSIGNED DEFAULT NULL,
  `updated_by` int(10) UNSIGNED DEFAULT NULL,
  `deleted_by` int(10) UNSIGNED DEFAULT NULL,
  `created_at` timestamp NULL DEFAULT NULL,
  `updated_at` timestamp NULL DEFAULT NULL,
  `deleted_at` timestamp NULL DEFAULT NULL
) ENGINE=InnoDB DEFAULT CHARSET=utf8 COLLATE=utf8_unicode_ci;

--
-- Dumping data for table `item_central`
--

INSERT INTO `item_central` (`id`, `date`, `consumable`, `approved`, `approved_date`, `total_item_central`, `total_invoice`, `total_transport`, `itemcentral_attachment`, `transfer_receipt`, `branch_id`, `comment`, `status_code`, `created_by`, `updated_by`, `deleted_by`, `created_at`, `updated_at`, `deleted_at`) VALUES
(1, '2017-07-07', NULL, NULL, NULL, 11663010, 2493500, 43543, '07-07-2017 08-59-49vendor_item.txt', '07-07-2017 09-00-24vendor_item.txt', 1, NULL, 'Pay', 28, NULL, NULL, '2017-06-09 00:57:31', '2017-07-07 02:00:24', NULL),
(2, '2017-07-07', NULL, NULL, NULL, 456003500, 4480000, 1000000, '04-07-2017 07-22-02MOM 6 6 2017.txt', '04-07-2017 07-22-02MOM 31 05 2017.xlsx', 1, NULL, 'Pay', 1, NULL, NULL, '2017-07-03 23:11:23', '2017-07-04 00:31:09', NULL),
(3, '2017-07-07', NULL, NULL, NULL, 1185000, 790000, 23424, '07-07-2017 09-02-29vendor_item.txt', NULL, 1, NULL, 'Pay', 1, NULL, NULL, '2017-07-07 02:01:09', '2017-07-07 02:03:49', NULL),
(4, '2017-07-07', NULL, NULL, NULL, 461013500, 0, NULL, NULL, NULL, 1, 'dfg fdgdfg', 'Waiting for Delivery', 1, NULL, NULL, '2017-07-11 19:12:41', '2017-07-11 19:12:41', NULL),
(5, '2017-07-07', NULL, NULL, NULL, 461013500, 0, NULL, NULL, NULL, 1, 'dfg fdgdfg', 'Waiting for Delivery', 1, NULL, NULL, '2017-07-11 19:13:08', '2017-07-11 19:13:08', NULL),
(6, '2017-07-07', NULL, NULL, NULL, 458871499, 0, NULL, NULL, NULL, 1, '', 'Waiting for Delivery', 1, NULL, NULL, '2017-07-11 19:21:53', '2017-07-11 19:21:53', NULL),
(7, '2017-07-01', NULL, NULL, NULL, 456003500, 0, NULL, NULL, NULL, 1, '', 'Waiting for Delivery', 1, NULL, NULL, '2017-07-11 19:30:38', '2017-07-11 19:30:38', NULL),
(8, '2017-07-29', NULL, NULL, NULL, 458013500, 0, NULL, NULL, NULL, 1, 'sss', 'Waiting for Delivery', 1, NULL, NULL, '2017-07-11 19:31:34', '2017-08-17 19:16:29', '2017-08-17 19:16:29'),
(9, '2017-07-15', NULL, NULL, NULL, 464828500, 13820000, NULL, NULL, NULL, 1, NULL, 'Waiting for Invoice', 1, NULL, NULL, '2017-07-13 18:01:52', '2017-08-17 19:15:43', '2017-08-17 19:15:43');

-- --------------------------------------------------------

--
-- Table structure for table `item_central_detail`
--

CREATE TABLE `item_central_detail` (
  `id` int(10) UNSIGNED NOT NULL,
  `item_central_id` int(10) DEFAULT NULL,
  `item_id` int(10) UNSIGNED DEFAULT NULL,
  `item_name` varchar(255) COLLATE utf8_unicode_ci DEFAULT NULL,
  `quantity` double DEFAULT NULL,
  `quantity_actual` double DEFAULT NULL,
  `quantity_stock` double DEFAULT NULL,
  `price` double NOT NULL,
  `uom` varchar(50) COLLATE utf8_unicode_ci DEFAULT NULL,
  `nota_number` varchar(255) COLLATE utf8_unicode_ci DEFAULT NULL,
  `date` date DEFAULT NULL,
  `spend_by` varchar(255) COLLATE utf8_unicode_ci DEFAULT NULL,
  `total` int(11) DEFAULT NULL,
  `created_by` int(10) UNSIGNED DEFAULT NULL,
  `updated_by` int(10) UNSIGNED DEFAULT NULL,
  `deleted_by` int(10) UNSIGNED DEFAULT NULL,
  `created_at` timestamp NULL DEFAULT NULL,
  `updated_at` timestamp NULL DEFAULT NULL,
  `deleted_at` timestamp NULL DEFAULT NULL
) ENGINE=InnoDB DEFAULT CHARSET=utf8 COLLATE=utf8_unicode_ci;

--
-- Dumping data for table `item_central_detail`
--

INSERT INTO `item_central_detail` (`id`, `item_central_id`, `item_id`, `item_name`, `quantity`, `quantity_actual`, `quantity_stock`, `price`, `uom`, `nota_number`, `date`, `spend_by`, `total`, `created_by`, `updated_by`, `deleted_by`, `created_at`, `updated_at`, `deleted_at`) VALUES
(1, 1, 2, NULL, 0, 0, 0, 395000, 'Pcs', NULL, NULL, NULL, 0, NULL, NULL, NULL, '2017-06-09 00:57:31', '2017-06-20 20:17:53', NULL),
(2, 1, 3, NULL, 0, 0, 0, 15000, 'Pcs', NULL, NULL, NULL, 0, NULL, NULL, NULL, '2017-06-09 00:57:31', '2017-06-20 20:17:53', NULL),
(3, 1, 4, NULL, 0, 0, 0, 55000, 'Pack', NULL, NULL, NULL, 0, NULL, NULL, NULL, '2017-06-09 00:57:31', '2017-06-20 20:17:53', NULL),
(4, 1, 5, NULL, 0, 0, 0, 35000, 'Pcs', NULL, NULL, NULL, 0, NULL, NULL, NULL, '2017-06-09 00:57:31', '2017-06-20 20:17:53', NULL),
(5, 1, 6, NULL, 0, 0, 0, 60000, 'Pcs', NULL, NULL, NULL, 0, NULL, NULL, NULL, '2017-06-09 00:57:31', '2017-06-20 20:17:53', NULL),
(6, 1, 7, NULL, 0, 0, 0, 11000, 'Pcs', NULL, NULL, NULL, 0, NULL, NULL, NULL, '2017-06-09 00:57:31', '2017-06-20 20:17:53', NULL),
(7, 1, 8, NULL, 0, 0, 0, 15000, 'Pcs', NULL, NULL, NULL, 0, NULL, NULL, NULL, '2017-06-09 00:57:32', '2017-06-20 20:17:53', NULL),
(8, 1, 9, NULL, 0, 0, 0, 1150000, 'Carton', NULL, NULL, NULL, 0, NULL, NULL, NULL, '2017-06-09 00:57:32', '2017-06-20 20:17:53', NULL),
(9, 1, 11, NULL, 0, 0, 0, 1250000, 'Carton', NULL, NULL, NULL, 0, NULL, NULL, NULL, '2017-06-09 00:57:32', '2017-06-20 20:17:53', NULL),
(10, 1, 12, NULL, 0, 0, 0, 0, 'Carton', NULL, NULL, NULL, 0, NULL, NULL, NULL, '2017-06-09 00:57:32', '2017-06-20 20:17:53', NULL),
(11, 1, 13, NULL, 0, 0, 0, 60000, 'Lusin', NULL, NULL, NULL, 0, NULL, NULL, NULL, '2017-06-09 00:57:32', '2017-06-20 20:17:53', NULL),
(12, 1, 14, NULL, 0, 0, 0, 425000, 'Carton', NULL, NULL, NULL, 0, NULL, NULL, NULL, '2017-06-09 00:57:32', '2017-06-20 20:17:53', NULL),
(13, 1, 15, NULL, 0, 0, 0, 395000, 'Dus', NULL, NULL, NULL, 0, NULL, NULL, NULL, '2017-06-09 00:57:32', '2017-06-20 20:17:53', NULL),
(14, 1, 16, NULL, 0, 0, 0, 270000, 'Pack', NULL, NULL, NULL, 0, NULL, NULL, NULL, '2017-06-09 00:57:32', '2017-06-20 20:17:54', NULL),
(15, 1, 17, NULL, 0, 0, 0, 120000, 'Pcs', NULL, NULL, NULL, 0, NULL, NULL, NULL, '2017-06-09 00:57:32', '2017-06-20 20:17:54', NULL),
(16, 1, 18, NULL, 0, 0, 0, 100000, 'Pack', NULL, NULL, NULL, 0, NULL, NULL, NULL, '2017-06-09 00:57:32', '2017-06-20 20:17:54', NULL),
(17, 1, 19, NULL, 0, 0, 0, 2200000, 'Carton', NULL, NULL, NULL, 0, NULL, NULL, NULL, '2017-06-09 00:57:32', '2017-06-20 20:17:54', NULL),
(18, 1, 20, NULL, 0, 0, 0, 20000, 'Pcs', NULL, NULL, NULL, 0, NULL, NULL, NULL, '2017-06-09 00:57:32', '2017-06-20 20:17:54', NULL),
(19, 1, 21, NULL, 0, 0, 0, 175000, 'Pcs', NULL, NULL, NULL, 0, NULL, NULL, NULL, '2017-06-09 00:57:32', '2017-06-20 20:17:54', NULL),
(20, 1, 22, NULL, 0, 0, 0, 1100000, 'Pcs', NULL, NULL, NULL, 0, NULL, NULL, NULL, '2017-06-09 00:57:32', '2017-06-20 20:17:54', NULL),
(21, 1, 23, NULL, 0, 0, 0, 70000, 'Pcs', NULL, NULL, NULL, 0, NULL, NULL, NULL, '2017-06-09 00:57:32', '2017-06-20 20:17:54', NULL),
(22, 1, 24, NULL, 0, 0, 0, 75000, 'Pcs', NULL, NULL, NULL, 0, NULL, NULL, NULL, '2017-06-09 00:57:32', '2017-06-20 20:17:54', NULL),
(23, 1, 25, NULL, 0, 0, 0, 250000, 'Carton', NULL, NULL, NULL, 0, NULL, NULL, NULL, '2017-06-09 00:57:32', '2017-06-20 20:17:54', NULL),
(24, 1, 26, NULL, 0, 0, 0, 250000, 'Carton', NULL, NULL, NULL, 0, NULL, NULL, NULL, '2017-06-09 00:57:32', '2017-06-20 20:17:54', NULL),
(25, 1, 27, NULL, 0, 0, 0, 0, 'Carton', NULL, NULL, NULL, 0, NULL, NULL, NULL, '2017-06-09 00:57:32', '2017-06-20 20:17:54', NULL),
(26, 1, 28, NULL, 0, 0, 0, 300000, 'Roll', NULL, NULL, NULL, 0, NULL, NULL, NULL, '2017-06-09 00:57:32', '2017-06-20 20:17:54', NULL),
(27, 1, 29, NULL, 0, 0, 0, 70000, 'Lusin', NULL, NULL, NULL, 0, NULL, NULL, NULL, '2017-06-09 00:57:32', '2017-06-20 20:17:55', NULL),
(28, 1, 30, NULL, 0, 0, 0, 1600000, 'Pcs', NULL, NULL, NULL, 0, NULL, NULL, NULL, '2017-06-09 00:57:32', '2017-06-20 20:17:55', NULL),
(29, 1, 31, NULL, 0, 0, 0, 1100000, 'Pcs', NULL, NULL, NULL, 0, NULL, NULL, NULL, '2017-06-09 00:57:32', '2017-06-20 20:17:55', NULL),
(30, 1, 32, NULL, 0, 0, 0, 9000, 'Pcs', NULL, NULL, NULL, 0, NULL, NULL, NULL, '2017-06-09 00:57:33', '2017-06-20 20:17:55', NULL),
(31, 1, 33, NULL, 0, 0, 0, 710000, 'Carton', NULL, NULL, NULL, 0, NULL, NULL, NULL, '2017-06-09 00:57:33', '2017-06-20 20:17:55', NULL),
(32, 1, 34, NULL, 0, 0, 0, 60000, 'Pcs', NULL, NULL, NULL, 0, NULL, NULL, NULL, '2017-06-09 00:57:33', '2017-06-20 20:17:55', NULL),
(33, 1, 35, NULL, 0, 0, 0, 53000, 'Pcs', NULL, NULL, NULL, 0, NULL, NULL, NULL, '2017-06-09 00:57:33', '2017-06-20 20:17:55', NULL),
(34, 1, 36, NULL, 0, 0, 0, 53000, 'Pcs', NULL, NULL, NULL, 0, NULL, NULL, NULL, '2017-06-09 00:57:33', '2017-06-20 20:17:55', NULL),
(35, 1, 37, NULL, 0, 0, 0, 20000, 'Pcs', NULL, NULL, NULL, 0, NULL, NULL, NULL, '2017-06-09 00:57:33', '2017-06-20 20:17:55', NULL),
(36, 1, 38, NULL, 0, 0, 0, 0, 'Pack', NULL, NULL, NULL, 0, NULL, NULL, NULL, '2017-06-09 00:57:33', '2017-06-20 20:17:55', NULL),
(37, 1, 39, NULL, 0, 0, 0, 16000, 'Pack', NULL, NULL, NULL, 0, NULL, NULL, NULL, '2017-06-09 00:57:33', '2017-06-20 20:17:55', NULL),
(38, 1, 40, NULL, 0, 0, 0, 16000, 'Pack', NULL, NULL, NULL, 0, NULL, NULL, NULL, '2017-06-09 00:57:33', '2017-06-20 20:17:55', NULL),
(39, 1, 41, NULL, 0, 0, 0, 23500, 'Pack', NULL, NULL, NULL, 0, NULL, NULL, NULL, '2017-06-09 00:57:33', '2017-06-20 20:17:55', NULL),
(40, 1, 42, NULL, 0, 0, 0, 13000, 'Pack', NULL, NULL, NULL, 0, NULL, NULL, NULL, '2017-06-09 00:57:33', '2017-06-20 20:17:55', NULL),
(41, 1, 43, NULL, 0, 0, 0, 13000, 'Pack', NULL, NULL, NULL, 0, NULL, NULL, NULL, '2017-06-09 00:57:33', '2017-06-20 20:17:55', NULL),
(42, 1, 44, NULL, 0, 0, 0, 145000, 'Roll', NULL, NULL, NULL, 0, NULL, NULL, NULL, '2017-06-09 00:57:33', '2017-06-20 20:17:55', NULL),
(43, 1, 45, NULL, 0, 0, 0, 100000, 'Pack', NULL, NULL, NULL, 0, NULL, NULL, NULL, '2017-06-09 00:57:33', '2017-06-20 20:17:55', NULL),
(44, 1, 46, NULL, 0, 0, 0, 200000, 'Pcs', NULL, NULL, NULL, 0, NULL, NULL, NULL, '2017-06-09 00:57:33', '2017-06-20 20:17:55', NULL),
(45, 1, 47, NULL, 0, 0, 0, 70000, 'Carton', NULL, NULL, NULL, 0, NULL, NULL, NULL, '2017-06-09 00:57:33', '2017-06-20 20:17:55', NULL),
(46, 1, 48, NULL, 0, 0, 0, 21500, 'Pack', NULL, NULL, NULL, 0, NULL, NULL, NULL, '2017-06-09 00:57:33', '2017-06-20 20:17:55', NULL),
(47, 1, 49, NULL, 0, 0, 0, 60000, 'Lusin', NULL, NULL, NULL, 0, NULL, NULL, NULL, '2017-06-09 00:57:33', '2017-06-20 20:17:55', NULL),
(48, 1, 50, NULL, 0, 0, 0, 400000, 'Carton', NULL, NULL, NULL, 0, NULL, NULL, NULL, '2017-06-09 00:57:33', '2017-06-20 20:17:55', NULL),
(49, 1, 51, NULL, 0, 0, 0, 70000, 'Set', NULL, NULL, NULL, 0, NULL, NULL, NULL, '2017-06-09 00:57:33', '2017-06-20 20:17:56', NULL),
(50, 1, 52, NULL, 0, 0, 0, 430000, 'Carton', NULL, NULL, NULL, 0, NULL, NULL, NULL, '2017-06-09 00:57:34', '2017-06-20 20:17:56', NULL),
(51, 1, 53, NULL, 0, 0, 0, 85000, 'Pcs', NULL, NULL, NULL, 0, NULL, NULL, NULL, '2017-06-09 00:57:34', '2017-06-20 20:17:56', NULL),
(52, 1, 54, NULL, 0, 0, 0, 20000, 'Pack', NULL, NULL, NULL, 0, NULL, NULL, NULL, '2017-06-09 00:57:34', '2017-06-20 20:17:56', NULL),
(53, 1, 55, NULL, 0, 0, 0, 18000, 'Pack', NULL, NULL, NULL, 0, NULL, NULL, NULL, '2017-06-09 00:57:34', '2017-06-20 20:17:56', NULL),
(54, 1, 56, NULL, 0, 0, 0, 448000, 'Pcs', NULL, NULL, NULL, 0, NULL, NULL, NULL, '2017-06-09 00:57:34', '2017-06-20 20:17:56', NULL),
(55, 1, 57, NULL, 0, 0, 0, 476000, 'Pcs', NULL, NULL, NULL, 0, NULL, NULL, NULL, '2017-06-09 00:57:34', '2017-06-20 20:17:56', NULL),
(56, 1, 58, NULL, 0, 0, 0, 566000, 'Pcs', NULL, NULL, NULL, 0, NULL, NULL, NULL, '2017-06-09 00:57:34', '2017-06-20 20:17:56', NULL),
(57, 1, 59, NULL, 0, 0, 0, 70000, 'Pcs', NULL, NULL, NULL, 0, NULL, NULL, NULL, '2017-06-09 00:57:34', '2017-06-20 20:17:56', NULL),
(58, 1, 60, NULL, 0, 0, 0, 70000, 'Pcs', NULL, NULL, NULL, 0, NULL, NULL, NULL, '2017-06-09 00:57:34', '2017-06-20 20:17:56', NULL),
(59, 1, 61, NULL, 0, 0, 0, 70000, 'Pcs', NULL, NULL, NULL, 0, NULL, NULL, NULL, '2017-06-09 00:57:34', '2017-06-20 20:17:56', NULL),
(60, 1, 62, NULL, 0, 0, 0, 160000, 'Pack', NULL, NULL, NULL, 0, NULL, NULL, NULL, '2017-06-09 00:57:34', '2017-06-20 20:17:56', NULL),
(61, 1, 63, NULL, 0, 0, 0, 70000, 'Pcs', NULL, NULL, NULL, 0, NULL, NULL, NULL, '2017-06-09 00:57:34', '2017-06-20 20:17:56', NULL),
(62, 1, 64, NULL, 0, 0, 0, 21000, 'Lusin', NULL, NULL, NULL, 0, NULL, NULL, NULL, '2017-06-09 00:57:34', '2017-06-20 20:17:56', NULL),
(63, 1, 65, NULL, 0, 0, 0, 8000, 'Lusin', NULL, NULL, NULL, 0, NULL, NULL, NULL, '2017-06-09 00:57:34', '2017-06-20 20:17:56', NULL),
(64, 1, 66, NULL, 0, 0, 0, 20000, 'Pack', NULL, NULL, NULL, 0, NULL, NULL, NULL, '2017-06-09 00:57:34', '2017-06-20 20:17:56', NULL),
(65, 1, 67, NULL, 0, 0, 0, 13000, 'Pack', NULL, NULL, NULL, 0, NULL, NULL, NULL, '2017-06-09 00:57:34', '2017-06-20 20:17:56', NULL),
(66, 1, 68, NULL, 0, 0, 0, 20000, 'Pcs', NULL, NULL, NULL, 0, NULL, NULL, NULL, '2017-06-09 00:57:34', '2017-06-20 20:17:56', NULL),
(67, 1, 69, NULL, 0, 0, 0, 175000, 'Pcs', NULL, NULL, NULL, 0, NULL, NULL, NULL, '2017-06-09 00:57:34', '2017-06-20 20:17:56', NULL),
(68, 1, 70, NULL, 0, 0, 0, 150000, 'Pcs', NULL, NULL, NULL, 0, NULL, NULL, NULL, '2017-06-09 00:57:34', '2017-06-20 20:17:56', NULL),
(69, 1, 71, NULL, 0, 0, 0, 25000, 'Pcs', NULL, NULL, NULL, 0, NULL, NULL, NULL, '2017-06-09 00:57:34', '2017-06-20 20:17:56', NULL),
(70, 1, 72, NULL, 0, 0, 0, 680000, 'Pcs', NULL, NULL, NULL, 0, NULL, NULL, NULL, '2017-06-09 00:57:34', '2017-06-20 20:17:56', NULL),
(71, 1, 73, NULL, 0, 0, 0, 720000, 'Pcs', NULL, NULL, NULL, 0, NULL, NULL, NULL, '2017-06-09 00:57:34', '2017-06-20 20:17:56', NULL),
(72, 1, 74, NULL, 0, 0, 0, 130000, 'Pcs', NULL, NULL, NULL, 0, NULL, NULL, NULL, '2017-06-09 00:57:35', '2017-06-20 20:17:57', NULL),
(73, 1, 75, NULL, 0, 0, 0, 120000, 'Pcs', NULL, NULL, NULL, 0, NULL, NULL, NULL, '2017-06-09 00:57:35', '2017-06-20 20:17:57', NULL),
(74, 1, 76, NULL, 0, 0, 0, 120000, 'Pcs', NULL, NULL, NULL, 0, NULL, NULL, NULL, '2017-06-09 00:57:35', '2017-06-20 20:17:57', NULL),
(75, 1, 77, NULL, 0, 0, 0, 120000, 'Pcs', NULL, NULL, NULL, 0, NULL, NULL, NULL, '2017-06-09 00:57:35', '2017-06-20 20:17:57', NULL),
(76, 1, 78, NULL, 0, 0, 0, 120000, 'Pcs', NULL, NULL, NULL, 0, NULL, NULL, NULL, '2017-06-09 00:57:35', '2017-06-20 20:17:57', NULL),
(77, 1, 79, NULL, 0, 0, 0, 120000, 'Pcs', NULL, NULL, NULL, 0, NULL, NULL, NULL, '2017-06-09 00:57:35', '2017-06-20 20:17:57', NULL),
(78, 1, 80, NULL, 0, 0, 0, 120000, 'Pcs', NULL, NULL, NULL, 0, NULL, NULL, NULL, '2017-06-09 00:57:35', '2017-06-20 20:17:57', NULL),
(79, 1, 81, NULL, 0, 0, 0, 83000, 'Pcs', NULL, NULL, NULL, 0, NULL, NULL, NULL, '2017-06-09 00:57:35', '2017-06-20 20:17:57', NULL),
(80, 1, 82, NULL, 0, 0, 0, 85000, 'Pcs', NULL, NULL, NULL, 0, NULL, NULL, NULL, '2017-06-09 00:57:35', '2017-06-20 20:17:57', NULL),
(81, 1, 83, NULL, 0, 0, 0, 17500, 'Pcs', NULL, NULL, NULL, 0, NULL, NULL, NULL, '2017-06-09 00:57:35', '2017-06-20 20:17:57', NULL),
(82, 1, 84, NULL, 0, 0, 0, 185000, 'Pcs', NULL, NULL, NULL, 0, NULL, NULL, NULL, '2017-06-09 00:57:35', '2017-06-20 20:17:57', NULL),
(83, 1, 85, NULL, 0, 0, 0, 23000, 'Lusin', NULL, NULL, NULL, 0, NULL, NULL, NULL, '2017-06-09 00:57:35', '2017-06-20 20:17:57', NULL),
(84, 1, 86, NULL, 0, 0, 0, 25000, 'Lusin', NULL, NULL, NULL, 0, NULL, NULL, NULL, '2017-06-09 00:57:35', '2017-06-20 20:17:57', NULL),
(85, 1, 87, NULL, 0, 0, 0, 100000, 'Pcs', NULL, NULL, NULL, 0, NULL, NULL, NULL, '2017-06-09 00:57:35', '2017-06-20 20:17:57', NULL),
(86, 1, 88, NULL, 0, 0, 0, 45000, 'Pcs', NULL, NULL, NULL, 0, NULL, NULL, NULL, '2017-06-09 00:57:35', '2017-06-20 20:17:57', NULL),
(87, 1, 89, NULL, 0, 0, 0, 45000, 'Pcs', NULL, NULL, NULL, 0, NULL, NULL, NULL, '2017-06-09 00:57:35', '2017-06-20 20:17:57', NULL),
(88, 1, 90, NULL, 0, 0, 0, 45000, 'Pcs', NULL, NULL, NULL, 0, NULL, NULL, NULL, '2017-06-09 00:57:35', '2017-06-20 20:17:57', NULL),
(89, 1, 94, NULL, 0, 0, 0, 200000, 'Pcs', NULL, NULL, NULL, 0, NULL, NULL, NULL, '2017-06-09 00:57:35', '2017-06-20 20:17:57', NULL),
(90, 1, 105, NULL, 0, 0, 0, 0, 'Pcs', NULL, NULL, NULL, 0, NULL, NULL, NULL, '2017-06-09 00:57:35', '2017-06-20 20:17:58', NULL),
(91, 1, 106, NULL, 0, 0, 0, 75000, 'Pcs', NULL, NULL, NULL, 0, NULL, NULL, NULL, '2017-06-09 00:57:36', '2017-06-20 20:17:58', NULL),
(92, 1, 107, NULL, 0, 0, 0, 58000, 'Pcs', NULL, NULL, NULL, 0, NULL, NULL, NULL, '2017-06-09 00:57:36', '2017-06-20 20:17:58', NULL),
(93, 1, 108, NULL, 0, 0, 0, 140000, 'Pcs', NULL, NULL, NULL, 0, NULL, NULL, NULL, '2017-06-09 00:57:36', '2017-06-20 20:17:58', NULL),
(94, 1, 109, NULL, 0, 0, 0, 17500, 'Pcs', NULL, NULL, NULL, 0, NULL, NULL, NULL, '2017-06-09 00:57:36', '2017-06-20 20:17:58', NULL),
(95, 1, 110, NULL, 0, 0, 0, 60000, 'Pcs', NULL, NULL, NULL, 0, NULL, NULL, NULL, '2017-06-09 00:57:36', '2017-06-20 20:17:58', NULL),
(96, 1, 111, NULL, 0, 0, 0, 15000, 'Pcs', NULL, NULL, NULL, 0, NULL, NULL, NULL, '2017-06-09 00:57:36', '2017-06-20 20:17:58', NULL),
(97, 1, 112, NULL, 0, 0, 0, 15000, 'Pcs', NULL, NULL, NULL, 0, NULL, NULL, NULL, '2017-06-09 00:57:36', '2017-06-20 20:17:58', NULL),
(98, 1, 113, NULL, 0, 0, 0, 15000, 'Pcs', NULL, NULL, NULL, 0, NULL, NULL, NULL, '2017-06-09 00:57:36', '2017-06-20 20:17:58', NULL),
(99, 1, 114, NULL, 0, 0, 0, 22000, 'Pcs', NULL, NULL, NULL, 0, NULL, NULL, NULL, '2017-06-09 00:57:36', '2017-06-20 20:17:58', NULL),
(100, 1, 115, NULL, 0, 0, 0, 17000, 'Pcs', NULL, NULL, NULL, 0, NULL, NULL, NULL, '2017-06-09 00:57:36', '2017-06-20 20:17:58', NULL),
(101, 1, 117, NULL, 0, 0, 0, 1050000, 'Unit', NULL, NULL, NULL, 0, NULL, NULL, NULL, '2017-06-09 00:57:36', '2017-06-20 20:17:58', NULL),
(102, 1, 309, NULL, 0, 0, 0, 500000, 'Unit', NULL, NULL, NULL, 0, NULL, NULL, NULL, '2017-06-09 00:57:36', '2017-06-20 20:17:59', NULL),
(103, 1, 310, NULL, 0, 0, 0, 1750000, 'Pcs', NULL, NULL, NULL, 0, NULL, NULL, NULL, '2017-06-09 00:57:36', '2017-06-20 20:17:59', NULL),
(104, 1, 10, NULL, 0, 0, 0, 600000, 'Carton', NULL, NULL, NULL, 0, NULL, NULL, NULL, '2017-06-09 00:57:36', '2017-06-20 20:17:53', NULL),
(105, 1, 91, NULL, 0, 0, 0, 45000, 'Pcs', NULL, NULL, NULL, 0, NULL, NULL, NULL, '2017-06-09 00:57:37', '2017-06-20 20:17:57', NULL),
(106, 1, 92, NULL, 0, 0, 0, 45000, 'Pcs', NULL, NULL, NULL, 0, NULL, NULL, NULL, '2017-06-09 00:57:37', '2017-06-20 20:17:57', NULL),
(107, 1, 93, NULL, 0, 0, 0, 45000, 'Pcs', NULL, NULL, NULL, 0, NULL, NULL, NULL, '2017-06-09 00:57:37', '2017-06-20 20:17:57', NULL),
(108, 1, 96, NULL, 0, 0, 0, 100000, 'Pcs', NULL, NULL, NULL, 0, NULL, NULL, NULL, '2017-06-09 00:57:37', '2017-06-20 20:17:58', NULL),
(109, 1, 97, NULL, 0, 0, 0, 100000, 'Pcs', NULL, NULL, NULL, 0, NULL, NULL, NULL, '2017-06-09 00:57:37', '2017-06-20 20:17:58', NULL),
(110, 1, 98, NULL, 0, 0, 0, 100000, 'Pcs', NULL, NULL, NULL, 0, NULL, NULL, NULL, '2017-06-09 00:57:37', '2017-06-20 20:17:58', NULL),
(111, 1, 99, NULL, 0, 0, 0, 95000, 'Pcs', NULL, NULL, NULL, 0, NULL, NULL, NULL, '2017-06-09 00:57:37', '2017-06-20 20:17:58', NULL),
(112, 1, 100, NULL, 0, 0, 0, 95000, 'Pcs', NULL, NULL, NULL, 0, NULL, NULL, NULL, '2017-06-09 00:57:37', '2017-06-20 20:17:58', NULL),
(113, 1, 101, NULL, 0, 0, 0, 95000, 'Pcs', NULL, NULL, NULL, 0, NULL, NULL, NULL, '2017-06-09 00:57:37', '2017-06-20 20:17:58', NULL),
(114, 1, 102, NULL, 0, 0, 0, 95000, 'Pcs', NULL, NULL, NULL, 0, NULL, NULL, NULL, '2017-06-09 00:57:37', '2017-06-20 20:17:58', NULL),
(115, 1, 103, NULL, 0, 0, 0, 95000, 'Pcs', NULL, NULL, NULL, 0, NULL, NULL, NULL, '2017-06-09 00:57:37', '2017-06-20 20:17:58', NULL),
(116, 1, 104, NULL, 0, 0, 0, 95000, 'Pcs', NULL, NULL, NULL, 0, NULL, NULL, NULL, '2017-06-09 00:57:37', '2017-06-20 20:17:58', NULL),
(117, 1, 116, NULL, 0, 0, 0, 100000, 'Pcs', NULL, NULL, NULL, 0, NULL, NULL, NULL, '2017-06-09 00:57:37', '2017-06-20 20:17:58', NULL),
(118, 1, 118, NULL, 1, 1, 0, 145000, 'Pack', NULL, NULL, NULL, 145000, NULL, NULL, NULL, '2017-06-09 00:57:37', '2017-06-20 20:17:59', NULL),
(119, 1, 120, NULL, 1, 1, 0, 230000, 'Pack', NULL, NULL, NULL, 230000, NULL, NULL, NULL, '2017-06-09 00:57:37', '2017-06-20 20:17:59', NULL),
(120, 1, 121, NULL, 1, 1, 0, 315000, 'Pack', NULL, NULL, NULL, 315000, NULL, NULL, NULL, '2017-06-09 00:57:37', '2017-06-20 20:17:59', NULL),
(121, 1, 122, NULL, 1, 1, 0, 176000, 'Pack', NULL, NULL, NULL, 176000, NULL, NULL, NULL, '2017-06-09 00:57:37', '2017-06-20 20:17:59', NULL),
(122, 1, 123, NULL, 1, 1, 0, 230000, 'Pack', NULL, NULL, NULL, 230000, NULL, NULL, NULL, '2017-06-09 00:57:37', '2017-06-20 20:17:59', NULL),
(123, 1, 124, NULL, 1, 1, 0, 193000, 'Pack', NULL, NULL, NULL, 193000, NULL, NULL, NULL, '2017-06-09 00:57:37', '2017-06-20 20:17:59', NULL),
(124, 1, 125, NULL, 1, 1, 0, 193000, 'Pack', NULL, NULL, NULL, 193000, NULL, NULL, NULL, '2017-06-09 00:57:37', '2017-06-20 20:17:59', NULL),
(125, 1, 126, NULL, 1, 1, 0, 0, 'Pack', NULL, NULL, NULL, 0, NULL, NULL, NULL, '2017-06-09 00:57:37', '2017-06-20 20:17:59', NULL),
(126, 1, 127, NULL, 1, 1, 0, 172500, 'Pack', NULL, NULL, NULL, 172500, NULL, NULL, NULL, '2017-06-09 00:57:37', '2017-06-20 20:17:59', NULL),
(127, 1, 128, NULL, 1, 1, 0, 145000, 'Pack', NULL, NULL, NULL, 145000, NULL, NULL, NULL, '2017-06-09 00:57:38', '2017-06-20 20:17:59', NULL),
(128, 1, 129, NULL, 1, 1, 0, 210000, 'Botol', NULL, NULL, NULL, 210000, NULL, NULL, NULL, '2017-06-09 00:57:38', '2017-06-20 20:17:59', NULL),
(129, 1, 130, NULL, 1, 1, 0, 121000, 'Botol', NULL, NULL, NULL, 121000, NULL, NULL, NULL, '2017-06-09 00:57:38', '2017-06-20 20:17:59', NULL),
(130, 1, 131, NULL, 1, 1, 0, 121000, 'Botol', NULL, NULL, NULL, 121000, NULL, NULL, NULL, '2017-06-09 00:57:38', '2017-06-20 20:17:59', NULL),
(131, 1, 132, NULL, 1, 1, 0, 121000, 'Botol', NULL, NULL, NULL, 121000, NULL, NULL, NULL, '2017-06-09 00:57:38', '2017-06-20 20:17:59', NULL),
(132, 1, 134, NULL, 1, 1, 0, 121000, 'Botol', NULL, NULL, NULL, 121000, NULL, NULL, NULL, '2017-06-09 00:57:38', '2017-06-20 20:17:59', NULL),
(133, 1, 135, NULL, 1, 0, 0, 121000, 'Botol', NULL, NULL, NULL, 0, NULL, NULL, NULL, '2017-06-09 00:57:38', '2017-06-20 20:17:59', NULL),
(134, 1, 136, NULL, 1, 0, 0, 121000, 'Botol', NULL, NULL, NULL, 0, NULL, NULL, NULL, '2017-06-09 00:57:38', '2017-06-20 20:17:59', NULL),
(135, 1, 137, NULL, 1, 0, 0, 121000, 'Botol', NULL, NULL, NULL, 0, NULL, NULL, NULL, '2017-06-09 00:57:38', '2017-06-20 20:17:59', NULL),
(136, 1, 138, NULL, 1, 0, 0, 121000, 'Botol', NULL, NULL, NULL, 0, NULL, NULL, NULL, '2017-06-09 00:57:38', '2017-06-20 20:17:59', NULL),
(137, 1, 139, NULL, 1, 0, 0, 121000, 'Botol', NULL, NULL, NULL, 0, NULL, NULL, NULL, '2017-06-09 00:57:38', '2017-06-20 20:18:00', NULL),
(138, 1, 140, NULL, 1, 0, 0, 121000, 'Botol', NULL, NULL, NULL, 0, NULL, NULL, NULL, '2017-06-09 00:57:38', '2017-06-20 20:18:00', NULL),
(139, 1, 141, NULL, 0, 0, 0, 265100, 'Botol', NULL, NULL, NULL, 0, NULL, NULL, NULL, '2017-06-09 00:57:38', '2017-06-20 20:18:00', NULL),
(140, 1, 142, NULL, 0, 0, 0, 183500, 'Botol', NULL, NULL, NULL, 0, NULL, NULL, NULL, '2017-06-09 00:57:38', '2017-06-20 20:18:00', NULL),
(141, 1, 143, NULL, 0, 0, 0, 183500, 'Botol', NULL, NULL, NULL, 0, NULL, NULL, NULL, '2017-06-09 00:57:38', '2017-06-20 20:18:00', NULL),
(142, 1, 144, NULL, 0, 0, 0, 183500, 'Drigen', NULL, NULL, NULL, 0, NULL, NULL, NULL, '2017-06-09 00:57:38', '2017-06-20 20:18:00', NULL),
(143, 1, 145, NULL, 0, 0, 0, 183500, 'Drigen', NULL, NULL, NULL, 0, NULL, NULL, NULL, '2017-06-09 00:57:38', '2017-06-20 20:18:00', NULL),
(144, 1, 146, NULL, 0, 0, 0, 183500, 'Drigen', NULL, NULL, NULL, 0, NULL, NULL, NULL, '2017-06-09 00:57:38', '2017-06-20 20:18:00', NULL),
(145, 1, 147, NULL, 0, 0, 0, 182000, 'Pack', NULL, NULL, NULL, 0, NULL, NULL, NULL, '2017-06-09 00:57:38', '2017-06-20 20:18:00', NULL),
(146, 1, 148, NULL, 0, 0, 0, 259000, 'Pack', NULL, NULL, NULL, 0, NULL, NULL, NULL, '2017-06-09 00:57:38', '2017-06-20 20:18:00', NULL),
(147, 1, 149, NULL, 0, 0, 0, 120000, 'Pack', NULL, NULL, NULL, 0, NULL, NULL, NULL, '2017-06-09 00:57:38', '2017-06-20 20:18:00', NULL),
(148, 1, 150, NULL, 0, 0, 0, 50000, 'Pack', NULL, NULL, NULL, 0, NULL, NULL, NULL, '2017-06-09 00:57:38', '2017-06-20 20:18:00', NULL),
(149, 1, 151, NULL, 0, 0, 0, 250000, 'Carton', NULL, NULL, NULL, 0, NULL, NULL, NULL, '2017-06-09 00:57:38', '2017-06-20 20:18:00', NULL),
(150, 1, 152, NULL, 0, 0, 0, 10000, 'Kg', NULL, NULL, NULL, 0, NULL, NULL, NULL, '2017-06-09 00:57:39', '2017-06-20 20:18:00', NULL),
(151, 1, 153, NULL, 0, 0, 0, 120000, 'Dus', NULL, NULL, NULL, 0, NULL, NULL, NULL, '2017-06-09 00:57:39', '2017-06-20 20:18:00', NULL),
(152, 1, 154, NULL, 0, 0, 0, 55000, 'Pack', NULL, NULL, NULL, 0, NULL, NULL, NULL, '2017-06-09 00:57:39', '2017-06-20 20:18:00', NULL),
(153, 1, 155, NULL, 0, 0, 0, 0, 'Pack', NULL, NULL, NULL, 0, NULL, NULL, NULL, '2017-06-09 00:57:39', '2017-06-20 20:18:00', NULL),
(154, 1, 156, NULL, 0, 0, 0, 19500, 'Pack', NULL, NULL, NULL, 0, NULL, NULL, NULL, '2017-06-09 00:57:39', '2017-06-20 20:18:00', NULL),
(155, 1, 157, NULL, 0, 0, 0, 15000, 'Pack', NULL, NULL, NULL, 0, NULL, NULL, NULL, '2017-06-09 00:57:39', '2017-06-20 20:18:00', NULL),
(156, 1, 158, NULL, 0, 0, 0, 6000, 'Pack', NULL, NULL, NULL, 0, NULL, NULL, NULL, '2017-06-09 00:57:39', '2017-06-20 20:18:00', NULL),
(157, 1, 159, NULL, 0, 0, 0, 0, 'Carton', NULL, NULL, NULL, 0, NULL, NULL, NULL, '2017-06-09 00:57:39', '2017-06-20 20:18:00', NULL),
(158, 1, 160, NULL, 0, 0, 0, 531000, 'Carton', NULL, NULL, NULL, 0, NULL, NULL, NULL, '2017-06-09 00:57:39', '2017-06-20 20:18:00', NULL),
(159, 1, 161, NULL, 0, 0, 0, 416000, 'Carton', NULL, NULL, NULL, 0, NULL, NULL, NULL, '2017-06-09 00:57:39', '2017-06-20 20:18:00', NULL),
(160, 1, 162, NULL, 2, 0, 0, 0, 'Carton', NULL, NULL, NULL, 0, NULL, NULL, NULL, '2017-06-09 00:57:39', '2017-06-20 20:18:01', NULL),
(161, 1, 163, NULL, 2, 0, 0, 185000, 'Dus', NULL, NULL, NULL, 0, NULL, NULL, NULL, '2017-06-09 00:57:39', '2017-06-20 20:18:01', NULL),
(162, 1, 165, NULL, 2, 0, 0, 135000, 'Carton', NULL, NULL, NULL, 0, NULL, NULL, NULL, '2017-06-09 00:57:39', '2017-06-20 20:18:01', NULL),
(163, 1, 166, NULL, 2, 0, 0, 325000, 'Pack', NULL, NULL, NULL, 0, NULL, NULL, NULL, '2017-06-09 00:57:39', '2017-06-20 20:18:01', NULL),
(164, 1, 167, NULL, 2, 0, 0, 81000, 'Dus', NULL, NULL, NULL, 0, NULL, NULL, NULL, '2017-06-09 00:57:39', '2017-06-20 20:18:01', NULL),
(165, 1, 168, NULL, 2, 0, 0, 275000, 'Carton', NULL, NULL, NULL, 0, NULL, NULL, NULL, '2017-06-09 00:57:39', '2017-06-20 20:18:01', NULL),
(166, 1, 169, NULL, 2, 0, 0, 200000, 'Dus', NULL, NULL, NULL, 0, NULL, NULL, NULL, '2017-06-09 00:57:39', '2017-06-20 20:18:01', NULL),
(167, 1, 170, NULL, 2, 0, 0, 213000, 'Carton', NULL, NULL, NULL, 0, NULL, NULL, NULL, '2017-06-09 00:57:39', '2017-06-20 20:18:01', NULL),
(168, 1, 171, NULL, 2, 0, 0, 1550000, 'Dus', NULL, NULL, NULL, 0, NULL, NULL, NULL, '2017-06-09 00:57:39', '2017-06-20 20:18:01', NULL),
(169, 1, 172, NULL, 2, 0, 0, 120000, 'Pack', NULL, NULL, NULL, 0, NULL, NULL, NULL, '2017-06-09 00:57:40', '2017-06-20 20:18:01', NULL),
(170, 1, 173, NULL, 2, 0, 0, 335000, 'Toples', NULL, NULL, NULL, 0, NULL, NULL, NULL, '2017-06-09 00:57:40', '2017-06-20 20:18:01', NULL),
(171, 1, 174, NULL, 0, 0, 0, 253000, 'Toples', NULL, NULL, NULL, 0, NULL, NULL, NULL, '2017-06-09 00:57:40', '2017-06-20 20:18:01', NULL),
(172, 1, 175, NULL, 0, 0, 0, 17500, 'Pack', NULL, NULL, NULL, 0, NULL, NULL, NULL, '2017-06-09 00:57:40', '2017-06-20 20:18:01', NULL),
(173, 1, 176, NULL, 0, 0, 0, 78000, 'Kaleng ', NULL, NULL, NULL, 0, NULL, NULL, NULL, '2017-06-09 00:57:40', '2017-06-20 20:18:01', NULL),
(174, 1, 177, NULL, 0, 0, 0, 108000, 'Botol', NULL, NULL, NULL, 0, NULL, NULL, NULL, '2017-06-09 00:57:40', '2017-06-20 20:18:01', NULL),
(175, 1, 178, NULL, 0, 0, 0, 35000, 'Pack', NULL, NULL, NULL, 0, NULL, NULL, NULL, '2017-06-09 00:57:40', '2017-06-20 20:18:01', NULL),
(176, 1, 179, NULL, 0, 0, 0, 36000, 'Pack', NULL, NULL, NULL, 0, NULL, NULL, NULL, '2017-06-09 00:57:40', '2017-06-20 20:18:01', NULL),
(177, 1, 180, NULL, 0, 0, 0, 19500, 'Pack', NULL, NULL, NULL, 0, NULL, NULL, NULL, '2017-06-09 00:57:40', '2017-06-20 20:18:01', NULL),
(178, 1, 181, NULL, 0, 0, 0, 0, 'Carton', NULL, NULL, NULL, 0, NULL, NULL, NULL, '2017-06-09 00:57:40', '2017-06-20 20:18:01', NULL),
(179, 1, 182, NULL, 0, 0, 0, 1020000, 'Dus', NULL, NULL, NULL, 0, NULL, NULL, NULL, '2017-06-09 00:57:40', '2017-06-20 20:18:01', NULL),
(180, 1, 183, NULL, 0, 0, 0, 105000, 'Botol', NULL, NULL, NULL, 0, NULL, NULL, NULL, '2017-06-09 00:57:40', '2017-06-20 20:18:01', NULL),
(181, 1, 184, NULL, 0, 0, 0, 108000, 'Pack', NULL, NULL, NULL, 0, NULL, NULL, NULL, '2017-06-09 00:57:40', '2017-06-20 20:18:01', NULL),
(182, 1, 185, NULL, 0, 0, 0, 0, 'Pack', NULL, NULL, NULL, 0, NULL, NULL, NULL, '2017-06-09 00:57:40', '2017-06-20 20:18:02', NULL),
(183, 1, 186, NULL, 0, 0, 0, 138000, 'Pack', NULL, NULL, NULL, 0, NULL, NULL, NULL, '2017-06-09 00:57:40', '2017-06-20 20:18:02', NULL),
(184, 1, 187, NULL, 0, 0, 0, 78000, 'Pack', NULL, NULL, NULL, 0, NULL, NULL, NULL, '2017-06-09 00:57:40', '2017-06-20 20:18:02', NULL),
(185, 1, 188, NULL, 0, 0, 0, 0, 'Toples', NULL, NULL, NULL, 0, NULL, NULL, NULL, '2017-06-09 00:57:40', '2017-06-20 20:18:02', NULL),
(186, 1, 189, NULL, 0, 0, 0, 253000, 'Botol', NULL, NULL, NULL, 0, NULL, NULL, NULL, '2017-06-09 00:57:41', '2017-06-20 20:18:02', NULL),
(187, 1, 190, NULL, 0, 0, 0, 45000, 'Pack', NULL, NULL, NULL, 0, NULL, NULL, NULL, '2017-06-09 00:57:41', '2017-06-20 20:18:02', NULL),
(188, 1, 191, NULL, 0, 0, 0, 14000, 'Botol', NULL, NULL, NULL, 0, NULL, NULL, NULL, '2017-06-09 00:57:41', '2017-06-20 20:18:02', NULL),
(189, 1, 192, NULL, 0, 0, 0, 12000, 'Botol', NULL, NULL, NULL, 0, NULL, NULL, NULL, '2017-06-09 00:57:41', '2017-06-20 20:18:02', NULL),
(190, 1, 193, NULL, 0, 0, 0, 15500, 'Botol', NULL, NULL, NULL, 0, NULL, NULL, NULL, '2017-06-09 00:57:41', '2017-06-20 20:18:02', NULL),
(191, 1, 194, NULL, 0, 0, 0, 13000, 'Botol', NULL, NULL, NULL, 0, NULL, NULL, NULL, '2017-06-09 00:57:41', '2017-06-20 20:18:02', NULL),
(192, 1, 195, NULL, 0, 0, 0, 18000, 'Botol', NULL, NULL, NULL, 0, NULL, NULL, NULL, '2017-06-09 00:57:41', '2017-06-20 20:18:02', NULL),
(193, 1, 196, NULL, 0, 0, 0, 33000, 'Pack', NULL, NULL, NULL, 0, NULL, NULL, NULL, '2017-06-09 00:57:41', '2017-06-20 20:18:02', NULL),
(194, 1, 197, NULL, 0, 0, 0, 18000, 'Kg', NULL, NULL, NULL, 0, NULL, NULL, NULL, '2017-06-09 00:57:41', '2017-06-20 20:18:02', NULL),
(195, 1, 198, NULL, 0, 0, 0, 60000, 'Pack', NULL, NULL, NULL, 0, NULL, NULL, NULL, '2017-06-09 00:57:41', '2017-06-20 20:18:02', NULL),
(196, 1, 199, NULL, 0, 0, 0, 120000, 'Pack', NULL, NULL, NULL, 0, NULL, NULL, NULL, '2017-06-09 00:57:41', '2017-06-20 20:18:02', NULL),
(197, 1, 200, NULL, 0, 0, 0, 16000, 'Kg', NULL, NULL, NULL, 0, NULL, NULL, NULL, '2017-06-09 00:57:41', '2017-06-20 20:18:02', NULL),
(198, 1, 201, NULL, 0, 0, 0, 193000, 'Toples', NULL, NULL, NULL, 0, NULL, NULL, NULL, '2017-06-09 00:57:41', '2017-06-20 20:18:02', NULL),
(199, 1, 202, NULL, 0, 0, 0, 150000, 'Pack', NULL, NULL, NULL, 0, NULL, NULL, NULL, '2017-06-09 00:57:41', '2017-06-20 20:18:02', NULL),
(200, 1, 203, NULL, 1, 0, 0, 130000, 'Pack', NULL, NULL, NULL, 0, NULL, NULL, NULL, '2017-06-09 00:57:41', '2017-06-20 20:18:02', NULL),
(201, 1, 204, NULL, 1, 0, 0, 85000, 'Botol', NULL, NULL, NULL, 0, NULL, NULL, NULL, '2017-06-09 00:57:41', '2017-06-20 20:18:02', NULL),
(202, 1, 205, NULL, 1, 0, 0, 127050, 'Pail', NULL, NULL, NULL, 0, NULL, NULL, NULL, '2017-06-09 00:57:41', '2017-06-20 20:18:03', NULL),
(203, 1, 206, NULL, 1, 0, 0, 127050, 'Pail', NULL, NULL, NULL, 0, NULL, NULL, NULL, '2017-06-09 00:57:41', '2017-06-20 20:18:03', NULL),
(204, 1, 207, NULL, 1, 0, 0, 146410, 'Pail', NULL, NULL, NULL, 0, NULL, NULL, NULL, '2017-06-09 00:57:41', '2017-06-20 20:18:03', NULL),
(205, 1, 208, NULL, 1, 0, 0, 330000, 'Pail', NULL, NULL, NULL, 0, NULL, NULL, NULL, '2017-06-09 00:57:41', '2017-06-20 20:18:03', NULL),
(206, 1, 209, NULL, 1, 0, 0, 330000, 'Pail', NULL, NULL, NULL, 0, NULL, NULL, NULL, '2017-06-09 00:57:41', '2017-06-20 20:18:03', NULL),
(207, 1, 210, NULL, 1, 0, 0, 0, 'Pack', NULL, NULL, NULL, 0, NULL, NULL, NULL, '2017-06-09 00:57:41', '2017-06-20 20:18:03', NULL),
(208, 1, 211, NULL, 1, 0, 0, 330000, 'Box', NULL, NULL, NULL, 0, NULL, NULL, NULL, '2017-06-09 00:57:42', '2017-06-20 20:18:03', NULL),
(209, 1, 212, NULL, 0, 0, 0, 330000, 'Box', NULL, NULL, NULL, 0, NULL, NULL, NULL, '2017-06-09 00:57:42', '2017-06-20 20:18:03', NULL),
(210, 1, 213, NULL, 0, 0, 0, 200000, 'Box', NULL, NULL, NULL, 0, NULL, NULL, NULL, '2017-06-09 00:57:42', '2017-06-20 20:18:03', NULL),
(211, 1, 214, NULL, 0, 0, 0, 120000, 'Box', NULL, NULL, NULL, 0, NULL, NULL, NULL, '2017-06-09 00:57:42', '2017-06-20 20:18:03', NULL),
(212, 1, 215, NULL, 0, 0, 0, 125000, 'Carton', NULL, NULL, NULL, 0, NULL, NULL, NULL, '2017-06-09 00:57:42', '2017-06-20 20:18:03', NULL),
(213, 1, 216, NULL, 0, 0, 0, 92500, 'Pack', NULL, NULL, NULL, 0, NULL, NULL, NULL, '2017-06-09 00:57:42', '2017-06-20 20:18:03', NULL),
(214, 1, 217, NULL, 0, 0, 0, 13000, 'Pack', NULL, NULL, NULL, 0, NULL, NULL, NULL, '2017-06-09 00:57:42', '2017-06-20 20:18:03', NULL),
(215, 1, 218, NULL, 0, 0, 0, 138000, 'Kg', NULL, NULL, NULL, 0, NULL, NULL, NULL, '2017-06-09 00:57:42', '2017-06-20 20:18:03', NULL),
(216, 1, 219, NULL, 0, 0, 0, 245000, 'Kg', NULL, NULL, NULL, 0, NULL, NULL, NULL, '2017-06-09 00:57:42', '2017-06-20 20:18:03', NULL),
(217, 1, 220, NULL, 0, 0, 0, 50000, 'Kg', NULL, NULL, NULL, 0, NULL, NULL, NULL, '2017-06-09 00:57:42', '2017-06-20 20:18:03', NULL),
(218, 1, 221, NULL, 0, 0, 0, 215000, 'Pack', NULL, NULL, NULL, 0, NULL, NULL, NULL, '2017-06-09 00:57:42', '2017-06-20 20:18:03', NULL),
(219, 1, 222, NULL, 0, 0, 0, 140000, 'pack', NULL, NULL, NULL, 0, NULL, NULL, NULL, '2017-06-09 00:57:42', '2017-06-20 20:18:03', NULL),
(220, 1, 223, NULL, 0, 0, 0, 68000, 'Pack', NULL, NULL, NULL, 0, NULL, NULL, NULL, '2017-06-09 00:57:42', '2017-06-20 20:18:03', NULL),
(221, 1, 224, NULL, 0, 0, 0, 30000, 'Pack ', NULL, NULL, NULL, 0, NULL, NULL, NULL, '2017-06-09 00:57:42', '2017-06-20 20:18:03', NULL),
(222, 1, 225, NULL, 0, 0, 0, 0, 'Carton', NULL, NULL, NULL, 0, NULL, NULL, NULL, '2017-06-09 00:57:42', '2017-06-20 20:18:03', NULL),
(223, 1, 226, NULL, 0, 0, 0, 50000, 'Kg', NULL, NULL, NULL, 0, NULL, NULL, NULL, '2017-06-09 00:57:42', '2017-06-20 20:18:04', NULL),
(224, 1, 227, NULL, 0, 0, 0, 80000, 'Drigen', NULL, NULL, NULL, 0, NULL, NULL, NULL, '2017-06-09 00:57:42', '2017-06-20 20:18:04', NULL),
(225, 1, 228, NULL, 0, 0, 0, 120000, 'Drigen', NULL, NULL, NULL, 0, NULL, NULL, NULL, '2017-06-09 00:57:42', '2017-06-20 20:18:04', NULL),
(226, 1, 229, NULL, 0, 0, 0, 230000, 'Drigen', NULL, NULL, NULL, 0, NULL, NULL, NULL, '2017-06-09 00:57:42', '2017-06-20 20:18:04', NULL),
(227, 1, 230, NULL, 0, 0, 0, 22000, 'Kg', NULL, NULL, NULL, 0, NULL, NULL, NULL, '2017-06-09 00:57:42', '2017-06-20 20:18:04', NULL),
(228, 1, 231, NULL, 0, 0, 0, 132000, 'Drigen', NULL, NULL, NULL, 0, NULL, NULL, NULL, '2017-06-09 00:57:42', '2017-06-20 20:18:04', NULL),
(229, 1, 232, NULL, 0, 0, 0, 0, 'Botol', NULL, NULL, NULL, 0, NULL, NULL, NULL, '2017-06-09 00:57:42', '2017-06-20 20:18:04', NULL),
(230, 1, 233, NULL, 0, 0, 0, 145000, 'Drigen', NULL, NULL, NULL, 0, NULL, NULL, NULL, '2017-06-09 00:57:43', '2017-06-20 20:18:04', NULL),
(231, 1, 234, NULL, 0, 0, 0, 135000, 'Drigen', NULL, NULL, NULL, 0, NULL, NULL, NULL, '2017-06-09 00:57:43', '2017-06-20 20:18:04', NULL),
(232, 1, 235, NULL, 0, 0, 0, 45000, 'Drigen', NULL, NULL, NULL, 0, NULL, NULL, NULL, '2017-06-09 00:57:43', '2017-06-20 20:18:04', NULL),
(233, 1, 236, NULL, 0, 0, 0, 78000, 'Pack', NULL, NULL, NULL, 0, NULL, NULL, NULL, '2017-06-09 00:57:43', '2017-06-20 20:18:04', NULL),
(234, 1, 237, NULL, 0, 0, 0, 147500, 'Drigen', NULL, NULL, NULL, 0, NULL, NULL, NULL, '2017-06-09 00:57:43', '2017-06-20 20:18:04', NULL),
(235, 1, 238, NULL, 0, 0, 0, 120000, 'Drigen', NULL, NULL, NULL, 0, NULL, NULL, NULL, '2017-06-09 00:57:43', '2017-06-20 20:18:04', NULL),
(236, 1, 239, NULL, 0, 0, 0, 125000, 'Drigen', NULL, NULL, NULL, 0, NULL, NULL, NULL, '2017-06-09 00:57:43', '2017-06-20 20:18:04', NULL),
(237, 1, 240, NULL, 0, 0, 0, 125000, 'Drigen', NULL, NULL, NULL, 0, NULL, NULL, NULL, '2017-06-09 00:57:43', '2017-06-20 20:18:04', NULL),
(238, 1, 241, NULL, 0, 0, 0, 125000, 'Drigen', NULL, NULL, NULL, 0, NULL, NULL, NULL, '2017-06-09 00:57:43', '2017-06-20 20:18:04', NULL),
(239, 1, 242, NULL, 0, 0, 0, 0, 'Meter2', NULL, NULL, NULL, 0, NULL, NULL, NULL, '2017-06-09 00:57:43', '2017-06-20 20:18:05', NULL),
(240, 1, 243, NULL, 0, 0, 0, 0, 'Meter2', NULL, NULL, NULL, 0, NULL, NULL, NULL, '2017-06-09 00:57:43', '2017-06-20 20:18:05', NULL),
(241, 1, 244, NULL, 0, 0, 0, 0, 'Meter2', NULL, NULL, NULL, 0, NULL, NULL, NULL, '2017-06-09 00:57:43', '2017-06-20 20:18:05', NULL),
(242, 1, 245, NULL, 0, 0, 0, 0, 'Meter2', NULL, NULL, NULL, 0, NULL, NULL, NULL, '2017-06-09 00:57:43', '2017-06-20 20:18:05', NULL),
(243, 1, 164, NULL, 0, 0, 0, 950000, 'Dus', NULL, NULL, NULL, 0, NULL, NULL, NULL, '2017-06-09 00:57:43', '2017-06-20 20:18:01', NULL),
(244, 2, 2, NULL, 1, 4, 0, 395000, 'Pcs', NULL, NULL, NULL, 1580000, NULL, NULL, NULL, '2017-07-03 23:11:24', '2017-07-03 23:16:18', NULL),
(245, 2, 3, NULL, 2, 3, 0, 15000, 'Pcs', NULL, NULL, NULL, 45000, NULL, NULL, NULL, '2017-07-03 23:11:24', '2017-07-03 23:16:18', NULL),
(246, 2, 4, NULL, 3, 1, 0, 55000, 'Pack', NULL, NULL, NULL, 55000, NULL, NULL, NULL, '2017-07-03 23:11:24', '2017-07-03 23:16:18', NULL),
(247, 2, 5, NULL, 4, 3, 0, 35000, 'Pcs', NULL, NULL, NULL, 105000, NULL, NULL, NULL, '2017-07-03 23:11:24', '2017-07-03 23:16:18', NULL),
(248, 2, 6, NULL, 5, 44, 0, 60000, 'Pcs', NULL, NULL, NULL, 2640000, NULL, NULL, NULL, '2017-07-03 23:11:24', '2017-07-03 23:16:18', NULL),
(249, 2, 7, NULL, 6, 5, 0, 11000, 'Pcs', NULL, NULL, NULL, 55000, NULL, NULL, NULL, '2017-07-03 23:11:24', '2017-07-03 23:16:18', NULL),
(250, 2, 8, NULL, 7, 0, 0, 15000, 'Pcs', NULL, NULL, NULL, 0, NULL, NULL, NULL, '2017-07-03 23:11:24', '2017-07-03 23:16:18', NULL),
(251, 2, 9, NULL, 8, 0, 0, 1150000, 'Carton', NULL, NULL, NULL, 0, NULL, NULL, NULL, '2017-07-03 23:11:24', '2017-07-03 23:16:18', NULL),
(252, 2, 11, NULL, 10, 0, 0, 1250000, 'Carton', NULL, NULL, NULL, 0, NULL, NULL, NULL, '2017-07-03 23:11:24', '2017-07-03 23:16:19', NULL),
(253, 2, 13, NULL, 12, 0, 0, 60000, 'Lusin', NULL, NULL, NULL, 0, NULL, NULL, NULL, '2017-07-03 23:11:24', '2017-07-03 23:16:19', NULL),
(254, 2, 14, NULL, 13, 0, 0, 425000, 'Carton', NULL, NULL, NULL, 0, NULL, NULL, NULL, '2017-07-03 23:11:24', '2017-07-03 23:16:19', NULL),
(255, 2, 15, NULL, 14, 0, 0, 395000, 'Dus', NULL, NULL, NULL, 0, NULL, NULL, NULL, '2017-07-03 23:11:24', '2017-07-03 23:16:19', NULL),
(256, 2, 16, NULL, 15, 0, 0, 270000, 'Pack', NULL, NULL, NULL, 0, NULL, NULL, NULL, '2017-07-03 23:11:24', '2017-07-03 23:16:19', NULL),
(257, 2, 17, NULL, 17, 0, 0, 120000, 'Pcs', NULL, NULL, NULL, 0, NULL, NULL, NULL, '2017-07-03 23:11:24', '2017-07-03 23:16:19', NULL),
(258, 2, 18, NULL, 18, 0, 0, 100000, 'Pack', NULL, NULL, NULL, 0, NULL, NULL, NULL, '2017-07-03 23:11:24', '2017-07-03 23:16:19', NULL),
(259, 2, 19, NULL, 19, 0, 0, 2200000, 'Carton', NULL, NULL, NULL, 0, NULL, NULL, NULL, '2017-07-03 23:11:24', '2017-07-03 23:16:19', NULL),
(260, 2, 20, NULL, 20, 0, 0, 20000, 'Pcs', NULL, NULL, NULL, 0, NULL, NULL, NULL, '2017-07-03 23:11:24', '2017-07-03 23:16:19', NULL),
(261, 2, 21, NULL, 21, 0, 0, 175000, 'Pcs', NULL, NULL, NULL, 0, NULL, NULL, NULL, '2017-07-03 23:11:25', '2017-07-03 23:16:19', NULL),
(262, 2, 22, NULL, 22, 0, 0, 1100000, 'Pcs', NULL, NULL, NULL, 0, NULL, NULL, NULL, '2017-07-03 23:11:25', '2017-07-03 23:16:19', NULL),
(263, 2, 23, NULL, 23, 0, 0, 70000, 'Pcs', NULL, NULL, NULL, 0, NULL, NULL, NULL, '2017-07-03 23:11:25', '2017-07-03 23:16:19', NULL),
(264, 2, 24, NULL, 24, 0, 0, 75000, 'Pcs', NULL, NULL, NULL, 0, NULL, NULL, NULL, '2017-07-03 23:11:25', '2017-07-03 23:16:19', NULL),
(265, 2, 25, NULL, 25, 0, 0, 250000, 'Carton', NULL, NULL, NULL, 0, NULL, NULL, NULL, '2017-07-03 23:11:25', '2017-07-03 23:16:19', NULL),
(266, 2, 26, NULL, 26, 0, 0, 250000, 'Carton', NULL, NULL, NULL, 0, NULL, NULL, NULL, '2017-07-03 23:11:25', '2017-07-03 23:16:19', NULL),
(267, 2, 28, NULL, 28, 0, 0, 300000, 'Roll', NULL, NULL, NULL, 0, NULL, NULL, NULL, '2017-07-03 23:11:25', '2017-07-03 23:16:19', NULL),
(268, 2, 29, NULL, 29, 0, 0, 70000, 'Lusin', NULL, NULL, NULL, 0, NULL, NULL, NULL, '2017-07-03 23:11:25', '2017-07-03 23:16:19', NULL),
(269, 2, 30, NULL, 30, 0, 0, 1600000, 'Pcs', NULL, NULL, NULL, 0, NULL, NULL, NULL, '2017-07-03 23:11:25', '2017-07-03 23:16:20', NULL),
(270, 2, 31, NULL, 31, 0, 0, 1100000, 'Pcs', NULL, NULL, NULL, 0, NULL, NULL, NULL, '2017-07-03 23:11:25', '2017-07-03 23:16:20', NULL),
(271, 2, 32, NULL, 32, 0, 0, 9000, 'Pcs', NULL, NULL, NULL, 0, NULL, NULL, NULL, '2017-07-03 23:11:25', '2017-07-03 23:16:20', NULL),
(272, 2, 33, NULL, 33, 0, 0, 710000, 'Carton', NULL, NULL, NULL, 0, NULL, NULL, NULL, '2017-07-03 23:11:25', '2017-07-03 23:16:20', NULL),
(273, 2, 34, NULL, 34, 0, 0, 60000, 'Pcs', NULL, NULL, NULL, 0, NULL, NULL, NULL, '2017-07-03 23:11:26', '2017-07-03 23:16:20', NULL),
(274, 2, 35, NULL, 36, 0, 0, 53000, 'Pcs', NULL, NULL, NULL, 0, NULL, NULL, NULL, '2017-07-03 23:11:26', '2017-07-03 23:16:20', NULL),
(275, 2, 36, NULL, 37, 0, 0, 53000, 'Pcs', NULL, NULL, NULL, 0, NULL, NULL, NULL, '2017-07-03 23:11:26', '2017-07-03 23:16:20', NULL),
(276, 2, 37, NULL, 38, 0, 0, 20000, 'Pcs', NULL, NULL, NULL, 0, NULL, NULL, NULL, '2017-07-03 23:11:26', '2017-07-03 23:16:20', NULL),
(277, 2, 39, NULL, 40, 0, 0, 16000, 'Pack', NULL, NULL, NULL, 0, NULL, NULL, NULL, '2017-07-03 23:11:26', '2017-07-03 23:16:20', NULL),
(278, 2, 40, NULL, 41, 0, 0, 16000, 'Pack', NULL, NULL, NULL, 0, NULL, NULL, NULL, '2017-07-03 23:11:26', '2017-07-03 23:16:20', NULL),
(279, 2, 41, NULL, 42, 0, 0, 23500, 'Pack', NULL, NULL, NULL, 0, NULL, NULL, NULL, '2017-07-03 23:11:26', '2017-07-03 23:16:20', NULL),
(280, 2, 42, NULL, 43, 0, 0, 13000, 'Pack', NULL, NULL, NULL, 0, NULL, NULL, NULL, '2017-07-03 23:11:26', '2017-07-03 23:16:20', NULL),
(281, 2, 43, NULL, 44, 0, 0, 13000, 'Pack', NULL, NULL, NULL, 0, NULL, NULL, NULL, '2017-07-03 23:11:26', '2017-07-03 23:16:20', NULL),
(282, 2, 44, NULL, 45, 0, 0, 145000, 'Roll', NULL, NULL, NULL, 0, NULL, NULL, NULL, '2017-07-03 23:11:26', '2017-07-03 23:16:21', NULL),
(283, 2, 45, NULL, 46, 0, 0, 100000, 'Pack', NULL, NULL, NULL, 0, NULL, NULL, NULL, '2017-07-03 23:11:26', '2017-07-03 23:16:21', NULL),
(284, 2, 46, NULL, 47, 0, 0, 200000, 'Pcs', NULL, NULL, NULL, 0, NULL, NULL, NULL, '2017-07-03 23:11:27', '2017-07-03 23:16:21', NULL),
(285, 2, 47, NULL, 48, 0, 0, 70000, 'Carton', NULL, NULL, NULL, 0, NULL, NULL, NULL, '2017-07-03 23:11:27', '2017-07-03 23:16:21', NULL),
(286, 2, 48, NULL, 49, 0, 0, 21500, 'Pack', NULL, NULL, NULL, 0, NULL, NULL, NULL, '2017-07-03 23:11:27', '2017-07-03 23:16:21', NULL),
(287, 2, 49, NULL, 50, 0, 0, 60000, 'Lusin', NULL, NULL, NULL, 0, NULL, NULL, NULL, '2017-07-03 23:11:27', '2017-07-03 23:16:21', NULL),
(288, 2, 50, NULL, 51, 0, 0, 400000, 'Carton', NULL, NULL, NULL, 0, NULL, NULL, NULL, '2017-07-03 23:11:27', '2017-07-03 23:16:21', NULL),
(289, 2, 51, NULL, 52, 0, 0, 70000, 'Set', NULL, NULL, NULL, 0, NULL, NULL, NULL, '2017-07-03 23:11:27', '2017-07-03 23:16:21', NULL),
(290, 2, 52, NULL, 53, 0, 0, 430000, 'Carton', NULL, NULL, NULL, 0, NULL, NULL, NULL, '2017-07-03 23:11:27', '2017-07-03 23:16:21', NULL),
(291, 2, 53, NULL, 54, 0, 0, 85000, 'Pcs', NULL, NULL, NULL, 0, NULL, NULL, NULL, '2017-07-03 23:11:28', '2017-07-03 23:16:21', NULL),
(292, 2, 54, NULL, 55, 0, 0, 20000, 'Pack', NULL, NULL, NULL, 0, NULL, NULL, NULL, '2017-07-03 23:11:28', '2017-07-03 23:16:21', NULL),
(293, 2, 55, NULL, 56, 0, 0, 18000, 'Pack', NULL, NULL, NULL, 0, NULL, NULL, NULL, '2017-07-03 23:11:28', '2017-07-03 23:16:21', NULL),
(294, 2, 56, NULL, 57, 0, 0, 448000, 'Pcs', NULL, NULL, NULL, 0, NULL, NULL, NULL, '2017-07-03 23:11:28', '2017-07-03 23:16:21', NULL),
(295, 2, 57, NULL, 58, 0, 0, 476000, 'Pcs', NULL, NULL, NULL, 0, NULL, NULL, NULL, '2017-07-03 23:11:28', '2017-07-03 23:16:21', NULL),
(296, 2, 58, NULL, 59, 0, 0, 566000, 'Pcs', NULL, NULL, NULL, 0, NULL, NULL, NULL, '2017-07-03 23:11:28', '2017-07-03 23:16:21', NULL),
(297, 2, 59, NULL, 60, 0, 0, 70000, 'Pcs', NULL, NULL, NULL, 0, NULL, NULL, NULL, '2017-07-03 23:11:28', '2017-07-03 23:16:21', NULL),
(298, 2, 60, NULL, 61, 0, 0, 70000, 'Pcs', NULL, NULL, NULL, 0, NULL, NULL, NULL, '2017-07-03 23:11:28', '2017-07-03 23:16:22', NULL),
(299, 2, 61, NULL, 62, 0, 0, 70000, 'Pcs', NULL, NULL, NULL, 0, NULL, NULL, NULL, '2017-07-03 23:11:28', '2017-07-03 23:16:22', NULL),
(300, 2, 62, NULL, 63, 0, 0, 160000, 'Pack', NULL, NULL, NULL, 0, NULL, NULL, NULL, '2017-07-03 23:11:28', '2017-07-03 23:16:22', NULL),
(301, 2, 63, NULL, 64, 0, 0, 70000, 'Pcs', NULL, NULL, NULL, 0, NULL, NULL, NULL, '2017-07-03 23:11:28', '2017-07-03 23:16:22', NULL),
(302, 2, 64, NULL, 65, 0, 0, 21000, 'Lusin', NULL, NULL, NULL, 0, NULL, NULL, NULL, '2017-07-03 23:11:28', '2017-07-03 23:16:22', NULL),
(303, 2, 65, NULL, 66, 0, 0, 8000, 'Lusin', NULL, NULL, NULL, 0, NULL, NULL, NULL, '2017-07-03 23:11:28', '2017-07-03 23:16:22', NULL),
(304, 2, 66, NULL, 67, 0, 0, 20000, 'Pack', NULL, NULL, NULL, 0, NULL, NULL, NULL, '2017-07-03 23:11:28', '2017-07-03 23:16:22', NULL),
(305, 2, 67, NULL, 68, 0, 0, 13000, 'Pack', NULL, NULL, NULL, 0, NULL, NULL, NULL, '2017-07-03 23:11:29', '2017-07-03 23:16:22', NULL),
(306, 2, 68, NULL, 69, 0, 0, 20000, 'Pcs', NULL, NULL, NULL, 0, NULL, NULL, NULL, '2017-07-03 23:11:29', '2017-07-03 23:16:22', NULL),
(307, 2, 10, NULL, 0, 0, 0, 600000, 'Carton', NULL, NULL, NULL, 0, NULL, NULL, NULL, '2017-07-03 23:11:29', '2017-07-03 23:16:19', NULL),
(308, 2, 12, NULL, 0, 0, 0, 0, 'Carton', NULL, NULL, NULL, 0, NULL, NULL, NULL, '2017-07-03 23:11:29', '2017-07-03 23:16:19', NULL),
(309, 2, 27, NULL, 0, 0, 0, 0, 'Carton', NULL, NULL, NULL, 0, NULL, NULL, NULL, '2017-07-03 23:11:29', '2017-07-03 23:16:19', NULL),
(310, 2, 38, NULL, 0, 0, 0, 0, 'Pack', NULL, NULL, NULL, 0, NULL, NULL, NULL, '2017-07-03 23:11:29', '2017-07-03 23:16:20', NULL),
(311, 2, 69, NULL, 0, 0, 0, 175000, 'Pcs', NULL, NULL, NULL, 0, NULL, NULL, NULL, '2017-07-03 23:11:29', '2017-07-03 23:16:22', NULL),
(312, 2, 70, NULL, 0, 0, 0, 150000, 'Pcs', NULL, NULL, NULL, 0, NULL, NULL, NULL, '2017-07-03 23:11:29', '2017-07-03 23:16:22', NULL),
(313, 2, 71, NULL, 0, 0, 0, 25000, 'Pcs', NULL, NULL, NULL, 0, NULL, NULL, NULL, '2017-07-03 23:11:29', '2017-07-03 23:16:22', NULL),
(314, 2, 72, NULL, 0, 0, 0, 680000, 'Pcs', NULL, NULL, NULL, 0, NULL, NULL, NULL, '2017-07-03 23:11:29', '2017-07-03 23:16:22', NULL),
(315, 2, 73, NULL, 0, 0, 0, 720000, 'Pcs', NULL, NULL, NULL, 0, NULL, NULL, NULL, '2017-07-03 23:11:29', '2017-07-03 23:16:22', NULL),
(316, 2, 74, NULL, 0, 0, 0, 130000, 'Pcs', NULL, NULL, NULL, 0, NULL, NULL, NULL, '2017-07-03 23:11:29', '2017-07-03 23:16:22', NULL),
(317, 2, 75, NULL, 0, 0, 0, 120000, 'Pcs', NULL, NULL, NULL, 0, NULL, NULL, NULL, '2017-07-03 23:11:29', '2017-07-03 23:16:22', NULL),
(318, 2, 76, NULL, 0, 0, 0, 120000, 'Pcs', NULL, NULL, NULL, 0, NULL, NULL, NULL, '2017-07-03 23:11:30', '2017-07-03 23:16:22', NULL),
(319, 2, 77, NULL, 0, 0, 0, 120000, 'Pcs', NULL, NULL, NULL, 0, NULL, NULL, NULL, '2017-07-03 23:11:30', '2017-07-03 23:16:22', NULL),
(320, 2, 78, NULL, 0, 0, 0, 120000, 'Pcs', NULL, NULL, NULL, 0, NULL, NULL, NULL, '2017-07-03 23:11:30', '2017-07-03 23:16:23', NULL),
(321, 2, 79, NULL, 0, 0, 0, 120000, 'Pcs', NULL, NULL, NULL, 0, NULL, NULL, NULL, '2017-07-03 23:11:30', '2017-07-03 23:16:23', NULL),
(322, 2, 80, NULL, 0, 0, 0, 120000, 'Pcs', NULL, NULL, NULL, 0, NULL, NULL, NULL, '2017-07-03 23:11:30', '2017-07-03 23:16:23', NULL),
(323, 2, 81, NULL, 0, 0, 0, 83000, 'Pcs', NULL, NULL, NULL, 0, NULL, NULL, NULL, '2017-07-03 23:11:30', '2017-07-03 23:16:23', NULL),
(324, 2, 82, NULL, 0, 0, 0, 85000, 'Pcs', NULL, NULL, NULL, 0, NULL, NULL, NULL, '2017-07-03 23:11:30', '2017-07-03 23:16:23', NULL),
(325, 2, 83, NULL, 0, 0, 0, 17500, 'Pcs', NULL, NULL, NULL, 0, NULL, NULL, NULL, '2017-07-03 23:11:30', '2017-07-03 23:16:23', NULL),
(326, 2, 84, NULL, 0, 0, 0, 185000, 'Pcs', NULL, NULL, NULL, 0, NULL, NULL, NULL, '2017-07-03 23:11:30', '2017-07-03 23:16:23', NULL),
(327, 2, 85, NULL, 0, 0, 0, 23000, 'Lusin', NULL, NULL, NULL, 0, NULL, NULL, NULL, '2017-07-03 23:11:30', '2017-07-03 23:16:23', NULL),
(328, 2, 86, NULL, 0, 0, 0, 25000, 'Lusin', NULL, NULL, NULL, 0, NULL, NULL, NULL, '2017-07-03 23:11:30', '2017-07-03 23:16:23', NULL),
(329, 2, 87, NULL, 0, 0, 0, 100000, 'Pcs', NULL, NULL, NULL, 0, NULL, NULL, NULL, '2017-07-03 23:11:30', '2017-07-03 23:16:23', NULL),
(330, 2, 88, NULL, 0, 0, 0, 45000, 'Pcs', NULL, NULL, NULL, 0, NULL, NULL, NULL, '2017-07-03 23:11:30', '2017-07-03 23:16:23', NULL),
(331, 2, 89, NULL, 0, 0, 0, 45000, 'Pcs', NULL, NULL, NULL, 0, NULL, NULL, NULL, '2017-07-03 23:11:30', '2017-07-03 23:16:23', NULL),
(332, 2, 90, NULL, 0, 0, 0, 45000, 'Pcs', NULL, NULL, NULL, 0, NULL, NULL, NULL, '2017-07-03 23:11:31', '2017-07-03 23:16:23', NULL),
(333, 2, 91, NULL, 0, 0, 0, 45000, 'Pcs', NULL, NULL, NULL, 0, NULL, NULL, NULL, '2017-07-03 23:11:31', '2017-07-03 23:16:23', NULL),
(334, 2, 92, NULL, 0, 0, 0, 45000, 'Pcs', NULL, NULL, NULL, 0, NULL, NULL, NULL, '2017-07-03 23:11:31', '2017-07-03 23:16:23', NULL),
(335, 2, 93, NULL, 0, 0, 0, 45000, 'Pcs', NULL, NULL, NULL, 0, NULL, NULL, NULL, '2017-07-03 23:11:31', '2017-07-03 23:16:23', NULL),
(336, 2, 94, NULL, 0, 0, 0, 200000, 'Pcs', NULL, NULL, NULL, 0, NULL, NULL, NULL, '2017-07-03 23:11:31', '2017-07-03 23:16:23', NULL),
(337, 2, 96, NULL, 0, 0, 0, 100000, 'Pcs', NULL, NULL, NULL, 0, NULL, NULL, NULL, '2017-07-03 23:11:31', '2017-07-03 23:16:23', NULL),
(338, 2, 97, NULL, 0, 0, 0, 100000, 'Pcs', NULL, NULL, NULL, 0, NULL, NULL, NULL, '2017-07-03 23:11:31', '2017-07-03 23:16:23', NULL),
(339, 2, 98, NULL, 0, 0, 0, 100000, 'Pcs', NULL, NULL, NULL, 0, NULL, NULL, NULL, '2017-07-03 23:11:31', '2017-07-03 23:16:24', NULL),
(340, 2, 99, NULL, 0, 0, 0, 95000, 'Pcs', NULL, NULL, NULL, 0, NULL, NULL, NULL, '2017-07-03 23:11:31', '2017-07-03 23:16:24', NULL),
(341, 2, 100, NULL, 0, 0, 0, 95000, 'Pcs', NULL, NULL, NULL, 0, NULL, NULL, NULL, '2017-07-03 23:11:31', '2017-07-03 23:16:24', NULL),
(342, 2, 101, NULL, 0, 0, 0, 95000, 'Pcs', NULL, NULL, NULL, 0, NULL, NULL, NULL, '2017-07-03 23:11:31', '2017-07-03 23:16:24', NULL),
(343, 2, 102, NULL, 0, 0, 0, 95000, 'Pcs', NULL, NULL, NULL, 0, NULL, NULL, NULL, '2017-07-03 23:11:31', '2017-07-03 23:16:24', NULL),
(344, 2, 103, NULL, 0, 0, 0, 95000, 'Pcs', NULL, NULL, NULL, 0, NULL, NULL, NULL, '2017-07-03 23:11:31', '2017-07-03 23:16:24', NULL),
(345, 2, 104, NULL, 0, 0, 0, 95000, 'Pcs', NULL, NULL, NULL, 0, NULL, NULL, NULL, '2017-07-03 23:11:31', '2017-07-03 23:16:24', NULL),
(346, 2, 105, NULL, 0, 0, 0, 0, 'Pcs', NULL, NULL, NULL, 0, NULL, NULL, NULL, '2017-07-03 23:11:31', '2017-07-03 23:16:24', NULL),
(347, 2, 106, NULL, 0, 0, 0, 75000, 'Pcs', NULL, NULL, NULL, 0, NULL, NULL, NULL, '2017-07-03 23:11:32', '2017-07-03 23:16:24', NULL),
(348, 2, 107, NULL, 0, 0, 0, 58000, 'Pcs', NULL, NULL, NULL, 0, NULL, NULL, NULL, '2017-07-03 23:11:32', '2017-07-03 23:16:24', NULL),
(349, 2, 108, NULL, 0, 0, 0, 140000, 'Pcs', NULL, NULL, NULL, 0, NULL, NULL, NULL, '2017-07-03 23:11:32', '2017-07-03 23:16:24', NULL),
(350, 2, 109, NULL, 0, 0, 0, 17500, 'Pcs', NULL, NULL, NULL, 0, NULL, NULL, NULL, '2017-07-03 23:11:32', '2017-07-03 23:16:24', NULL),
(351, 2, 110, NULL, 0, 0, 0, 60000, 'Pcs', NULL, NULL, NULL, 0, NULL, NULL, NULL, '2017-07-03 23:11:32', '2017-07-03 23:16:24', NULL),
(352, 2, 111, NULL, 0, 0, 0, 15000, 'Pcs', NULL, NULL, NULL, 0, NULL, NULL, NULL, '2017-07-03 23:11:32', '2017-07-03 23:16:24', NULL),
(353, 2, 112, NULL, 0, 0, 0, 15000, 'Pcs', NULL, NULL, NULL, 0, NULL, NULL, NULL, '2017-07-03 23:11:32', '2017-07-03 23:16:24', NULL),
(354, 2, 113, NULL, 0, 0, 0, 15000, 'Pcs', NULL, NULL, NULL, 0, NULL, NULL, NULL, '2017-07-03 23:11:33', '2017-07-03 23:16:24', NULL),
(355, 2, 114, NULL, 0, 0, 0, 22000, 'Pcs', NULL, NULL, NULL, 0, NULL, NULL, NULL, '2017-07-03 23:11:33', '2017-07-03 23:16:24', NULL),
(356, 2, 115, NULL, 0, 0, 0, 17000, 'Pcs', NULL, NULL, NULL, 0, NULL, NULL, NULL, '2017-07-03 23:11:33', '2017-07-03 23:16:25', NULL),
(357, 2, 116, NULL, 0, 0, 0, 100000, 'Pcs', NULL, NULL, NULL, 0, NULL, NULL, NULL, '2017-07-03 23:11:33', '2017-07-03 23:16:25', NULL),
(358, 2, 117, NULL, 0, 0, 0, 1050000, 'Unit', NULL, NULL, NULL, 0, NULL, NULL, NULL, '2017-07-03 23:11:33', '2017-07-03 23:16:25', NULL),
(359, 2, 309, NULL, 0, 0, 0, 500000, 'Unit', NULL, NULL, NULL, 0, NULL, NULL, NULL, '2017-07-03 23:11:33', '2017-07-03 23:16:25', NULL),
(360, 2, 310, NULL, 0, 0, 0, 1750000, 'Pcs', NULL, NULL, NULL, 0, NULL, NULL, NULL, '2017-07-03 23:11:33', '2017-07-03 23:16:25', NULL),
(361, 2, 118, NULL, 0, 0, 0, 145000, 'Pack', NULL, NULL, NULL, 0, NULL, NULL, NULL, '2017-07-03 23:11:33', '2017-07-03 23:16:25', NULL),
(362, 2, 120, NULL, 0, 0, 0, 230000, 'Pack', NULL, NULL, NULL, 0, NULL, NULL, NULL, '2017-07-03 23:11:33', '2017-07-03 23:16:25', NULL),
(363, 2, 121, NULL, 0, 0, 0, 315000, 'Pack', NULL, NULL, NULL, 0, NULL, NULL, NULL, '2017-07-03 23:11:33', '2017-07-03 23:16:25', NULL),
(364, 2, 122, NULL, 0, 0, 0, 176000, 'Pack', NULL, NULL, NULL, 0, NULL, NULL, NULL, '2017-07-03 23:11:33', '2017-07-03 23:16:25', NULL),
(365, 2, 123, NULL, 0, 0, 0, 230000, 'Pack', NULL, NULL, NULL, 0, NULL, NULL, NULL, '2017-07-03 23:11:33', '2017-07-03 23:16:25', NULL),
(366, 2, 124, NULL, 0, 0, 0, 193000, 'Pack', NULL, NULL, NULL, 0, NULL, NULL, NULL, '2017-07-03 23:11:33', '2017-07-03 23:16:25', NULL),
(367, 2, 125, NULL, 0, 0, 0, 193000, 'Pack', NULL, NULL, NULL, 0, NULL, NULL, NULL, '2017-07-03 23:11:33', '2017-07-03 23:16:25', NULL),
(368, 2, 126, NULL, 0, 0, 0, 0, 'Pack', NULL, NULL, NULL, 0, NULL, NULL, NULL, '2017-07-03 23:11:33', '2017-07-03 23:16:25', NULL),
(369, 2, 127, NULL, 0, 0, 0, 172500, 'Pack', NULL, NULL, NULL, 0, NULL, NULL, NULL, '2017-07-03 23:11:33', '2017-07-03 23:16:25', NULL),
(370, 2, 128, NULL, 0, 0, 0, 145000, 'Pack', NULL, NULL, NULL, 0, NULL, NULL, NULL, '2017-07-03 23:11:33', '2017-07-03 23:16:25', NULL),
(371, 2, 129, NULL, 0, 0, 0, 210000, 'Botol', NULL, NULL, NULL, 0, NULL, NULL, NULL, '2017-07-03 23:11:33', '2017-07-03 23:16:25', NULL);
INSERT INTO `item_central_detail` (`id`, `item_central_id`, `item_id`, `item_name`, `quantity`, `quantity_actual`, `quantity_stock`, `price`, `uom`, `nota_number`, `date`, `spend_by`, `total`, `created_by`, `updated_by`, `deleted_by`, `created_at`, `updated_at`, `deleted_at`) VALUES
(372, 2, 130, NULL, 0, 0, 0, 121000, 'Botol', NULL, NULL, NULL, 0, NULL, NULL, NULL, '2017-07-03 23:11:33', '2017-07-03 23:16:25', NULL),
(373, 2, 131, NULL, 0, 0, 0, 121000, 'Botol', NULL, NULL, NULL, 0, NULL, NULL, NULL, '2017-07-03 23:11:33', '2017-07-03 23:16:25', NULL),
(374, 2, 132, NULL, 0, 0, 0, 121000, 'Botol', NULL, NULL, NULL, 0, NULL, NULL, NULL, '2017-07-03 23:11:34', '2017-07-03 23:16:25', NULL),
(375, 2, 134, NULL, 0, 0, 0, 121000, 'Botol', NULL, NULL, NULL, 0, NULL, NULL, NULL, '2017-07-03 23:11:34', '2017-07-03 23:16:26', NULL),
(376, 2, 135, NULL, 0, 0, 0, 121000, 'Botol', NULL, NULL, NULL, 0, NULL, NULL, NULL, '2017-07-03 23:11:34', '2017-07-03 23:16:26', NULL),
(377, 2, 136, NULL, 0, 0, 0, 121000, 'Botol', NULL, NULL, NULL, 0, NULL, NULL, NULL, '2017-07-03 23:11:34', '2017-07-03 23:16:26', NULL),
(378, 2, 137, NULL, 0, 0, 0, 121000, 'Botol', NULL, NULL, NULL, 0, NULL, NULL, NULL, '2017-07-03 23:11:34', '2017-07-03 23:16:26', NULL),
(379, 2, 138, NULL, 0, 0, 0, 121000, 'Botol', NULL, NULL, NULL, 0, NULL, NULL, NULL, '2017-07-03 23:11:34', '2017-07-03 23:16:26', NULL),
(380, 2, 139, NULL, 0, 0, 0, 121000, 'Botol', NULL, NULL, NULL, 0, NULL, NULL, NULL, '2017-07-03 23:11:34', '2017-07-03 23:16:26', NULL),
(381, 2, 140, NULL, 0, 0, 0, 121000, 'Botol', NULL, NULL, NULL, 0, NULL, NULL, NULL, '2017-07-03 23:11:34', '2017-07-03 23:16:26', NULL),
(382, 2, 141, NULL, 0, 0, 0, 265100, 'Botol', NULL, NULL, NULL, 0, NULL, NULL, NULL, '2017-07-03 23:11:34', '2017-07-03 23:16:26', NULL),
(383, 2, 142, NULL, 0, 0, 0, 183500, 'Botol', NULL, NULL, NULL, 0, NULL, NULL, NULL, '2017-07-03 23:11:34', '2017-07-03 23:16:26', NULL),
(384, 2, 143, NULL, 0, 0, 0, 183500, 'Botol', NULL, NULL, NULL, 0, NULL, NULL, NULL, '2017-07-03 23:11:34', '2017-07-03 23:16:26', NULL),
(385, 2, 144, NULL, 0, 0, 0, 183500, 'Drigen', NULL, NULL, NULL, 0, NULL, NULL, NULL, '2017-07-03 23:11:35', '2017-07-03 23:16:26', NULL),
(386, 2, 145, NULL, 0, 0, 0, 183500, 'Drigen', NULL, NULL, NULL, 0, NULL, NULL, NULL, '2017-07-03 23:11:35', '2017-07-03 23:16:26', NULL),
(387, 2, 146, NULL, 0, 0, 0, 183500, 'Drigen', NULL, NULL, NULL, 0, NULL, NULL, NULL, '2017-07-03 23:11:35', '2017-07-03 23:16:26', NULL),
(388, 2, 147, NULL, 0, 0, 0, 182000, 'Pack', NULL, NULL, NULL, 0, NULL, NULL, NULL, '2017-07-03 23:11:35', '2017-07-03 23:16:26', NULL),
(389, 2, 148, NULL, 0, 0, 0, 259000, 'Pack', NULL, NULL, NULL, 0, NULL, NULL, NULL, '2017-07-03 23:11:35', '2017-07-03 23:16:26', NULL),
(390, 2, 149, NULL, 0, 0, 0, 120000, 'Pack', NULL, NULL, NULL, 0, NULL, NULL, NULL, '2017-07-03 23:11:35', '2017-07-03 23:16:26', NULL),
(391, 2, 150, NULL, 0, 0, 0, 50000, 'Pack', NULL, NULL, NULL, 0, NULL, NULL, NULL, '2017-07-03 23:11:35', '2017-07-03 23:16:26', NULL),
(392, 2, 151, NULL, 0, 0, 0, 250000, 'Carton', NULL, NULL, NULL, 0, NULL, NULL, NULL, '2017-07-03 23:11:35', '2017-07-03 23:16:26', NULL),
(393, 2, 152, NULL, 0, 0, 0, 10000, 'Kg', NULL, NULL, NULL, 0, NULL, NULL, NULL, '2017-07-03 23:11:35', '2017-07-03 23:16:26', NULL),
(394, 2, 153, NULL, 0, 0, 0, 120000, 'Dus', NULL, NULL, NULL, 0, NULL, NULL, NULL, '2017-07-03 23:11:35', '2017-07-03 23:16:27', NULL),
(395, 2, 154, NULL, 0, 0, 0, 55000, 'Pack', NULL, NULL, NULL, 0, NULL, NULL, NULL, '2017-07-03 23:11:35', '2017-07-03 23:16:27', NULL),
(396, 2, 155, NULL, 0, 0, 0, 0, 'Pack', NULL, NULL, NULL, 0, NULL, NULL, NULL, '2017-07-03 23:11:35', '2017-07-03 23:16:27', NULL),
(397, 2, 156, NULL, 0, 0, 0, 19500, 'Pack', NULL, NULL, NULL, 0, NULL, NULL, NULL, '2017-07-03 23:11:35', '2017-07-03 23:16:27', NULL),
(398, 2, 157, NULL, 0, 0, 0, 15000, 'Pack', NULL, NULL, NULL, 0, NULL, NULL, NULL, '2017-07-03 23:11:35', '2017-07-03 23:16:27', NULL),
(399, 2, 158, NULL, 0, 0, 0, 6000, 'Pack', NULL, NULL, NULL, 0, NULL, NULL, NULL, '2017-07-03 23:11:36', '2017-07-03 23:16:27', NULL),
(400, 2, 159, NULL, 0, 0, 0, 0, 'Carton', NULL, NULL, NULL, 0, NULL, NULL, NULL, '2017-07-03 23:11:36', '2017-07-03 23:16:27', NULL),
(401, 2, 160, NULL, 0, 0, 0, 531000, 'Carton', NULL, NULL, NULL, 0, NULL, NULL, NULL, '2017-07-03 23:11:36', '2017-07-03 23:16:27', NULL),
(402, 2, 161, NULL, 0, 0, 0, 416000, 'Carton', NULL, NULL, NULL, 0, NULL, NULL, NULL, '2017-07-03 23:11:36', '2017-07-03 23:16:27', NULL),
(403, 2, 162, NULL, 0, 0, 0, 0, 'Carton', NULL, NULL, NULL, 0, NULL, NULL, NULL, '2017-07-03 23:11:36', '2017-07-03 23:16:27', NULL),
(404, 2, 163, NULL, 0, 0, 0, 185000, 'Dus', NULL, NULL, NULL, 0, NULL, NULL, NULL, '2017-07-03 23:11:36', '2017-07-03 23:16:27', NULL),
(405, 2, 164, NULL, 0, 0, 0, 950000, 'Dus', NULL, NULL, NULL, 0, NULL, NULL, NULL, '2017-07-03 23:11:36', '2017-07-03 23:16:27', NULL),
(406, 2, 165, NULL, 0, 0, 0, 135000, 'Carton', NULL, NULL, NULL, 0, NULL, NULL, NULL, '2017-07-03 23:11:36', '2017-07-03 23:16:27', NULL),
(407, 2, 166, NULL, 0, 0, 0, 325000, 'Pack', NULL, NULL, NULL, 0, NULL, NULL, NULL, '2017-07-03 23:11:36', '2017-07-03 23:16:27', NULL),
(408, 2, 167, NULL, 0, 0, 0, 81000, 'Dus', NULL, NULL, NULL, 0, NULL, NULL, NULL, '2017-07-03 23:11:37', '2017-07-03 23:16:27', NULL),
(409, 2, 168, NULL, 0, 0, 0, 275000, 'Carton', NULL, NULL, NULL, 0, NULL, NULL, NULL, '2017-07-03 23:11:37', '2017-07-03 23:16:27', NULL),
(410, 2, 169, NULL, 0, 0, 0, 200000, 'Dus', NULL, NULL, NULL, 0, NULL, NULL, NULL, '2017-07-03 23:11:37', '2017-07-03 23:16:27', NULL),
(411, 2, 170, NULL, 0, 0, 0, 213000, 'Carton', NULL, NULL, NULL, 0, NULL, NULL, NULL, '2017-07-03 23:11:37', '2017-07-03 23:16:28', NULL),
(412, 2, 171, NULL, 0, 0, 0, 1550000, 'Dus', NULL, NULL, NULL, 0, NULL, NULL, NULL, '2017-07-03 23:11:37', '2017-07-03 23:16:28', NULL),
(413, 2, 172, NULL, 0, 0, 0, 120000, 'Pack', NULL, NULL, NULL, 0, NULL, NULL, NULL, '2017-07-03 23:11:37', '2017-07-03 23:16:28', NULL),
(414, 2, 173, NULL, 0, 0, 0, 335000, 'Toples', NULL, NULL, NULL, 0, NULL, NULL, NULL, '2017-07-03 23:11:37', '2017-07-03 23:16:28', NULL),
(415, 2, 174, NULL, 0, 0, 0, 253000, 'Toples', NULL, NULL, NULL, 0, NULL, NULL, NULL, '2017-07-03 23:11:37', '2017-07-03 23:16:28', NULL),
(416, 2, 175, NULL, 0, 0, 0, 17500, 'Pack', NULL, NULL, NULL, 0, NULL, NULL, NULL, '2017-07-03 23:11:37', '2017-07-03 23:16:28', NULL),
(417, 2, 176, NULL, 0, 0, 0, 78000, 'Kaleng ', NULL, NULL, NULL, 0, NULL, NULL, NULL, '2017-07-03 23:11:37', '2017-07-03 23:16:28', NULL),
(418, 2, 177, NULL, 0, 0, 0, 108000, 'Botol', NULL, NULL, NULL, 0, NULL, NULL, NULL, '2017-07-03 23:11:37', '2017-07-03 23:16:28', NULL),
(419, 2, 178, NULL, 0, 0, 0, 35000, 'Pack', NULL, NULL, NULL, 0, NULL, NULL, NULL, '2017-07-03 23:11:37', '2017-07-03 23:16:28', NULL),
(420, 2, 179, NULL, 0, 0, 0, 36000, 'Pack', NULL, NULL, NULL, 0, NULL, NULL, NULL, '2017-07-03 23:11:37', '2017-07-03 23:16:28', NULL),
(421, 2, 180, NULL, 0, 0, 0, 19500, 'Pack', NULL, NULL, NULL, 0, NULL, NULL, NULL, '2017-07-03 23:11:37', '2017-07-03 23:16:28', NULL),
(422, 2, 181, NULL, 0, 0, 0, 0, 'Carton', NULL, NULL, NULL, 0, NULL, NULL, NULL, '2017-07-03 23:11:37', '2017-07-03 23:16:28', NULL),
(423, 2, 182, NULL, 0, 0, 0, 1020000, 'Dus', NULL, NULL, NULL, 0, NULL, NULL, NULL, '2017-07-03 23:11:37', '2017-07-03 23:16:28', NULL),
(424, 2, 183, NULL, 0, 0, 0, 105000, 'Botol', NULL, NULL, NULL, 0, NULL, NULL, NULL, '2017-07-03 23:11:38', '2017-07-03 23:16:28', NULL),
(425, 2, 184, NULL, 0, 0, 0, 108000, 'Pack', NULL, NULL, NULL, 0, NULL, NULL, NULL, '2017-07-03 23:11:38', '2017-07-03 23:16:28', NULL),
(426, 2, 185, NULL, 0, 0, 0, 0, 'Pack', NULL, NULL, NULL, 0, NULL, NULL, NULL, '2017-07-03 23:11:38', '2017-07-03 23:16:28', NULL),
(427, 2, 186, NULL, 0, 0, 0, 138000, 'Pack', NULL, NULL, NULL, 0, NULL, NULL, NULL, '2017-07-03 23:11:38', '2017-07-03 23:16:28', NULL),
(428, 2, 187, NULL, 0, 0, 0, 78000, 'Pack', NULL, NULL, NULL, 0, NULL, NULL, NULL, '2017-07-03 23:11:38', '2017-07-03 23:16:28', NULL),
(429, 2, 188, NULL, 0, 0, 0, 0, 'Toples', NULL, NULL, NULL, 0, NULL, NULL, NULL, '2017-07-03 23:11:38', '2017-07-03 23:16:28', NULL),
(430, 2, 189, NULL, 0, 0, 0, 253000, 'Botol', NULL, NULL, NULL, 0, NULL, NULL, NULL, '2017-07-03 23:11:38', '2017-07-03 23:16:28', NULL),
(431, 2, 190, NULL, 0, 0, 0, 45000, 'Pack', NULL, NULL, NULL, 0, NULL, NULL, NULL, '2017-07-03 23:11:38', '2017-07-03 23:16:29', NULL),
(432, 2, 191, NULL, 0, 0, 0, 14000, 'Botol', NULL, NULL, NULL, 0, NULL, NULL, NULL, '2017-07-03 23:11:38', '2017-07-03 23:16:29', NULL),
(433, 2, 192, NULL, 0, 0, 0, 12000, 'Botol', NULL, NULL, NULL, 0, NULL, NULL, NULL, '2017-07-03 23:11:38', '2017-07-03 23:16:29', NULL),
(434, 2, 193, NULL, 0, 0, 0, 15500, 'Botol', NULL, NULL, NULL, 0, NULL, NULL, NULL, '2017-07-03 23:11:38', '2017-07-03 23:16:29', NULL),
(435, 2, 194, NULL, 0, 0, 0, 13000, 'Botol', NULL, NULL, NULL, 0, NULL, NULL, NULL, '2017-07-03 23:11:38', '2017-07-03 23:16:29', NULL),
(436, 2, 195, NULL, 0, 0, 0, 18000, 'Botol', NULL, NULL, NULL, 0, NULL, NULL, NULL, '2017-07-03 23:11:39', '2017-07-03 23:16:29', NULL),
(437, 2, 196, NULL, 0, 0, 0, 33000, 'Pack', NULL, NULL, NULL, 0, NULL, NULL, NULL, '2017-07-03 23:11:39', '2017-07-03 23:16:29', NULL),
(438, 2, 197, NULL, 0, 0, 0, 18000, 'Kg', NULL, NULL, NULL, 0, NULL, NULL, NULL, '2017-07-03 23:11:39', '2017-07-03 23:16:29', NULL),
(439, 2, 198, NULL, 0, 0, 0, 60000, 'Pack', NULL, NULL, NULL, 0, NULL, NULL, NULL, '2017-07-03 23:11:39', '2017-07-03 23:16:29', NULL),
(440, 2, 199, NULL, 0, 0, 0, 120000, 'Pack', NULL, NULL, NULL, 0, NULL, NULL, NULL, '2017-07-03 23:11:39', '2017-07-03 23:16:29', NULL),
(441, 2, 200, NULL, 0, 0, 0, 16000, 'Kg', NULL, NULL, NULL, 0, NULL, NULL, NULL, '2017-07-03 23:11:39', '2017-07-03 23:16:29', NULL),
(442, 2, 201, NULL, 0, 0, 0, 193000, 'Toples', NULL, NULL, NULL, 0, NULL, NULL, NULL, '2017-07-03 23:11:39', '2017-07-03 23:16:29', NULL),
(443, 2, 202, NULL, 0, 0, 0, 150000, 'Pack', NULL, NULL, NULL, 0, NULL, NULL, NULL, '2017-07-03 23:11:39', '2017-07-03 23:16:29', NULL),
(444, 2, 203, NULL, 0, 0, 0, 130000, 'Pack', NULL, NULL, NULL, 0, NULL, NULL, NULL, '2017-07-03 23:11:39', '2017-07-03 23:16:29', NULL),
(445, 2, 204, NULL, 0, 0, 0, 85000, 'Botol', NULL, NULL, NULL, 0, NULL, NULL, NULL, '2017-07-03 23:11:39', '2017-07-03 23:16:29', NULL),
(446, 2, 205, NULL, 0, 0, 0, 127050, 'Pail', NULL, NULL, NULL, 0, NULL, NULL, NULL, '2017-07-03 23:11:39', '2017-07-03 23:16:29', NULL),
(447, 2, 206, NULL, 0, 0, 0, 127050, 'Pail', NULL, NULL, NULL, 0, NULL, NULL, NULL, '2017-07-03 23:11:39', '2017-07-03 23:16:29', NULL),
(448, 2, 207, NULL, 0, 0, 0, 146410, 'Pail', NULL, NULL, NULL, 0, NULL, NULL, NULL, '2017-07-03 23:11:39', '2017-07-03 23:16:30', NULL),
(449, 2, 208, NULL, 0, 0, 0, 330000, 'Pail', NULL, NULL, NULL, 0, NULL, NULL, NULL, '2017-07-03 23:11:40', '2017-07-03 23:16:30', NULL),
(450, 2, 209, NULL, 0, 0, 0, 330000, 'Pail', NULL, NULL, NULL, 0, NULL, NULL, NULL, '2017-07-03 23:11:40', '2017-07-03 23:16:30', NULL),
(451, 2, 210, NULL, 0, 0, 0, 0, 'Pack', NULL, NULL, NULL, 0, NULL, NULL, NULL, '2017-07-03 23:11:40', '2017-07-03 23:16:30', NULL),
(452, 2, 211, NULL, 0, 0, 0, 330000, 'Box', NULL, NULL, NULL, 0, NULL, NULL, NULL, '2017-07-03 23:11:40', '2017-07-03 23:16:30', NULL),
(453, 2, 212, NULL, 0, 0, 0, 330000, 'Box', NULL, NULL, NULL, 0, NULL, NULL, NULL, '2017-07-03 23:11:40', '2017-07-03 23:16:30', NULL),
(454, 2, 213, NULL, 0, 0, 0, 200000, 'Box', NULL, NULL, NULL, 0, NULL, NULL, NULL, '2017-07-03 23:11:40', '2017-07-03 23:16:30', NULL),
(455, 2, 214, NULL, 0, 0, 0, 120000, 'Box', NULL, NULL, NULL, 0, NULL, NULL, NULL, '2017-07-03 23:11:40', '2017-07-03 23:16:30', NULL),
(456, 2, 215, NULL, 0, 0, 0, 125000, 'Carton', NULL, NULL, NULL, 0, NULL, NULL, NULL, '2017-07-03 23:11:40', '2017-07-03 23:16:30', NULL),
(457, 2, 216, NULL, 0, 0, 0, 92500, 'Pack', NULL, NULL, NULL, 0, NULL, NULL, NULL, '2017-07-03 23:11:41', '2017-07-03 23:16:30', NULL),
(458, 2, 217, NULL, 0, 0, 0, 13000, 'Pack', NULL, NULL, NULL, 0, NULL, NULL, NULL, '2017-07-03 23:11:41', '2017-07-03 23:16:30', NULL),
(459, 2, 218, NULL, 0, 0, 0, 138000, 'Kg', NULL, NULL, NULL, 0, NULL, NULL, NULL, '2017-07-03 23:11:41', '2017-07-03 23:16:30', NULL),
(460, 2, 219, NULL, 0, 0, 0, 245000, 'Kg', NULL, NULL, NULL, 0, NULL, NULL, NULL, '2017-07-03 23:11:41', '2017-07-03 23:16:30', NULL),
(461, 2, 220, NULL, 0, 0, 0, 50000, 'Kg', NULL, NULL, NULL, 0, NULL, NULL, NULL, '2017-07-03 23:11:41', '2017-07-03 23:16:30', NULL),
(462, 2, 221, NULL, 0, 0, 0, 215000, 'Pack', NULL, NULL, NULL, 0, NULL, NULL, NULL, '2017-07-03 23:11:41', '2017-07-03 23:16:31', NULL),
(463, 2, 222, NULL, 0, 0, 0, 140000, 'pack', NULL, NULL, NULL, 0, NULL, NULL, NULL, '2017-07-03 23:11:41', '2017-07-03 23:16:31', NULL),
(464, 2, 223, NULL, 0, 0, 0, 68000, 'Pack', NULL, NULL, NULL, 0, NULL, NULL, NULL, '2017-07-03 23:11:41', '2017-07-03 23:16:31', NULL),
(465, 2, 224, NULL, 0, 0, 0, 30000, 'Pack ', NULL, NULL, NULL, 0, NULL, NULL, NULL, '2017-07-03 23:11:41', '2017-07-03 23:16:31', NULL),
(466, 2, 225, NULL, 0, 0, 0, 0, 'Carton', NULL, NULL, NULL, 0, NULL, NULL, NULL, '2017-07-03 23:11:42', '2017-07-03 23:16:31', NULL),
(467, 2, 226, NULL, 0, 0, 0, 50000, 'Kg', NULL, NULL, NULL, 0, NULL, NULL, NULL, '2017-07-03 23:11:42', '2017-07-03 23:16:31', NULL),
(468, 2, 227, NULL, 0, 0, 0, 80000, 'Drigen', NULL, NULL, NULL, 0, NULL, NULL, NULL, '2017-07-03 23:11:42', '2017-07-03 23:16:31', NULL),
(469, 2, 228, NULL, 0, 0, 0, 120000, 'Drigen', NULL, NULL, NULL, 0, NULL, NULL, NULL, '2017-07-03 23:11:42', '2017-07-03 23:16:31', NULL),
(470, 2, 229, NULL, 0, 0, 0, 230000, 'Drigen', NULL, NULL, NULL, 0, NULL, NULL, NULL, '2017-07-03 23:11:42', '2017-07-03 23:16:31', NULL),
(471, 2, 230, NULL, 0, 0, 0, 22000, 'Kg', NULL, NULL, NULL, 0, NULL, NULL, NULL, '2017-07-03 23:11:42', '2017-07-03 23:16:31', NULL),
(472, 2, 231, NULL, 0, 0, 0, 132000, 'Drigen', NULL, NULL, NULL, 0, NULL, NULL, NULL, '2017-07-03 23:11:42', '2017-07-03 23:16:31', NULL),
(473, 2, 232, NULL, 0, 0, 0, 0, 'Botol', NULL, NULL, NULL, 0, NULL, NULL, NULL, '2017-07-03 23:11:42', '2017-07-03 23:16:31', NULL),
(474, 2, 233, NULL, 0, 0, 0, 145000, 'Drigen', NULL, NULL, NULL, 0, NULL, NULL, NULL, '2017-07-03 23:11:42', '2017-07-03 23:16:31', NULL),
(475, 2, 234, NULL, 0, 0, 0, 135000, 'Drigen', NULL, NULL, NULL, 0, NULL, NULL, NULL, '2017-07-03 23:11:43', '2017-07-03 23:16:31', NULL),
(476, 2, 235, NULL, 0, 0, 0, 45000, 'Drigen', NULL, NULL, NULL, 0, NULL, NULL, NULL, '2017-07-03 23:11:43', '2017-07-03 23:16:31', NULL),
(477, 2, 236, NULL, 0, 0, 0, 78000, 'Pack', NULL, NULL, NULL, 0, NULL, NULL, NULL, '2017-07-03 23:11:43', '2017-07-03 23:16:32', NULL),
(478, 2, 237, NULL, 0, 0, 0, 147500, 'Drigen', NULL, NULL, NULL, 0, NULL, NULL, NULL, '2017-07-03 23:11:43', '2017-07-03 23:16:32', NULL),
(479, 2, 238, NULL, 0, 0, 0, 120000, 'Drigen', NULL, NULL, NULL, 0, NULL, NULL, NULL, '2017-07-03 23:11:43', '2017-07-03 23:16:32', NULL),
(480, 2, 239, NULL, 0, 0, 0, 125000, 'Drigen', NULL, NULL, NULL, 0, NULL, NULL, NULL, '2017-07-03 23:11:43', '2017-07-03 23:16:32', NULL),
(481, 2, 240, NULL, 0, 0, 0, 125000, 'Drigen', NULL, NULL, NULL, 0, NULL, NULL, NULL, '2017-07-03 23:11:43', '2017-07-03 23:16:32', NULL),
(482, 2, 241, NULL, 0, 0, 0, 125000, 'Drigen', NULL, NULL, NULL, 0, NULL, NULL, NULL, '2017-07-03 23:11:43', '2017-07-03 23:16:32', NULL),
(483, 2, 242, NULL, 0, 0, 0, 0, 'Meter2', NULL, NULL, NULL, 0, NULL, NULL, NULL, '2017-07-03 23:11:43', '2017-07-03 23:16:32', NULL),
(484, 2, 243, NULL, 0, 0, 0, 0, 'Meter2', NULL, NULL, NULL, 0, NULL, NULL, NULL, '2017-07-03 23:11:44', '2017-07-03 23:16:32', NULL),
(485, 2, 244, NULL, 0, 0, 0, 0, 'Meter2', NULL, NULL, NULL, 0, NULL, NULL, NULL, '2017-07-03 23:11:44', '2017-07-03 23:16:32', NULL),
(486, 2, 245, NULL, 0, 0, 0, 0, 'Meter2', NULL, NULL, NULL, 0, NULL, NULL, NULL, '2017-07-03 23:11:44', '2017-07-03 23:16:32', NULL),
(487, 3, 2, NULL, 3, 2, 3, 395000, 'Pcs', NULL, NULL, NULL, 790000, NULL, NULL, NULL, '2017-07-07 02:01:10', '2017-07-07 02:01:55', NULL),
(488, 3, 3, NULL, 0, 0, 0, 15000, 'Pcs', NULL, NULL, NULL, 0, NULL, NULL, NULL, '2017-07-07 02:01:10', '2017-07-07 02:01:55', NULL),
(489, 3, 4, NULL, 0, 0, 0, 55000, 'Pack', NULL, NULL, NULL, 0, NULL, NULL, NULL, '2017-07-07 02:01:10', '2017-07-07 02:01:55', NULL),
(490, 3, 5, NULL, 0, 0, 0, 35000, 'Pcs', NULL, NULL, NULL, 0, NULL, NULL, NULL, '2017-07-07 02:01:10', '2017-07-07 02:01:55', NULL),
(491, 3, 6, NULL, 0, 0, 0, 60000, 'Pcs', NULL, NULL, NULL, 0, NULL, NULL, NULL, '2017-07-07 02:01:10', '2017-07-07 02:01:55', NULL),
(492, 3, 7, NULL, 0, 0, 0, 11000, 'Pcs', NULL, NULL, NULL, 0, NULL, NULL, NULL, '2017-07-07 02:01:10', '2017-07-07 02:01:55', NULL),
(493, 3, 8, NULL, 0, 0, 0, 15000, 'Pcs', NULL, NULL, NULL, 0, NULL, NULL, NULL, '2017-07-07 02:01:10', '2017-07-07 02:01:55', NULL),
(494, 3, 9, NULL, 0, 0, 0, 1150000, 'Carton', NULL, NULL, NULL, 0, NULL, NULL, NULL, '2017-07-07 02:01:10', '2017-07-07 02:01:55', NULL),
(495, 3, 10, NULL, 0, 0, 0, 600000, 'Carton', NULL, NULL, NULL, 0, NULL, NULL, NULL, '2017-07-07 02:01:10', '2017-07-07 02:01:55', NULL),
(496, 3, 11, NULL, 0, 0, 0, 1250000, 'Carton', NULL, NULL, NULL, 0, NULL, NULL, NULL, '2017-07-07 02:01:10', '2017-07-07 02:01:55', NULL),
(497, 3, 12, NULL, 0, 0, 0, 0, 'Carton', NULL, NULL, NULL, 0, NULL, NULL, NULL, '2017-07-07 02:01:10', '2017-07-07 02:01:55', NULL),
(498, 3, 13, NULL, 0, 0, 0, 60000, 'Lusin', NULL, NULL, NULL, 0, NULL, NULL, NULL, '2017-07-07 02:01:10', '2017-07-07 02:01:55', NULL),
(499, 3, 14, NULL, 0, 0, 0, 425000, 'Carton', NULL, NULL, NULL, 0, NULL, NULL, NULL, '2017-07-07 02:01:10', '2017-07-07 02:01:55', NULL),
(500, 3, 15, NULL, 0, 0, 0, 395000, 'Dus', NULL, NULL, NULL, 0, NULL, NULL, NULL, '2017-07-07 02:01:11', '2017-07-07 02:01:55', NULL),
(501, 3, 16, NULL, 0, 0, 0, 270000, 'Pack', NULL, NULL, NULL, 0, NULL, NULL, NULL, '2017-07-07 02:01:11', '2017-07-07 02:01:55', NULL),
(502, 3, 17, NULL, 0, 0, 0, 120000, 'Pcs', NULL, NULL, NULL, 0, NULL, NULL, NULL, '2017-07-07 02:01:11', '2017-07-07 02:01:55', NULL),
(503, 3, 18, NULL, 0, 0, 0, 100000, 'Pack', NULL, NULL, NULL, 0, NULL, NULL, NULL, '2017-07-07 02:01:11', '2017-07-07 02:01:55', NULL),
(504, 3, 19, NULL, 0, 0, 0, 2200000, 'Carton', NULL, NULL, NULL, 0, NULL, NULL, NULL, '2017-07-07 02:01:11', '2017-07-07 02:01:55', NULL),
(505, 3, 20, NULL, 0, 0, 0, 20000, 'Pcs', NULL, NULL, NULL, 0, NULL, NULL, NULL, '2017-07-07 02:01:11', '2017-07-07 02:01:55', NULL),
(506, 3, 21, NULL, 0, 0, 0, 175000, 'Pcs', NULL, NULL, NULL, 0, NULL, NULL, NULL, '2017-07-07 02:01:11', '2017-07-07 02:01:55', NULL),
(507, 3, 22, NULL, 0, 0, 0, 1100000, 'Pcs', NULL, NULL, NULL, 0, NULL, NULL, NULL, '2017-07-07 02:01:11', '2017-07-07 02:01:56', NULL),
(508, 3, 23, NULL, 0, 0, 0, 70000, 'Pcs', NULL, NULL, NULL, 0, NULL, NULL, NULL, '2017-07-07 02:01:11', '2017-07-07 02:01:56', NULL),
(509, 3, 24, NULL, 0, 0, 0, 75000, 'Pcs', NULL, NULL, NULL, 0, NULL, NULL, NULL, '2017-07-07 02:01:11', '2017-07-07 02:01:56', NULL),
(510, 3, 25, NULL, 0, 0, 0, 250000, 'Carton', NULL, NULL, NULL, 0, NULL, NULL, NULL, '2017-07-07 02:01:11', '2017-07-07 02:01:56', NULL),
(511, 3, 26, NULL, 0, 0, 0, 250000, 'Carton', NULL, NULL, NULL, 0, NULL, NULL, NULL, '2017-07-07 02:01:11', '2017-07-07 02:01:56', NULL),
(512, 3, 27, NULL, 0, 0, 0, 0, 'Carton', NULL, NULL, NULL, 0, NULL, NULL, NULL, '2017-07-07 02:01:11', '2017-07-07 02:01:56', NULL),
(513, 3, 28, NULL, 0, 0, 0, 300000, 'Roll', NULL, NULL, NULL, 0, NULL, NULL, NULL, '2017-07-07 02:01:11', '2017-07-07 02:01:56', NULL),
(514, 3, 29, NULL, 0, 0, 0, 70000, 'Lusin', NULL, NULL, NULL, 0, NULL, NULL, NULL, '2017-07-07 02:01:12', '2017-07-07 02:01:56', NULL),
(515, 3, 30, NULL, 0, 0, 0, 1600000, 'Pcs', NULL, NULL, NULL, 0, NULL, NULL, NULL, '2017-07-07 02:01:12', '2017-07-07 02:01:56', NULL),
(516, 3, 31, NULL, 0, 0, 0, 1100000, 'Pcs', NULL, NULL, NULL, 0, NULL, NULL, NULL, '2017-07-07 02:01:12', '2017-07-07 02:01:56', NULL),
(517, 3, 32, NULL, 0, 0, 0, 9000, 'Pcs', NULL, NULL, NULL, 0, NULL, NULL, NULL, '2017-07-07 02:01:12', '2017-07-07 02:01:56', NULL),
(518, 3, 33, NULL, 0, 0, 0, 710000, 'Carton', NULL, NULL, NULL, 0, NULL, NULL, NULL, '2017-07-07 02:01:12', '2017-07-07 02:01:56', NULL),
(519, 3, 34, NULL, 0, 0, 0, 60000, 'Pcs', NULL, NULL, NULL, 0, NULL, NULL, NULL, '2017-07-07 02:01:12', '2017-07-07 02:01:56', NULL),
(520, 3, 35, NULL, 0, 0, 0, 53000, 'Pcs', NULL, NULL, NULL, 0, NULL, NULL, NULL, '2017-07-07 02:01:12', '2017-07-07 02:01:56', NULL),
(521, 3, 36, NULL, 0, 0, 0, 53000, 'Pcs', NULL, NULL, NULL, 0, NULL, NULL, NULL, '2017-07-07 02:01:12', '2017-07-07 02:01:56', NULL),
(522, 3, 37, NULL, 0, 0, 0, 20000, 'Pcs', NULL, NULL, NULL, 0, NULL, NULL, NULL, '2017-07-07 02:01:12', '2017-07-07 02:01:56', NULL),
(523, 3, 38, NULL, 0, 0, 0, 0, 'Pack', NULL, NULL, NULL, 0, NULL, NULL, NULL, '2017-07-07 02:01:12', '2017-07-07 02:01:56', NULL),
(524, 3, 39, NULL, 0, 0, 0, 16000, 'Pack', NULL, NULL, NULL, 0, NULL, NULL, NULL, '2017-07-07 02:01:12', '2017-07-07 02:01:56', NULL),
(525, 3, 40, NULL, 0, 0, 0, 16000, 'Pack', NULL, NULL, NULL, 0, NULL, NULL, NULL, '2017-07-07 02:01:12', '2017-07-07 02:01:57', NULL),
(526, 3, 41, NULL, 0, 0, 0, 23500, 'Pack', NULL, NULL, NULL, 0, NULL, NULL, NULL, '2017-07-07 02:01:12', '2017-07-07 02:01:57', NULL),
(527, 3, 42, NULL, 0, 0, 0, 13000, 'Pack', NULL, NULL, NULL, 0, NULL, NULL, NULL, '2017-07-07 02:01:12', '2017-07-07 02:01:57', NULL),
(528, 3, 43, NULL, 0, 0, 0, 13000, 'Pack', NULL, NULL, NULL, 0, NULL, NULL, NULL, '2017-07-07 02:01:12', '2017-07-07 02:01:57', NULL),
(529, 3, 44, NULL, 0, 0, 0, 145000, 'Roll', NULL, NULL, NULL, 0, NULL, NULL, NULL, '2017-07-07 02:01:13', '2017-07-07 02:01:57', NULL),
(530, 3, 45, NULL, 0, 0, 0, 100000, 'Pack', NULL, NULL, NULL, 0, NULL, NULL, NULL, '2017-07-07 02:01:13', '2017-07-07 02:01:57', NULL),
(531, 3, 46, NULL, 0, 0, 0, 200000, 'Pcs', NULL, NULL, NULL, 0, NULL, NULL, NULL, '2017-07-07 02:01:13', '2017-07-07 02:01:57', NULL),
(532, 3, 47, NULL, 0, 0, 0, 70000, 'Carton', NULL, NULL, NULL, 0, NULL, NULL, NULL, '2017-07-07 02:01:13', '2017-07-07 02:01:57', NULL),
(533, 3, 48, NULL, 0, 0, 0, 21500, 'Pack', NULL, NULL, NULL, 0, NULL, NULL, NULL, '2017-07-07 02:01:13', '2017-07-07 02:01:57', NULL),
(534, 3, 49, NULL, 0, 0, 0, 60000, 'Lusin', NULL, NULL, NULL, 0, NULL, NULL, NULL, '2017-07-07 02:01:13', '2017-07-07 02:01:57', NULL),
(535, 3, 50, NULL, 0, 0, 0, 400000, 'Carton', NULL, NULL, NULL, 0, NULL, NULL, NULL, '2017-07-07 02:01:13', '2017-07-07 02:01:57', NULL),
(536, 3, 51, NULL, 0, 0, 0, 70000, 'Set', NULL, NULL, NULL, 0, NULL, NULL, NULL, '2017-07-07 02:01:13', '2017-07-07 02:01:57', NULL),
(537, 3, 52, NULL, 0, 0, 0, 430000, 'Carton', NULL, NULL, NULL, 0, NULL, NULL, NULL, '2017-07-07 02:01:13', '2017-07-07 02:01:58', NULL),
(538, 3, 53, NULL, 0, 0, 0, 85000, 'Pcs', NULL, NULL, NULL, 0, NULL, NULL, NULL, '2017-07-07 02:01:13', '2017-07-07 02:01:58', NULL),
(539, 3, 54, NULL, 0, 0, 0, 20000, 'Pack', NULL, NULL, NULL, 0, NULL, NULL, NULL, '2017-07-07 02:01:13', '2017-07-07 02:01:58', NULL),
(540, 3, 55, NULL, 0, 0, 0, 18000, 'Pack', NULL, NULL, NULL, 0, NULL, NULL, NULL, '2017-07-07 02:01:13', '2017-07-07 02:01:58', NULL),
(541, 3, 56, NULL, 0, 0, 0, 448000, 'Pcs', NULL, NULL, NULL, 0, NULL, NULL, NULL, '2017-07-07 02:01:13', '2017-07-07 02:01:58', NULL),
(542, 3, 57, NULL, 0, 0, 0, 476000, 'Pcs', NULL, NULL, NULL, 0, NULL, NULL, NULL, '2017-07-07 02:01:13', '2017-07-07 02:01:58', NULL),
(543, 3, 58, NULL, 0, 0, 0, 566000, 'Pcs', NULL, NULL, NULL, 0, NULL, NULL, NULL, '2017-07-07 02:01:13', '2017-07-07 02:01:58', NULL),
(544, 3, 59, NULL, 0, 0, 0, 70000, 'Pcs', NULL, NULL, NULL, 0, NULL, NULL, NULL, '2017-07-07 02:01:13', '2017-07-07 02:01:58', NULL),
(545, 3, 60, NULL, 0, 0, 0, 70000, 'Pcs', NULL, NULL, NULL, 0, NULL, NULL, NULL, '2017-07-07 02:01:14', '2017-07-07 02:01:58', NULL),
(546, 3, 61, NULL, 0, 0, 0, 70000, 'Pcs', NULL, NULL, NULL, 0, NULL, NULL, NULL, '2017-07-07 02:01:14', '2017-07-07 02:01:58', NULL),
(547, 3, 62, NULL, 0, 0, 0, 160000, 'Pack', NULL, NULL, NULL, 0, NULL, NULL, NULL, '2017-07-07 02:01:14', '2017-07-07 02:01:58', NULL),
(548, 3, 63, NULL, 0, 0, 0, 70000, 'Pcs', NULL, NULL, NULL, 0, NULL, NULL, NULL, '2017-07-07 02:01:14', '2017-07-07 02:01:58', NULL),
(549, 3, 64, NULL, 0, 0, 0, 21000, 'Lusin', NULL, NULL, NULL, 0, NULL, NULL, NULL, '2017-07-07 02:01:14', '2017-07-07 02:01:58', NULL),
(550, 3, 65, NULL, 0, 0, 0, 8000, 'Lusin', NULL, NULL, NULL, 0, NULL, NULL, NULL, '2017-07-07 02:01:14', '2017-07-07 02:01:58', NULL),
(551, 3, 66, NULL, 0, 0, 0, 20000, 'Pack', NULL, NULL, NULL, 0, NULL, NULL, NULL, '2017-07-07 02:01:14', '2017-07-07 02:01:58', NULL),
(552, 3, 67, NULL, 0, 0, 0, 13000, 'Pack', NULL, NULL, NULL, 0, NULL, NULL, NULL, '2017-07-07 02:01:14', '2017-07-07 02:01:58', NULL),
(553, 3, 68, NULL, 0, 0, 0, 20000, 'Pcs', NULL, NULL, NULL, 0, NULL, NULL, NULL, '2017-07-07 02:01:14', '2017-07-07 02:01:58', NULL),
(554, 3, 69, NULL, 0, 0, 0, 175000, 'Pcs', NULL, NULL, NULL, 0, NULL, NULL, NULL, '2017-07-07 02:01:14', '2017-07-07 02:01:59', NULL),
(555, 3, 70, NULL, 0, 0, 0, 150000, 'Pcs', NULL, NULL, NULL, 0, NULL, NULL, NULL, '2017-07-07 02:01:15', '2017-07-07 02:01:59', NULL),
(556, 3, 71, NULL, 0, 0, 0, 25000, 'Pcs', NULL, NULL, NULL, 0, NULL, NULL, NULL, '2017-07-07 02:01:15', '2017-07-07 02:01:59', NULL),
(557, 3, 72, NULL, 0, 0, 0, 680000, 'Pcs', NULL, NULL, NULL, 0, NULL, NULL, NULL, '2017-07-07 02:01:15', '2017-07-07 02:01:59', NULL),
(558, 3, 73, NULL, 0, 0, 0, 720000, 'Pcs', NULL, NULL, NULL, 0, NULL, NULL, NULL, '2017-07-07 02:01:15', '2017-07-07 02:01:59', NULL),
(559, 3, 74, NULL, 0, 0, 0, 130000, 'Pcs', NULL, NULL, NULL, 0, NULL, NULL, NULL, '2017-07-07 02:01:15', '2017-07-07 02:01:59', NULL),
(560, 3, 75, NULL, 0, 0, 0, 120000, 'Pcs', NULL, NULL, NULL, 0, NULL, NULL, NULL, '2017-07-07 02:01:15', '2017-07-07 02:01:59', NULL),
(561, 3, 76, NULL, 0, 0, 0, 120000, 'Pcs', NULL, NULL, NULL, 0, NULL, NULL, NULL, '2017-07-07 02:01:15', '2017-07-07 02:01:59', NULL),
(562, 3, 77, NULL, 0, 0, 0, 120000, 'Pcs', NULL, NULL, NULL, 0, NULL, NULL, NULL, '2017-07-07 02:01:15', '2017-07-07 02:01:59', NULL),
(563, 3, 78, NULL, 0, 0, 0, 120000, 'Pcs', NULL, NULL, NULL, 0, NULL, NULL, NULL, '2017-07-07 02:01:15', '2017-07-07 02:01:59', NULL),
(564, 3, 79, NULL, 0, 0, 0, 120000, 'Pcs', NULL, NULL, NULL, 0, NULL, NULL, NULL, '2017-07-07 02:01:15', '2017-07-07 02:01:59', NULL),
(565, 3, 80, NULL, 0, 0, 0, 120000, 'Pcs', NULL, NULL, NULL, 0, NULL, NULL, NULL, '2017-07-07 02:01:15', '2017-07-07 02:01:59', NULL),
(566, 3, 81, NULL, 0, 0, 0, 83000, 'Pcs', NULL, NULL, NULL, 0, NULL, NULL, NULL, '2017-07-07 02:01:15', '2017-07-07 02:01:59', NULL),
(567, 3, 82, NULL, 0, 0, 0, 85000, 'Pcs', NULL, NULL, NULL, 0, NULL, NULL, NULL, '2017-07-07 02:01:15', '2017-07-07 02:01:59', NULL),
(568, 3, 83, NULL, 0, 0, 0, 17500, 'Pcs', NULL, NULL, NULL, 0, NULL, NULL, NULL, '2017-07-07 02:01:15', '2017-07-07 02:01:59', NULL),
(569, 3, 84, NULL, 0, 0, 0, 185000, 'Pcs', NULL, NULL, NULL, 0, NULL, NULL, NULL, '2017-07-07 02:01:16', '2017-07-07 02:01:59', NULL),
(570, 3, 85, NULL, 0, 0, 0, 23000, 'Lusin', NULL, NULL, NULL, 0, NULL, NULL, NULL, '2017-07-07 02:01:16', '2017-07-07 02:01:59', NULL),
(571, 3, 86, NULL, 0, 0, 0, 25000, 'Lusin', NULL, NULL, NULL, 0, NULL, NULL, NULL, '2017-07-07 02:01:16', '2017-07-07 02:01:59', NULL),
(572, 3, 87, NULL, 0, 0, 0, 100000, 'Pcs', NULL, NULL, NULL, 0, NULL, NULL, NULL, '2017-07-07 02:01:16', '2017-07-07 02:01:59', NULL),
(573, 3, 88, NULL, 0, 0, 0, 45000, 'Pcs', NULL, NULL, NULL, 0, NULL, NULL, NULL, '2017-07-07 02:01:16', '2017-07-07 02:01:59', NULL),
(574, 3, 89, NULL, 0, 0, 0, 45000, 'Pcs', NULL, NULL, NULL, 0, NULL, NULL, NULL, '2017-07-07 02:01:16', '2017-07-07 02:01:59', NULL),
(575, 3, 90, NULL, 0, 0, 0, 45000, 'Pcs', NULL, NULL, NULL, 0, NULL, NULL, NULL, '2017-07-07 02:01:16', '2017-07-07 02:01:59', NULL),
(576, 3, 91, NULL, 0, 0, 0, 45000, 'Pcs', NULL, NULL, NULL, 0, NULL, NULL, NULL, '2017-07-07 02:01:16', '2017-07-07 02:02:00', NULL),
(577, 3, 92, NULL, 0, 0, 0, 45000, 'Pcs', NULL, NULL, NULL, 0, NULL, NULL, NULL, '2017-07-07 02:01:17', '2017-07-07 02:02:00', NULL),
(578, 3, 93, NULL, 0, 0, 0, 45000, 'Pcs', NULL, NULL, NULL, 0, NULL, NULL, NULL, '2017-07-07 02:01:17', '2017-07-07 02:02:00', NULL),
(579, 3, 94, NULL, 0, 0, 0, 200000, 'Pcs', NULL, NULL, NULL, 0, NULL, NULL, NULL, '2017-07-07 02:01:17', '2017-07-07 02:02:00', NULL),
(580, 3, 96, NULL, 0, 0, 0, 100000, 'Pcs', NULL, NULL, NULL, 0, NULL, NULL, NULL, '2017-07-07 02:01:17', '2017-07-07 02:02:00', NULL),
(581, 3, 97, NULL, 0, 0, 0, 100000, 'Pcs', NULL, NULL, NULL, 0, NULL, NULL, NULL, '2017-07-07 02:01:17', '2017-07-07 02:02:00', NULL),
(582, 3, 98, NULL, 0, 0, 0, 100000, 'Pcs', NULL, NULL, NULL, 0, NULL, NULL, NULL, '2017-07-07 02:01:17', '2017-07-07 02:02:00', NULL),
(583, 3, 99, NULL, 0, 0, 0, 95000, 'Pcs', NULL, NULL, NULL, 0, NULL, NULL, NULL, '2017-07-07 02:01:17', '2017-07-07 02:02:00', NULL),
(584, 3, 100, NULL, 0, 0, 0, 95000, 'Pcs', NULL, NULL, NULL, 0, NULL, NULL, NULL, '2017-07-07 02:01:17', '2017-07-07 02:02:00', NULL),
(585, 3, 101, NULL, 0, 0, 0, 95000, 'Pcs', NULL, NULL, NULL, 0, NULL, NULL, NULL, '2017-07-07 02:01:17', '2017-07-07 02:02:00', NULL),
(586, 3, 102, NULL, 0, 0, 0, 95000, 'Pcs', NULL, NULL, NULL, 0, NULL, NULL, NULL, '2017-07-07 02:01:18', '2017-07-07 02:02:00', NULL),
(587, 3, 103, NULL, 0, 0, 0, 95000, 'Pcs', NULL, NULL, NULL, 0, NULL, NULL, NULL, '2017-07-07 02:01:18', '2017-07-07 02:02:00', NULL),
(588, 3, 104, NULL, 0, 0, 0, 95000, 'Pcs', NULL, NULL, NULL, 0, NULL, NULL, NULL, '2017-07-07 02:01:18', '2017-07-07 02:02:00', NULL),
(589, 3, 105, NULL, 0, 0, 0, 0, 'Pcs', NULL, NULL, NULL, 0, NULL, NULL, NULL, '2017-07-07 02:01:18', '2017-07-07 02:02:00', NULL),
(590, 3, 106, NULL, 0, 0, 0, 75000, 'Pcs', NULL, NULL, NULL, 0, NULL, NULL, NULL, '2017-07-07 02:01:18', '2017-07-07 02:02:00', NULL),
(591, 3, 107, NULL, 0, 0, 0, 58000, 'Pcs', NULL, NULL, NULL, 0, NULL, NULL, NULL, '2017-07-07 02:01:18', '2017-07-07 02:02:00', NULL),
(592, 3, 108, NULL, 0, 0, 0, 140000, 'Pcs', NULL, NULL, NULL, 0, NULL, NULL, NULL, '2017-07-07 02:01:18', '2017-07-07 02:02:00', NULL),
(593, 3, 109, NULL, 0, 0, 0, 17500, 'Pcs', NULL, NULL, NULL, 0, NULL, NULL, NULL, '2017-07-07 02:01:18', '2017-07-07 02:02:00', NULL),
(594, 3, 110, NULL, 0, 0, 0, 60000, 'Pcs', NULL, NULL, NULL, 0, NULL, NULL, NULL, '2017-07-07 02:01:18', '2017-07-07 02:02:00', NULL),
(595, 3, 111, NULL, 0, 0, 0, 15000, 'Pcs', NULL, NULL, NULL, 0, NULL, NULL, NULL, '2017-07-07 02:01:18', '2017-07-07 02:02:00', NULL),
(596, 3, 112, NULL, 0, 0, 0, 15000, 'Pcs', NULL, NULL, NULL, 0, NULL, NULL, NULL, '2017-07-07 02:01:18', '2017-07-07 02:02:00', NULL),
(597, 3, 113, NULL, 0, 0, 0, 15000, 'Pcs', NULL, NULL, NULL, 0, NULL, NULL, NULL, '2017-07-07 02:01:19', '2017-07-07 02:02:00', NULL),
(598, 3, 114, NULL, 0, 0, 0, 22000, 'Pcs', NULL, NULL, NULL, 0, NULL, NULL, NULL, '2017-07-07 02:01:19', '2017-07-07 02:02:00', NULL),
(599, 3, 115, NULL, 0, 0, 0, 17000, 'Pcs', NULL, NULL, NULL, 0, NULL, NULL, NULL, '2017-07-07 02:01:19', '2017-07-07 02:02:00', NULL),
(600, 3, 116, NULL, 0, 0, 0, 100000, 'Pcs', NULL, NULL, NULL, 0, NULL, NULL, NULL, '2017-07-07 02:01:19', '2017-07-07 02:02:00', NULL),
(601, 3, 117, NULL, 0, 0, 0, 1050000, 'Unit', NULL, NULL, NULL, 0, NULL, NULL, NULL, '2017-07-07 02:01:19', '2017-07-07 02:02:00', NULL),
(602, 3, 309, NULL, 0, 0, 0, 500000, 'Unit', NULL, NULL, NULL, 0, NULL, NULL, NULL, '2017-07-07 02:01:19', '2017-07-07 02:02:01', NULL),
(603, 3, 310, NULL, 0, 0, 0, 1750000, 'Pcs', NULL, NULL, NULL, 0, NULL, NULL, NULL, '2017-07-07 02:01:19', '2017-07-07 02:02:01', NULL),
(604, 3, 118, NULL, 0, 0, 0, 145000, 'Pack', NULL, NULL, NULL, 0, NULL, NULL, NULL, '2017-07-07 02:01:19', '2017-07-07 02:02:01', NULL),
(605, 3, 120, NULL, 0, 0, 0, 230000, 'Pack', NULL, NULL, NULL, 0, NULL, NULL, NULL, '2017-07-07 02:01:19', '2017-07-07 02:02:01', NULL),
(606, 3, 121, NULL, 0, 0, 0, 315000, 'Pack', NULL, NULL, NULL, 0, NULL, NULL, NULL, '2017-07-07 02:01:19', '2017-07-07 02:02:01', NULL),
(607, 3, 122, NULL, 0, 0, 0, 176000, 'Pack', NULL, NULL, NULL, 0, NULL, NULL, NULL, '2017-07-07 02:01:19', '2017-07-07 02:02:01', NULL),
(608, 3, 123, NULL, 0, 0, 0, 230000, 'Pack', NULL, NULL, NULL, 0, NULL, NULL, NULL, '2017-07-07 02:01:20', '2017-07-07 02:02:01', NULL),
(609, 3, 124, NULL, 0, 0, 0, 193000, 'Pack', NULL, NULL, NULL, 0, NULL, NULL, NULL, '2017-07-07 02:01:20', '2017-07-07 02:02:01', NULL),
(610, 3, 125, NULL, 0, 0, 0, 193000, 'Pack', NULL, NULL, NULL, 0, NULL, NULL, NULL, '2017-07-07 02:01:20', '2017-07-07 02:02:01', NULL),
(611, 3, 126, NULL, 0, 0, 0, 0, 'Pack', NULL, NULL, NULL, 0, NULL, NULL, NULL, '2017-07-07 02:01:20', '2017-07-07 02:02:01', NULL),
(612, 3, 127, NULL, 0, 0, 0, 172500, 'Pack', NULL, NULL, NULL, 0, NULL, NULL, NULL, '2017-07-07 02:01:20', '2017-07-07 02:02:01', NULL),
(613, 3, 128, NULL, 0, 0, 0, 145000, 'Pack', NULL, NULL, NULL, 0, NULL, NULL, NULL, '2017-07-07 02:01:20', '2017-07-07 02:02:01', NULL),
(614, 3, 129, NULL, 0, 0, 0, 210000, 'Botol', NULL, NULL, NULL, 0, NULL, NULL, NULL, '2017-07-07 02:01:20', '2017-07-07 02:02:01', NULL),
(615, 3, 130, NULL, 0, 0, 0, 121000, 'Botol', NULL, NULL, NULL, 0, NULL, NULL, NULL, '2017-07-07 02:01:20', '2017-07-07 02:02:01', NULL),
(616, 3, 131, NULL, 0, 0, 0, 121000, 'Botol', NULL, NULL, NULL, 0, NULL, NULL, NULL, '2017-07-07 02:01:20', '2017-07-07 02:02:01', NULL),
(617, 3, 132, NULL, 0, 0, 0, 121000, 'Botol', NULL, NULL, NULL, 0, NULL, NULL, NULL, '2017-07-07 02:01:20', '2017-07-07 02:02:01', NULL),
(618, 3, 134, NULL, 0, 0, 0, 121000, 'Botol', NULL, NULL, NULL, 0, NULL, NULL, NULL, '2017-07-07 02:01:20', '2017-07-07 02:02:01', NULL),
(619, 3, 135, NULL, 0, 0, 0, 121000, 'Botol', NULL, NULL, NULL, 0, NULL, NULL, NULL, '2017-07-07 02:01:20', '2017-07-07 02:02:01', NULL),
(620, 3, 136, NULL, 0, 0, 0, 121000, 'Botol', NULL, NULL, NULL, 0, NULL, NULL, NULL, '2017-07-07 02:01:20', '2017-07-07 02:02:01', NULL),
(621, 3, 137, NULL, 0, 0, 0, 121000, 'Botol', NULL, NULL, NULL, 0, NULL, NULL, NULL, '2017-07-07 02:01:21', '2017-07-07 02:02:01', NULL),
(622, 3, 138, NULL, 0, 0, 0, 121000, 'Botol', NULL, NULL, NULL, 0, NULL, NULL, NULL, '2017-07-07 02:01:21', '2017-07-07 02:02:01', NULL),
(623, 3, 139, NULL, 0, 0, 0, 121000, 'Botol', NULL, NULL, NULL, 0, NULL, NULL, NULL, '2017-07-07 02:01:21', '2017-07-07 02:02:01', NULL),
(624, 3, 140, NULL, 0, 0, 0, 121000, 'Botol', NULL, NULL, NULL, 0, NULL, NULL, NULL, '2017-07-07 02:01:21', '2017-07-07 02:02:01', NULL),
(625, 3, 141, NULL, 0, 0, 0, 265100, 'Botol', NULL, NULL, NULL, 0, NULL, NULL, NULL, '2017-07-07 02:01:21', '2017-07-07 02:02:01', NULL),
(626, 3, 142, NULL, 0, 0, 0, 183500, 'Botol', NULL, NULL, NULL, 0, NULL, NULL, NULL, '2017-07-07 02:01:21', '2017-07-07 02:02:01', NULL),
(627, 3, 143, NULL, 0, 0, 0, 183500, 'Botol', NULL, NULL, NULL, 0, NULL, NULL, NULL, '2017-07-07 02:01:21', '2017-07-07 02:02:01', NULL),
(628, 3, 144, NULL, 0, 0, 0, 183500, 'Drigen', NULL, NULL, NULL, 0, NULL, NULL, NULL, '2017-07-07 02:01:21', '2017-07-07 02:02:01', NULL),
(629, 3, 145, NULL, 0, 0, 0, 183500, 'Drigen', NULL, NULL, NULL, 0, NULL, NULL, NULL, '2017-07-07 02:01:21', '2017-07-07 02:02:01', NULL),
(630, 3, 146, NULL, 0, 0, 0, 183500, 'Drigen', NULL, NULL, NULL, 0, NULL, NULL, NULL, '2017-07-07 02:01:21', '2017-07-07 02:02:02', NULL),
(631, 3, 147, NULL, 0, 0, 0, 182000, 'Pack', NULL, NULL, NULL, 0, NULL, NULL, NULL, '2017-07-07 02:01:21', '2017-07-07 02:02:02', NULL),
(632, 3, 148, NULL, 0, 0, 0, 259000, 'Pack', NULL, NULL, NULL, 0, NULL, NULL, NULL, '2017-07-07 02:01:21', '2017-07-07 02:02:02', NULL),
(633, 3, 149, NULL, 0, 0, 0, 120000, 'Pack', NULL, NULL, NULL, 0, NULL, NULL, NULL, '2017-07-07 02:01:21', '2017-07-07 02:02:02', NULL),
(634, 3, 150, NULL, 0, 0, 0, 50000, 'Pack', NULL, NULL, NULL, 0, NULL, NULL, NULL, '2017-07-07 02:01:21', '2017-07-07 02:02:02', NULL),
(635, 3, 151, NULL, 0, 0, 0, 250000, 'Carton', NULL, NULL, NULL, 0, NULL, NULL, NULL, '2017-07-07 02:01:21', '2017-07-07 02:02:02', NULL),
(636, 3, 152, NULL, 0, 0, 0, 10000, 'Kg', NULL, NULL, NULL, 0, NULL, NULL, NULL, '2017-07-07 02:01:21', '2017-07-07 02:02:02', NULL),
(637, 3, 153, NULL, 0, 0, 0, 120000, 'Dus', NULL, NULL, NULL, 0, NULL, NULL, NULL, '2017-07-07 02:01:22', '2017-07-07 02:02:02', NULL),
(638, 3, 154, NULL, 0, 0, 0, 55000, 'Pack', NULL, NULL, NULL, 0, NULL, NULL, NULL, '2017-07-07 02:01:22', '2017-07-07 02:02:02', NULL),
(639, 3, 155, NULL, 0, 0, 0, 0, 'Pack', NULL, NULL, NULL, 0, NULL, NULL, NULL, '2017-07-07 02:01:22', '2017-07-07 02:02:02', NULL),
(640, 3, 156, NULL, 0, 0, 0, 19500, 'Pack', NULL, NULL, NULL, 0, NULL, NULL, NULL, '2017-07-07 02:01:22', '2017-07-07 02:02:02', NULL),
(641, 3, 157, NULL, 0, 0, 0, 15000, 'Pack', NULL, NULL, NULL, 0, NULL, NULL, NULL, '2017-07-07 02:01:22', '2017-07-07 02:02:02', NULL),
(642, 3, 158, NULL, 0, 0, 0, 6000, 'Pack', NULL, NULL, NULL, 0, NULL, NULL, NULL, '2017-07-07 02:01:22', '2017-07-07 02:02:02', NULL),
(643, 3, 159, NULL, 0, 0, 0, 0, 'Carton', NULL, NULL, NULL, 0, NULL, NULL, NULL, '2017-07-07 02:01:22', '2017-07-07 02:02:02', NULL),
(644, 3, 160, NULL, 0, 0, 0, 531000, 'Carton', NULL, NULL, NULL, 0, NULL, NULL, NULL, '2017-07-07 02:01:22', '2017-07-07 02:02:02', NULL),
(645, 3, 161, NULL, 0, 0, 0, 416000, 'Carton', NULL, NULL, NULL, 0, NULL, NULL, NULL, '2017-07-07 02:01:22', '2017-07-07 02:02:02', NULL),
(646, 3, 162, NULL, 0, 0, 0, 0, 'Carton', NULL, NULL, NULL, 0, NULL, NULL, NULL, '2017-07-07 02:01:22', '2017-07-07 02:02:02', NULL),
(647, 3, 163, NULL, 0, 0, 0, 185000, 'Dus', NULL, NULL, NULL, 0, NULL, NULL, NULL, '2017-07-07 02:01:22', '2017-07-07 02:02:02', NULL),
(648, 3, 164, NULL, 0, 0, 0, 950000, 'Dus', NULL, NULL, NULL, 0, NULL, NULL, NULL, '2017-07-07 02:01:22', '2017-07-07 02:02:02', NULL),
(649, 3, 165, NULL, 0, 0, 0, 135000, 'Carton', NULL, NULL, NULL, 0, NULL, NULL, NULL, '2017-07-07 02:01:22', '2017-07-07 02:02:02', NULL),
(650, 3, 166, NULL, 0, 0, 0, 325000, 'Pack', NULL, NULL, NULL, 0, NULL, NULL, NULL, '2017-07-07 02:01:23', '2017-07-07 02:02:02', NULL),
(651, 3, 167, NULL, 0, 0, 0, 81000, 'Dus', NULL, NULL, NULL, 0, NULL, NULL, NULL, '2017-07-07 02:01:23', '2017-07-07 02:02:02', NULL),
(652, 3, 168, NULL, 0, 0, 0, 275000, 'Carton', NULL, NULL, NULL, 0, NULL, NULL, NULL, '2017-07-07 02:01:23', '2017-07-07 02:02:02', NULL),
(653, 3, 169, NULL, 0, 0, 0, 200000, 'Dus', NULL, NULL, NULL, 0, NULL, NULL, NULL, '2017-07-07 02:01:23', '2017-07-07 02:02:02', NULL),
(654, 3, 170, NULL, 0, 0, 0, 213000, 'Carton', NULL, NULL, NULL, 0, NULL, NULL, NULL, '2017-07-07 02:01:23', '2017-07-07 02:02:02', NULL),
(655, 3, 171, NULL, 0, 0, 0, 1550000, 'Dus', NULL, NULL, NULL, 0, NULL, NULL, NULL, '2017-07-07 02:01:23', '2017-07-07 02:02:03', NULL),
(656, 3, 172, NULL, 0, 0, 0, 120000, 'Pack', NULL, NULL, NULL, 0, NULL, NULL, NULL, '2017-07-07 02:01:23', '2017-07-07 02:02:03', NULL),
(657, 3, 173, NULL, 0, 0, 0, 335000, 'Toples', NULL, NULL, NULL, 0, NULL, NULL, NULL, '2017-07-07 02:01:23', '2017-07-07 02:02:03', NULL),
(658, 3, 174, NULL, 0, 0, 0, 253000, 'Toples', NULL, NULL, NULL, 0, NULL, NULL, NULL, '2017-07-07 02:01:23', '2017-07-07 02:02:03', NULL),
(659, 3, 175, NULL, 0, 0, 0, 17500, 'Pack', NULL, NULL, NULL, 0, NULL, NULL, NULL, '2017-07-07 02:01:23', '2017-07-07 02:02:03', NULL),
(660, 3, 176, NULL, 0, 0, 0, 78000, 'Kaleng ', NULL, NULL, NULL, 0, NULL, NULL, NULL, '2017-07-07 02:01:23', '2017-07-07 02:02:03', NULL),
(661, 3, 177, NULL, 0, 0, 0, 108000, 'Botol', NULL, NULL, NULL, 0, NULL, NULL, NULL, '2017-07-07 02:01:23', '2017-07-07 02:02:03', NULL),
(662, 3, 178, NULL, 0, 0, 0, 35000, 'Pack', NULL, NULL, NULL, 0, NULL, NULL, NULL, '2017-07-07 02:01:23', '2017-07-07 02:02:03', NULL),
(663, 3, 179, NULL, 0, 0, 0, 36000, 'Pack', NULL, NULL, NULL, 0, NULL, NULL, NULL, '2017-07-07 02:01:23', '2017-07-07 02:02:03', NULL),
(664, 3, 180, NULL, 0, 0, 0, 19500, 'Pack', NULL, NULL, NULL, 0, NULL, NULL, NULL, '2017-07-07 02:01:23', '2017-07-07 02:02:03', NULL),
(665, 3, 181, NULL, 0, 0, 0, 0, 'Carton', NULL, NULL, NULL, 0, NULL, NULL, NULL, '2017-07-07 02:01:23', '2017-07-07 02:02:03', NULL),
(666, 3, 182, NULL, 0, 0, 0, 1020000, 'Dus', NULL, NULL, NULL, 0, NULL, NULL, NULL, '2017-07-07 02:01:23', '2017-07-07 02:02:03', NULL),
(667, 3, 183, NULL, 0, 0, 0, 105000, 'Botol', NULL, NULL, NULL, 0, NULL, NULL, NULL, '2017-07-07 02:01:24', '2017-07-07 02:02:03', NULL),
(668, 3, 184, NULL, 0, 0, 0, 108000, 'Pack', NULL, NULL, NULL, 0, NULL, NULL, NULL, '2017-07-07 02:01:24', '2017-07-07 02:02:03', NULL),
(669, 3, 185, NULL, 0, 0, 0, 0, 'Pack', NULL, NULL, NULL, 0, NULL, NULL, NULL, '2017-07-07 02:01:24', '2017-07-07 02:02:03', NULL),
(670, 3, 186, NULL, 0, 0, 0, 138000, 'Pack', NULL, NULL, NULL, 0, NULL, NULL, NULL, '2017-07-07 02:01:24', '2017-07-07 02:02:03', NULL),
(671, 3, 187, NULL, 0, 0, 0, 78000, 'Pack', NULL, NULL, NULL, 0, NULL, NULL, NULL, '2017-07-07 02:01:24', '2017-07-07 02:02:03', NULL),
(672, 3, 188, NULL, 0, 0, 0, 0, 'Toples', NULL, NULL, NULL, 0, NULL, NULL, NULL, '2017-07-07 02:01:24', '2017-07-07 02:02:03', NULL),
(673, 3, 189, NULL, 0, 0, 0, 253000, 'Botol', NULL, NULL, NULL, 0, NULL, NULL, NULL, '2017-07-07 02:01:24', '2017-07-07 02:02:03', NULL),
(674, 3, 190, NULL, 0, 0, 0, 45000, 'Pack', NULL, NULL, NULL, 0, NULL, NULL, NULL, '2017-07-07 02:01:24', '2017-07-07 02:02:03', NULL),
(675, 3, 191, NULL, 0, 0, 0, 14000, 'Botol', NULL, NULL, NULL, 0, NULL, NULL, NULL, '2017-07-07 02:01:24', '2017-07-07 02:02:04', NULL),
(676, 3, 192, NULL, 0, 0, 0, 12000, 'Botol', NULL, NULL, NULL, 0, NULL, NULL, NULL, '2017-07-07 02:01:24', '2017-07-07 02:02:04', NULL),
(677, 3, 193, NULL, 0, 0, 0, 15500, 'Botol', NULL, NULL, NULL, 0, NULL, NULL, NULL, '2017-07-07 02:01:24', '2017-07-07 02:02:04', NULL),
(678, 3, 194, NULL, 0, 0, 0, 13000, 'Botol', NULL, NULL, NULL, 0, NULL, NULL, NULL, '2017-07-07 02:01:24', '2017-07-07 02:02:04', NULL),
(679, 3, 195, NULL, 0, 0, 0, 18000, 'Botol', NULL, NULL, NULL, 0, NULL, NULL, NULL, '2017-07-07 02:01:25', '2017-07-07 02:02:04', NULL),
(680, 3, 196, NULL, 0, 0, 0, 33000, 'Pack', NULL, NULL, NULL, 0, NULL, NULL, NULL, '2017-07-07 02:01:25', '2017-07-07 02:02:04', NULL),
(681, 3, 197, NULL, 0, 0, 0, 18000, 'Kg', NULL, NULL, NULL, 0, NULL, NULL, NULL, '2017-07-07 02:01:25', '2017-07-07 02:02:04', NULL),
(682, 3, 198, NULL, 0, 0, 0, 60000, 'Pack', NULL, NULL, NULL, 0, NULL, NULL, NULL, '2017-07-07 02:01:25', '2017-07-07 02:02:04', NULL),
(683, 3, 199, NULL, 0, 0, 0, 120000, 'Pack', NULL, NULL, NULL, 0, NULL, NULL, NULL, '2017-07-07 02:01:25', '2017-07-07 02:02:04', NULL),
(684, 3, 200, NULL, 0, 0, 0, 16000, 'Kg', NULL, NULL, NULL, 0, NULL, NULL, NULL, '2017-07-07 02:01:25', '2017-07-07 02:02:04', NULL),
(685, 3, 201, NULL, 0, 0, 0, 193000, 'Toples', NULL, NULL, NULL, 0, NULL, NULL, NULL, '2017-07-07 02:01:25', '2017-07-07 02:02:04', NULL),
(686, 3, 202, NULL, 0, 0, 0, 150000, 'Pack', NULL, NULL, NULL, 0, NULL, NULL, NULL, '2017-07-07 02:01:25', '2017-07-07 02:02:04', NULL),
(687, 3, 203, NULL, 0, 0, 0, 130000, 'Pack', NULL, NULL, NULL, 0, NULL, NULL, NULL, '2017-07-07 02:01:25', '2017-07-07 02:02:04', NULL),
(688, 3, 204, NULL, 0, 0, 0, 85000, 'Botol', NULL, NULL, NULL, 0, NULL, NULL, NULL, '2017-07-07 02:01:25', '2017-07-07 02:02:04', NULL),
(689, 3, 205, NULL, 0, 0, 0, 127050, 'Pail', NULL, NULL, NULL, 0, NULL, NULL, NULL, '2017-07-07 02:01:25', '2017-07-07 02:02:04', NULL),
(690, 3, 206, NULL, 0, 0, 0, 127050, 'Pail', NULL, NULL, NULL, 0, NULL, NULL, NULL, '2017-07-07 02:01:25', '2017-07-07 02:02:04', NULL),
(691, 3, 207, NULL, 0, 0, 0, 146410, 'Pail', NULL, NULL, NULL, 0, NULL, NULL, NULL, '2017-07-07 02:01:25', '2017-07-07 02:02:04', NULL),
(692, 3, 208, NULL, 0, 0, 0, 330000, 'Pail', NULL, NULL, NULL, 0, NULL, NULL, NULL, '2017-07-07 02:01:25', '2017-07-07 02:02:04', NULL),
(693, 3, 209, NULL, 0, 0, 0, 330000, 'Pail', NULL, NULL, NULL, 0, NULL, NULL, NULL, '2017-07-07 02:01:26', '2017-07-07 02:02:05', NULL),
(694, 3, 210, NULL, 0, 0, 0, 0, 'Pack', NULL, NULL, NULL, 0, NULL, NULL, NULL, '2017-07-07 02:01:26', '2017-07-07 02:02:05', NULL),
(695, 3, 211, NULL, 0, 0, 0, 330000, 'Box', NULL, NULL, NULL, 0, NULL, NULL, NULL, '2017-07-07 02:01:26', '2017-07-07 02:02:05', NULL),
(696, 3, 212, NULL, 0, 0, 0, 330000, 'Box', NULL, NULL, NULL, 0, NULL, NULL, NULL, '2017-07-07 02:01:26', '2017-07-07 02:02:05', NULL),
(697, 3, 213, NULL, 0, 0, 0, 200000, 'Box', NULL, NULL, NULL, 0, NULL, NULL, NULL, '2017-07-07 02:01:26', '2017-07-07 02:02:05', NULL),
(698, 3, 214, NULL, 0, 0, 0, 120000, 'Box', NULL, NULL, NULL, 0, NULL, NULL, NULL, '2017-07-07 02:01:26', '2017-07-07 02:02:05', NULL),
(699, 3, 215, NULL, 0, 0, 0, 125000, 'Carton', NULL, NULL, NULL, 0, NULL, NULL, NULL, '2017-07-07 02:01:26', '2017-07-07 02:02:05', NULL),
(700, 3, 216, NULL, 0, 0, 0, 92500, 'Pack', NULL, NULL, NULL, 0, NULL, NULL, NULL, '2017-07-07 02:01:26', '2017-07-07 02:02:05', NULL),
(701, 3, 217, NULL, 0, 0, 0, 13000, 'Pack', NULL, NULL, NULL, 0, NULL, NULL, NULL, '2017-07-07 02:01:26', '2017-07-07 02:02:05', NULL),
(702, 3, 218, NULL, 0, 0, 0, 138000, 'Kg', NULL, NULL, NULL, 0, NULL, NULL, NULL, '2017-07-07 02:01:26', '2017-07-07 02:02:05', NULL),
(703, 3, 219, NULL, 0, 0, 0, 245000, 'Kg', NULL, NULL, NULL, 0, NULL, NULL, NULL, '2017-07-07 02:01:26', '2017-07-07 02:02:05', NULL),
(704, 3, 220, NULL, 0, 0, 0, 50000, 'Kg', NULL, NULL, NULL, 0, NULL, NULL, NULL, '2017-07-07 02:01:27', '2017-07-07 02:02:05', NULL),
(705, 3, 221, NULL, 0, 0, 0, 215000, 'Pack', NULL, NULL, NULL, 0, NULL, NULL, NULL, '2017-07-07 02:01:27', '2017-07-07 02:02:05', NULL),
(706, 3, 222, NULL, 0, 0, 0, 140000, 'pack', NULL, NULL, NULL, 0, NULL, NULL, NULL, '2017-07-07 02:01:27', '2017-07-07 02:02:05', NULL),
(707, 3, 223, NULL, 0, 0, 0, 68000, 'Pack', NULL, NULL, NULL, 0, NULL, NULL, NULL, '2017-07-07 02:01:27', '2017-07-07 02:02:06', NULL),
(708, 3, 224, NULL, 0, 0, 0, 30000, 'Pack ', NULL, NULL, NULL, 0, NULL, NULL, NULL, '2017-07-07 02:01:27', '2017-07-07 02:02:06', NULL),
(709, 3, 225, NULL, 0, 0, 0, 0, 'Carton', NULL, NULL, NULL, 0, NULL, NULL, NULL, '2017-07-07 02:01:27', '2017-07-07 02:02:06', NULL),
(710, 3, 226, NULL, 0, 0, 0, 50000, 'Kg', NULL, NULL, NULL, 0, NULL, NULL, NULL, '2017-07-07 02:01:27', '2017-07-07 02:02:06', NULL),
(711, 3, 227, NULL, 0, 0, 0, 80000, 'Drigen', NULL, NULL, NULL, 0, NULL, NULL, NULL, '2017-07-07 02:01:27', '2017-07-07 02:02:06', NULL),
(712, 3, 228, NULL, 0, 0, 0, 120000, 'Drigen', NULL, NULL, NULL, 0, NULL, NULL, NULL, '2017-07-07 02:01:27', '2017-07-07 02:02:06', NULL),
(713, 3, 229, NULL, 0, 0, 0, 230000, 'Drigen', NULL, NULL, NULL, 0, NULL, NULL, NULL, '2017-07-07 02:01:27', '2017-07-07 02:02:06', NULL),
(714, 3, 230, NULL, 0, 0, 0, 22000, 'Kg', NULL, NULL, NULL, 0, NULL, NULL, NULL, '2017-07-07 02:01:27', '2017-07-07 02:02:06', NULL),
(715, 3, 231, NULL, 0, 0, 0, 132000, 'Drigen', NULL, NULL, NULL, 0, NULL, NULL, NULL, '2017-07-07 02:01:27', '2017-07-07 02:02:06', NULL),
(716, 3, 232, NULL, 0, 0, 0, 0, 'Botol', NULL, NULL, NULL, 0, NULL, NULL, NULL, '2017-07-07 02:01:27', '2017-07-07 02:02:06', NULL),
(717, 3, 233, NULL, 0, 0, 0, 145000, 'Drigen', NULL, NULL, NULL, 0, NULL, NULL, NULL, '2017-07-07 02:01:28', '2017-07-07 02:02:06', NULL),
(718, 3, 234, NULL, 0, 0, 0, 135000, 'Drigen', NULL, NULL, NULL, 0, NULL, NULL, NULL, '2017-07-07 02:01:28', '2017-07-07 02:02:06', NULL),
(719, 3, 235, NULL, 0, 0, 0, 45000, 'Drigen', NULL, NULL, NULL, 0, NULL, NULL, NULL, '2017-07-07 02:01:28', '2017-07-07 02:02:06', NULL),
(720, 3, 236, NULL, 0, 0, 0, 78000, 'Pack', NULL, NULL, NULL, 0, NULL, NULL, NULL, '2017-07-07 02:01:28', '2017-07-07 02:02:06', NULL),
(721, 3, 237, NULL, 0, 0, 0, 147500, 'Drigen', NULL, NULL, NULL, 0, NULL, NULL, NULL, '2017-07-07 02:01:28', '2017-07-07 02:02:06', NULL),
(722, 3, 238, NULL, 0, 0, 0, 120000, 'Drigen', NULL, NULL, NULL, 0, NULL, NULL, NULL, '2017-07-07 02:01:28', '2017-07-07 02:02:06', NULL),
(723, 3, 239, NULL, 0, 0, 0, 125000, 'Drigen', NULL, NULL, NULL, 0, NULL, NULL, NULL, '2017-07-07 02:01:28', '2017-07-07 02:02:07', NULL),
(724, 3, 240, NULL, 0, 0, 0, 125000, 'Drigen', NULL, NULL, NULL, 0, NULL, NULL, NULL, '2017-07-07 02:01:28', '2017-07-07 02:02:07', NULL),
(725, 3, 241, NULL, 0, 0, 0, 125000, 'Drigen', NULL, NULL, NULL, 0, NULL, NULL, NULL, '2017-07-07 02:01:28', '2017-07-07 02:02:07', NULL),
(726, 3, 242, NULL, 0, 0, 0, 0, 'Meter2', NULL, NULL, NULL, 0, NULL, NULL, NULL, '2017-07-07 02:01:28', '2017-07-07 02:02:07', NULL),
(727, 3, 243, NULL, 0, 0, 0, 0, 'Meter2', NULL, NULL, NULL, 0, NULL, NULL, NULL, '2017-07-07 02:01:28', '2017-07-07 02:02:07', NULL),
(728, 3, 244, NULL, 0, 0, 0, 0, 'Meter2', NULL, NULL, NULL, 0, NULL, NULL, NULL, '2017-07-07 02:01:29', '2017-07-07 02:02:07', NULL),
(729, 3, 245, NULL, 0, 0, 0, 0, 'Meter2', NULL, NULL, NULL, 0, NULL, NULL, NULL, '2017-07-07 02:01:29', '2017-07-07 02:02:07', NULL),
(730, 4, 2, NULL, 5, NULL, 0, 395000, 'Pcs', NULL, NULL, NULL, 1975000, NULL, NULL, NULL, '2017-07-11 19:12:41', '2017-07-11 19:12:41', NULL),
(731, 4, 3, NULL, 6, NULL, 0, 20000, 'Pcs', NULL, NULL, NULL, 120000, NULL, NULL, NULL, '2017-07-11 19:12:42', '2017-07-11 19:12:42', NULL),
(732, 4, 4, NULL, 3, NULL, 0, 55000, 'Pack', NULL, NULL, NULL, 165000, NULL, NULL, NULL, '2017-07-11 19:12:42', '2017-07-11 19:12:42', NULL),
(733, 4, 5, NULL, 4, NULL, 0, 35000, 'Pcs', NULL, NULL, NULL, 140000, NULL, NULL, NULL, '2017-07-11 19:12:42', '2017-07-11 19:12:42', NULL),
(734, 4, 6, NULL, 5, NULL, 0, 60000, 'Pcs', NULL, NULL, NULL, 300000, NULL, NULL, NULL, '2017-07-11 19:12:42', '2017-07-11 19:12:42', NULL),
(735, 4, 7, NULL, 6, NULL, 0, 11000, 'Pcs', NULL, NULL, NULL, 66000, NULL, NULL, NULL, '2017-07-11 19:12:42', '2017-07-11 19:12:42', NULL),
(736, 4, 8, NULL, 7, NULL, 0, 15000, 'Pcs', NULL, NULL, NULL, 105000, NULL, NULL, NULL, '2017-07-11 19:12:42', '2017-07-11 19:12:42', NULL),
(737, 4, 9, NULL, 8, NULL, 0, 1150000, 'Carton', NULL, NULL, NULL, 9200000, NULL, NULL, NULL, '2017-07-11 19:12:42', '2017-07-11 19:12:42', NULL),
(738, 4, 11, NULL, 10, NULL, 0, 1250000, 'Carton', NULL, NULL, NULL, 12500000, NULL, NULL, NULL, '2017-07-11 19:12:42', '2017-07-11 19:12:42', NULL),
(739, 4, 13, NULL, 12, NULL, 0, 60000, 'Lusin', NULL, NULL, NULL, 720000, NULL, NULL, NULL, '2017-07-11 19:12:42', '2017-07-11 19:12:42', NULL),
(740, 4, 14, NULL, 13, NULL, 0, 425000, 'Carton', NULL, NULL, NULL, 5525000, NULL, NULL, NULL, '2017-07-11 19:12:42', '2017-07-11 19:12:42', NULL);
INSERT INTO `item_central_detail` (`id`, `item_central_id`, `item_id`, `item_name`, `quantity`, `quantity_actual`, `quantity_stock`, `price`, `uom`, `nota_number`, `date`, `spend_by`, `total`, `created_by`, `updated_by`, `deleted_by`, `created_at`, `updated_at`, `deleted_at`) VALUES
(741, 4, 15, NULL, 14, NULL, 0, 395000, 'Dus', NULL, NULL, NULL, 5530000, NULL, NULL, NULL, '2017-07-11 19:12:42', '2017-07-11 19:12:42', NULL),
(742, 4, 16, NULL, 15, NULL, 0, 270000, 'Pack', NULL, NULL, NULL, 4050000, NULL, NULL, NULL, '2017-07-11 19:12:42', '2017-07-11 19:12:42', NULL),
(743, 4, 17, NULL, 30, NULL, 0, 120000, 'Pcs', NULL, NULL, NULL, 3600000, NULL, NULL, NULL, '2017-07-11 19:12:42', '2017-07-11 19:12:42', NULL),
(744, 4, 18, NULL, 18, NULL, 0, 100000, 'Pack', NULL, NULL, NULL, 1800000, NULL, NULL, NULL, '2017-07-11 19:12:42', '2017-07-11 19:12:42', NULL),
(745, 4, 19, NULL, 19, NULL, 0, 2200000, 'Carton', NULL, NULL, NULL, 41800000, NULL, NULL, NULL, '2017-07-11 19:12:42', '2017-07-11 19:12:42', NULL),
(746, 4, 20, NULL, 20, NULL, 0, 20000, 'Pcs', NULL, NULL, NULL, 400000, NULL, NULL, NULL, '2017-07-11 19:12:42', '2017-07-11 19:12:42', NULL),
(747, 4, 21, NULL, 21, NULL, 0, 175000, 'Pcs', NULL, NULL, NULL, 3675000, NULL, NULL, NULL, '2017-07-11 19:12:43', '2017-07-11 19:12:43', NULL),
(748, 4, 22, NULL, 22, NULL, 0, 1100000, 'Pcs', NULL, NULL, NULL, 24200000, NULL, NULL, NULL, '2017-07-11 19:12:43', '2017-07-11 19:12:43', NULL),
(749, 4, 23, NULL, 23, NULL, 0, 70000, 'Pcs', NULL, NULL, NULL, 1610000, NULL, NULL, NULL, '2017-07-11 19:12:43', '2017-07-11 19:12:43', NULL),
(750, 4, 24, NULL, 24, NULL, 0, 75000, 'Pcs', NULL, NULL, NULL, 1800000, NULL, NULL, NULL, '2017-07-11 19:12:43', '2017-07-11 19:12:43', NULL),
(751, 4, 25, NULL, 25, NULL, 0, 250000, 'Carton', NULL, NULL, NULL, 6250000, NULL, NULL, NULL, '2017-07-11 19:12:43', '2017-07-11 19:12:43', NULL),
(752, 4, 26, NULL, 26, NULL, 0, 250000, 'Carton', NULL, NULL, NULL, 6500000, NULL, NULL, NULL, '2017-07-11 19:12:43', '2017-07-11 19:12:43', NULL),
(753, 4, 28, NULL, 28, NULL, 0, 300000, 'Roll', NULL, NULL, NULL, 8400000, NULL, NULL, NULL, '2017-07-11 19:12:43', '2017-07-11 19:12:43', NULL),
(754, 4, 29, NULL, 29, NULL, 0, 70000, 'Lusin', NULL, NULL, NULL, 2030000, NULL, NULL, NULL, '2017-07-11 19:12:43', '2017-07-11 19:12:43', NULL),
(755, 4, 30, NULL, 30, NULL, 0, 1600000, 'Pcs', NULL, NULL, NULL, 48000000, NULL, NULL, NULL, '2017-07-11 19:12:43', '2017-07-11 19:12:43', NULL),
(756, 4, 31, NULL, 31, NULL, 0, 1100000, 'Pcs', NULL, NULL, NULL, 34100000, NULL, NULL, NULL, '2017-07-11 19:12:43', '2017-07-11 19:12:43', NULL),
(757, 4, 32, NULL, 32, NULL, 0, 9000, 'Pcs', NULL, NULL, NULL, 288000, NULL, NULL, NULL, '2017-07-11 19:12:43', '2017-07-11 19:12:43', NULL),
(758, 4, 33, NULL, 33, NULL, 0, 710000, 'Carton', NULL, NULL, NULL, 23430000, NULL, NULL, NULL, '2017-07-11 19:12:43', '2017-07-11 19:12:43', NULL),
(759, 4, 34, NULL, 34, NULL, 0, 60000, 'Pcs', NULL, NULL, NULL, 2040000, NULL, NULL, NULL, '2017-07-11 19:12:43', '2017-07-11 19:12:43', NULL),
(760, 4, 35, NULL, 36, NULL, 0, 53000, 'Pcs', NULL, NULL, NULL, 1908000, NULL, NULL, NULL, '2017-07-11 19:12:43', '2017-07-11 19:12:43', NULL),
(761, 4, 36, NULL, 37, NULL, 0, 53000, 'Pcs', NULL, NULL, NULL, 1961000, NULL, NULL, NULL, '2017-07-11 19:12:43', '2017-07-11 19:12:43', NULL),
(762, 4, 37, NULL, 38, NULL, 0, 20000, 'Pcs', NULL, NULL, NULL, 760000, NULL, NULL, NULL, '2017-07-11 19:12:43', '2017-07-11 19:12:43', NULL),
(763, 4, 39, NULL, 40, NULL, 0, 16000, 'Pack', NULL, NULL, NULL, 640000, NULL, NULL, NULL, '2017-07-11 19:12:44', '2017-07-11 19:12:44', NULL),
(764, 4, 40, NULL, 41, NULL, 0, 16000, 'Pack', NULL, NULL, NULL, 656000, NULL, NULL, NULL, '2017-07-11 19:12:44', '2017-07-11 19:12:44', NULL),
(765, 4, 41, NULL, 42, NULL, 0, 23500, 'Pack', NULL, NULL, NULL, 987000, NULL, NULL, NULL, '2017-07-11 19:12:44', '2017-07-11 19:12:44', NULL),
(766, 4, 42, NULL, 43, NULL, 0, 13000, 'Pack', NULL, NULL, NULL, 559000, NULL, NULL, NULL, '2017-07-11 19:12:44', '2017-07-11 19:12:44', NULL),
(767, 4, 43, NULL, 44, NULL, 0, 13000, 'Pack', NULL, NULL, NULL, 572000, NULL, NULL, NULL, '2017-07-11 19:12:44', '2017-07-11 19:12:44', NULL),
(768, 4, 44, NULL, 45, NULL, 0, 145000, 'Roll', NULL, NULL, NULL, 6525000, NULL, NULL, NULL, '2017-07-11 19:12:44', '2017-07-11 19:12:44', NULL),
(769, 4, 45, NULL, 46, NULL, 0, 100000, 'Pack', NULL, NULL, NULL, 4600000, NULL, NULL, NULL, '2017-07-11 19:12:44', '2017-07-11 19:12:44', NULL),
(770, 4, 46, NULL, 47, NULL, 0, 200000, 'Pcs', NULL, NULL, NULL, 9400000, NULL, NULL, NULL, '2017-07-11 19:12:44', '2017-07-11 19:12:44', NULL),
(771, 4, 47, NULL, 48, NULL, 0, 70000, 'Carton', NULL, NULL, NULL, 3360000, NULL, NULL, NULL, '2017-07-11 19:12:44', '2017-07-11 19:12:44', NULL),
(772, 4, 48, NULL, 49, NULL, 0, 21500, 'Pack', NULL, NULL, NULL, 1053500, NULL, NULL, NULL, '2017-07-11 19:12:44', '2017-07-11 19:12:44', NULL),
(773, 4, 49, NULL, 50, NULL, 0, 60000, 'Lusin', NULL, NULL, NULL, 3000000, NULL, NULL, NULL, '2017-07-11 19:12:44', '2017-07-11 19:12:44', NULL),
(774, 4, 50, NULL, 51, NULL, 0, 400000, 'Carton', NULL, NULL, NULL, 20400000, NULL, NULL, NULL, '2017-07-11 19:12:44', '2017-07-11 19:12:44', NULL),
(775, 4, 51, NULL, 52, NULL, 0, 70000, 'Set', NULL, NULL, NULL, 3640000, NULL, NULL, NULL, '2017-07-11 19:12:44', '2017-07-11 19:12:44', NULL),
(776, 4, 52, NULL, 53, NULL, 0, 430000, 'Carton', NULL, NULL, NULL, 22790000, NULL, NULL, NULL, '2017-07-11 19:12:44', '2017-07-11 19:12:44', NULL),
(777, 4, 53, NULL, 54, NULL, 0, 85000, 'Pcs', NULL, NULL, NULL, 4590000, NULL, NULL, NULL, '2017-07-11 19:12:44', '2017-07-11 19:12:44', NULL),
(778, 4, 54, NULL, 55, NULL, 0, 20000, 'Pack', NULL, NULL, NULL, 1100000, NULL, NULL, NULL, '2017-07-11 19:12:45', '2017-07-11 19:12:45', NULL),
(779, 4, 55, NULL, 56, NULL, 0, 18000, 'Pack', NULL, NULL, NULL, 1008000, NULL, NULL, NULL, '2017-07-11 19:12:45', '2017-07-11 19:12:45', NULL),
(780, 4, 56, NULL, 57, NULL, 0, 448000, 'Pcs', NULL, NULL, NULL, 25536000, NULL, NULL, NULL, '2017-07-11 19:12:45', '2017-07-11 19:12:45', NULL),
(781, 4, 57, NULL, 58, NULL, 0, 476000, 'Pcs', NULL, NULL, NULL, 27608000, NULL, NULL, NULL, '2017-07-11 19:12:45', '2017-07-11 19:12:45', NULL),
(782, 4, 58, NULL, 59, NULL, 0, 566000, 'Pcs', NULL, NULL, NULL, 33394000, NULL, NULL, NULL, '2017-07-11 19:12:45', '2017-07-11 19:12:45', NULL),
(783, 4, 59, NULL, 60, NULL, 0, 70000, 'Pcs', NULL, NULL, NULL, 4200000, NULL, NULL, NULL, '2017-07-11 19:12:45', '2017-07-11 19:12:45', NULL),
(784, 4, 60, NULL, 61, NULL, 0, 70000, 'Pcs', NULL, NULL, NULL, 4270000, NULL, NULL, NULL, '2017-07-11 19:12:45', '2017-07-11 19:12:45', NULL),
(785, 4, 61, NULL, 62, NULL, 0, 70000, 'Pcs', NULL, NULL, NULL, 4340000, NULL, NULL, NULL, '2017-07-11 19:12:45', '2017-07-11 19:12:45', NULL),
(786, 4, 62, NULL, 63, NULL, 0, 160000, 'Pack', NULL, NULL, NULL, 10080000, NULL, NULL, NULL, '2017-07-11 19:12:45', '2017-07-11 19:12:45', NULL),
(787, 4, 63, NULL, 64, NULL, 0, 70000, 'Pcs', NULL, NULL, NULL, 4480000, NULL, NULL, NULL, '2017-07-11 19:12:45', '2017-07-11 19:12:45', NULL),
(788, 4, 64, NULL, 65, NULL, 0, 21000, 'Lusin', NULL, NULL, NULL, 1365000, NULL, NULL, NULL, '2017-07-11 19:12:45', '2017-07-11 19:12:45', NULL),
(789, 4, 65, NULL, 66, NULL, 0, 8000, 'Lusin', NULL, NULL, NULL, 528000, NULL, NULL, NULL, '2017-07-11 19:12:45', '2017-07-11 19:12:45', NULL),
(790, 4, 66, NULL, 67, NULL, 0, 20000, 'Pack', NULL, NULL, NULL, 1340000, NULL, NULL, NULL, '2017-07-11 19:12:45', '2017-07-11 19:12:45', NULL),
(791, 4, 67, NULL, 68, NULL, 0, 13000, 'Pack', NULL, NULL, NULL, 884000, NULL, NULL, NULL, '2017-07-11 19:12:45', '2017-07-11 19:12:45', NULL),
(792, 4, 68, NULL, 69, NULL, 0, 20000, 'Pcs', NULL, NULL, NULL, 1380000, NULL, NULL, NULL, '2017-07-11 19:12:45', '2017-07-11 19:12:45', NULL),
(793, 4, 10, NULL, 0, NULL, 0, 600000, 'Carton', NULL, NULL, NULL, 0, NULL, NULL, NULL, '2017-07-11 19:12:45', '2017-07-11 19:12:45', NULL),
(794, 4, 12, NULL, 0, NULL, 0, 0, 'Carton', NULL, NULL, NULL, 0, NULL, NULL, NULL, '2017-07-11 19:12:46', '2017-07-11 19:12:46', NULL),
(795, 4, 27, NULL, 0, NULL, 0, 0, 'Carton', NULL, NULL, NULL, 0, NULL, NULL, NULL, '2017-07-11 19:12:46', '2017-07-11 19:12:46', NULL),
(796, 4, 38, NULL, 0, NULL, 0, 0, 'Pack', NULL, NULL, NULL, 0, NULL, NULL, NULL, '2017-07-11 19:12:46', '2017-07-11 19:12:46', NULL),
(797, 4, 69, NULL, 0, NULL, 0, 175000, 'Pcs', NULL, NULL, NULL, 0, NULL, NULL, NULL, '2017-07-11 19:12:46', '2017-07-11 19:12:46', NULL),
(798, 4, 70, NULL, 0, NULL, 0, 150000, 'Pcs', NULL, NULL, NULL, 0, NULL, NULL, NULL, '2017-07-11 19:12:46', '2017-07-11 19:12:46', NULL),
(799, 4, 71, NULL, 0, NULL, 0, 25000, 'Pcs', NULL, NULL, NULL, 0, NULL, NULL, NULL, '2017-07-11 19:12:46', '2017-07-11 19:12:46', NULL),
(800, 4, 72, NULL, 0, NULL, 0, 680000, 'Pcs', NULL, NULL, NULL, 0, NULL, NULL, NULL, '2017-07-11 19:12:46', '2017-07-11 19:12:46', NULL),
(801, 4, 73, NULL, 0, NULL, 0, 720000, 'Pcs', NULL, NULL, NULL, 0, NULL, NULL, NULL, '2017-07-11 19:12:46', '2017-07-11 19:12:46', NULL),
(802, 4, 74, NULL, 0, NULL, 0, 130000, 'Pcs', NULL, NULL, NULL, 0, NULL, NULL, NULL, '2017-07-11 19:12:46', '2017-07-11 19:12:46', NULL),
(803, 4, 75, NULL, 0, NULL, 0, 120000, 'Pcs', NULL, NULL, NULL, 0, NULL, NULL, NULL, '2017-07-11 19:12:46', '2017-07-11 19:12:46', NULL),
(804, 4, 76, NULL, 0, NULL, 0, 120000, 'Pcs', NULL, NULL, NULL, 0, NULL, NULL, NULL, '2017-07-11 19:12:47', '2017-07-11 19:12:47', NULL),
(805, 4, 77, NULL, 0, NULL, 0, 120000, 'Pcs', NULL, NULL, NULL, 0, NULL, NULL, NULL, '2017-07-11 19:12:47', '2017-07-11 19:12:47', NULL),
(806, 4, 78, NULL, 0, NULL, 0, 120000, 'Pcs', NULL, NULL, NULL, 0, NULL, NULL, NULL, '2017-07-11 19:12:47', '2017-07-11 19:12:47', NULL),
(807, 4, 79, NULL, 0, NULL, 0, 120000, 'Pcs', NULL, NULL, NULL, 0, NULL, NULL, NULL, '2017-07-11 19:12:47', '2017-07-11 19:12:47', NULL),
(808, 4, 80, NULL, 0, NULL, 0, 120000, 'Pcs', NULL, NULL, NULL, 0, NULL, NULL, NULL, '2017-07-11 19:12:47', '2017-07-11 19:12:47', NULL),
(809, 4, 81, NULL, 0, NULL, 0, 83000, 'Pcs', NULL, NULL, NULL, 0, NULL, NULL, NULL, '2017-07-11 19:12:47', '2017-07-11 19:12:47', NULL),
(810, 4, 82, NULL, 0, NULL, 0, 85000, 'Pcs', NULL, NULL, NULL, 0, NULL, NULL, NULL, '2017-07-11 19:12:47', '2017-07-11 19:12:47', NULL),
(811, 4, 83, NULL, 0, NULL, 0, 17500, 'Pcs', NULL, NULL, NULL, 0, NULL, NULL, NULL, '2017-07-11 19:12:47', '2017-07-11 19:12:47', NULL),
(812, 4, 84, NULL, 0, NULL, 0, 185000, 'Pcs', NULL, NULL, NULL, 0, NULL, NULL, NULL, '2017-07-11 19:12:47', '2017-07-11 19:12:47', NULL),
(813, 4, 85, NULL, 0, NULL, 0, 23000, 'Lusin', NULL, NULL, NULL, 0, NULL, NULL, NULL, '2017-07-11 19:12:47', '2017-07-11 19:12:47', NULL),
(814, 4, 86, NULL, 0, NULL, 0, 25000, 'Lusin', NULL, NULL, NULL, 0, NULL, NULL, NULL, '2017-07-11 19:12:47', '2017-07-11 19:12:47', NULL),
(815, 4, 87, NULL, 0, NULL, 0, 100000, 'Pcs', NULL, NULL, NULL, 0, NULL, NULL, NULL, '2017-07-11 19:12:47', '2017-07-11 19:12:47', NULL),
(816, 4, 88, NULL, 0, NULL, 0, 45000, 'Pcs', NULL, NULL, NULL, 0, NULL, NULL, NULL, '2017-07-11 19:12:47', '2017-07-11 19:12:47', NULL),
(817, 4, 89, NULL, 0, NULL, 0, 45000, 'Pcs', NULL, NULL, NULL, 0, NULL, NULL, NULL, '2017-07-11 19:12:47', '2017-07-11 19:12:47', NULL),
(818, 4, 90, NULL, 0, NULL, 0, 45000, 'Pcs', NULL, NULL, NULL, 0, NULL, NULL, NULL, '2017-07-11 19:12:47', '2017-07-11 19:12:47', NULL),
(819, 4, 91, NULL, 0, NULL, 0, 45000, 'Pcs', NULL, NULL, NULL, 0, NULL, NULL, NULL, '2017-07-11 19:12:48', '2017-07-11 19:12:48', NULL),
(820, 4, 92, NULL, 0, NULL, 0, 45000, 'Pcs', NULL, NULL, NULL, 0, NULL, NULL, NULL, '2017-07-11 19:12:48', '2017-07-11 19:12:48', NULL),
(821, 4, 93, NULL, 0, NULL, 0, 45000, 'Pcs', NULL, NULL, NULL, 0, NULL, NULL, NULL, '2017-07-11 19:12:48', '2017-07-11 19:12:48', NULL),
(822, 4, 94, NULL, 0, NULL, 0, 200000, 'Pcs', NULL, NULL, NULL, 0, NULL, NULL, NULL, '2017-07-11 19:12:48', '2017-07-11 19:12:48', NULL),
(823, 4, 96, NULL, 0, NULL, 0, 100000, 'Pcs', NULL, NULL, NULL, 0, NULL, NULL, NULL, '2017-07-11 19:12:48', '2017-07-11 19:12:48', NULL),
(824, 4, 97, NULL, 0, NULL, 0, 100000, 'Pcs', NULL, NULL, NULL, 0, NULL, NULL, NULL, '2017-07-11 19:12:48', '2017-07-11 19:12:48', NULL),
(825, 4, 98, NULL, 0, NULL, 0, 100000, 'Pcs', NULL, NULL, NULL, 0, NULL, NULL, NULL, '2017-07-11 19:12:48', '2017-07-11 19:12:48', NULL),
(826, 4, 99, NULL, 0, NULL, 0, 95000, 'Pcs', NULL, NULL, NULL, 0, NULL, NULL, NULL, '2017-07-11 19:12:48', '2017-07-11 19:12:48', NULL),
(827, 4, 100, NULL, 0, NULL, 0, 95000, 'Pcs', NULL, NULL, NULL, 0, NULL, NULL, NULL, '2017-07-11 19:12:48', '2017-07-11 19:12:48', NULL),
(828, 4, 101, NULL, 0, NULL, 0, 95000, 'Pcs', NULL, NULL, NULL, 0, NULL, NULL, NULL, '2017-07-11 19:12:48', '2017-07-11 19:12:48', NULL),
(829, 4, 102, NULL, 0, NULL, 0, 95000, 'Pcs', NULL, NULL, NULL, 0, NULL, NULL, NULL, '2017-07-11 19:12:48', '2017-07-11 19:12:48', NULL),
(830, 4, 103, NULL, 0, NULL, 0, 95000, 'Pcs', NULL, NULL, NULL, 0, NULL, NULL, NULL, '2017-07-11 19:12:48', '2017-07-11 19:12:48', NULL),
(831, 4, 104, NULL, 0, NULL, 0, 95000, 'Pcs', NULL, NULL, NULL, 0, NULL, NULL, NULL, '2017-07-11 19:12:48', '2017-07-11 19:12:48', NULL),
(832, 4, 105, NULL, 0, NULL, 0, 0, 'Pcs', NULL, NULL, NULL, 0, NULL, NULL, NULL, '2017-07-11 19:12:48', '2017-07-11 19:12:48', NULL),
(833, 4, 106, NULL, 0, NULL, 0, 75000, 'Pcs', NULL, NULL, NULL, 0, NULL, NULL, NULL, '2017-07-11 19:12:48', '2017-07-11 19:12:48', NULL),
(834, 4, 107, NULL, 0, NULL, 0, 58000, 'Pcs', NULL, NULL, NULL, 0, NULL, NULL, NULL, '2017-07-11 19:12:48', '2017-07-11 19:12:48', NULL),
(835, 4, 108, NULL, 0, NULL, 0, 140000, 'Pcs', NULL, NULL, NULL, 0, NULL, NULL, NULL, '2017-07-11 19:12:48', '2017-07-11 19:12:48', NULL),
(836, 4, 109, NULL, 0, NULL, 0, 17500, 'Pcs', NULL, NULL, NULL, 0, NULL, NULL, NULL, '2017-07-11 19:12:48', '2017-07-11 19:12:48', NULL),
(837, 4, 110, NULL, 0, NULL, 0, 60000, 'Pcs', NULL, NULL, NULL, 0, NULL, NULL, NULL, '2017-07-11 19:12:48', '2017-07-11 19:12:48', NULL),
(838, 4, 111, NULL, 0, NULL, 0, 15000, 'Pcs', NULL, NULL, NULL, 0, NULL, NULL, NULL, '2017-07-11 19:12:48', '2017-07-11 19:12:48', NULL),
(839, 4, 112, NULL, 0, NULL, 0, 15000, 'Pcs', NULL, NULL, NULL, 0, NULL, NULL, NULL, '2017-07-11 19:12:48', '2017-07-11 19:12:48', NULL),
(840, 4, 113, NULL, 0, NULL, 0, 15000, 'Pcs', NULL, NULL, NULL, 0, NULL, NULL, NULL, '2017-07-11 19:12:49', '2017-07-11 19:12:49', NULL),
(841, 4, 114, NULL, 0, NULL, 0, 22000, 'Pcs', NULL, NULL, NULL, 0, NULL, NULL, NULL, '2017-07-11 19:12:49', '2017-07-11 19:12:49', NULL),
(842, 4, 115, NULL, 0, NULL, 0, 17000, 'Pcs', NULL, NULL, NULL, 0, NULL, NULL, NULL, '2017-07-11 19:12:49', '2017-07-11 19:12:49', NULL),
(843, 4, 116, NULL, 0, NULL, 0, 100000, 'Pcs', NULL, NULL, NULL, 0, NULL, NULL, NULL, '2017-07-11 19:12:49', '2017-07-11 19:12:49', NULL),
(844, 4, 117, NULL, 0, NULL, 0, 1050000, 'Unit', NULL, NULL, NULL, 0, NULL, NULL, NULL, '2017-07-11 19:12:49', '2017-07-11 19:12:49', NULL),
(845, 4, 309, NULL, 0, NULL, 0, 500000, 'Unit', NULL, NULL, NULL, 0, NULL, NULL, NULL, '2017-07-11 19:12:49', '2017-07-11 19:12:49', NULL),
(846, 4, 310, NULL, 0, NULL, 0, 1750000, 'Pcs', NULL, NULL, NULL, 0, NULL, NULL, NULL, '2017-07-11 19:12:49', '2017-07-11 19:12:49', NULL),
(847, 4, 118, NULL, 1, NULL, 0, 145000, 'Pack', NULL, NULL, NULL, 145000, NULL, NULL, NULL, '2017-07-11 19:12:49', '2017-07-11 19:12:49', NULL),
(848, 4, 120, NULL, 3, NULL, 0, 230000, 'Pack', NULL, NULL, NULL, 690000, NULL, NULL, NULL, '2017-07-11 19:12:49', '2017-07-11 19:12:49', NULL),
(849, 4, 121, NULL, 3, NULL, 0, 315000, 'Pack', NULL, NULL, NULL, 945000, NULL, NULL, NULL, '2017-07-11 19:12:49', '2017-07-11 19:12:49', NULL),
(850, 4, 122, NULL, 0, NULL, 0, 176000, 'Pack', NULL, NULL, NULL, 0, NULL, NULL, NULL, '2017-07-11 19:12:49', '2017-07-11 19:12:49', NULL),
(851, 4, 123, NULL, 0, NULL, 0, 230000, 'Pack', NULL, NULL, NULL, 0, NULL, NULL, NULL, '2017-07-11 19:12:50', '2017-07-11 19:12:50', NULL),
(852, 4, 124, NULL, 0, NULL, 0, 193000, 'Pack', NULL, NULL, NULL, 0, NULL, NULL, NULL, '2017-07-11 19:12:50', '2017-07-11 19:12:50', NULL),
(853, 4, 125, NULL, 0, NULL, 0, 193000, 'Pack', NULL, NULL, NULL, 0, NULL, NULL, NULL, '2017-07-11 19:12:50', '2017-07-11 19:12:50', NULL),
(854, 4, 126, NULL, 0, NULL, 0, 0, 'Pack', NULL, NULL, NULL, 0, NULL, NULL, NULL, '2017-07-11 19:12:50', '2017-07-11 19:12:50', NULL),
(855, 4, 127, NULL, 0, NULL, 0, 172500, 'Pack', NULL, NULL, NULL, 0, NULL, NULL, NULL, '2017-07-11 19:12:50', '2017-07-11 19:12:50', NULL),
(856, 4, 128, NULL, 0, NULL, 0, 145000, 'Pack', NULL, NULL, NULL, 0, NULL, NULL, NULL, '2017-07-11 19:12:50', '2017-07-11 19:12:50', NULL),
(857, 4, 129, NULL, 0, NULL, 0, 210000, 'Botol', NULL, NULL, NULL, 0, NULL, NULL, NULL, '2017-07-11 19:12:50', '2017-07-11 19:12:50', NULL),
(858, 4, 130, NULL, 0, NULL, 0, 121000, 'Botol', NULL, NULL, NULL, 0, NULL, NULL, NULL, '2017-07-11 19:12:50', '2017-07-11 19:12:50', NULL),
(859, 4, 131, NULL, 0, NULL, 0, 121000, 'Botol', NULL, NULL, NULL, 0, NULL, NULL, NULL, '2017-07-11 19:12:50', '2017-07-11 19:12:50', NULL),
(860, 4, 132, NULL, 0, NULL, 0, 121000, 'Botol', NULL, NULL, NULL, 0, NULL, NULL, NULL, '2017-07-11 19:12:50', '2017-07-11 19:12:50', NULL),
(861, 4, 134, NULL, 0, NULL, 0, 121000, 'Botol', NULL, NULL, NULL, 0, NULL, NULL, NULL, '2017-07-11 19:12:50', '2017-07-11 19:12:50', NULL),
(862, 4, 135, NULL, 0, NULL, 0, 121000, 'Botol', NULL, NULL, NULL, 0, NULL, NULL, NULL, '2017-07-11 19:12:50', '2017-07-11 19:12:50', NULL),
(863, 4, 136, NULL, 0, NULL, 0, 121000, 'Botol', NULL, NULL, NULL, 0, NULL, NULL, NULL, '2017-07-11 19:12:50', '2017-07-11 19:12:50', NULL),
(864, 4, 137, NULL, 0, NULL, 0, 121000, 'Botol', NULL, NULL, NULL, 0, NULL, NULL, NULL, '2017-07-11 19:12:50', '2017-07-11 19:12:50', NULL),
(865, 4, 138, NULL, 0, NULL, 0, 121000, 'Botol', NULL, NULL, NULL, 0, NULL, NULL, NULL, '2017-07-11 19:12:50', '2017-07-11 19:12:50', NULL),
(866, 4, 139, NULL, 0, NULL, 0, 121000, 'Botol', NULL, NULL, NULL, 0, NULL, NULL, NULL, '2017-07-11 19:12:50', '2017-07-11 19:12:50', NULL),
(867, 4, 140, NULL, 0, NULL, 0, 121000, 'Botol', NULL, NULL, NULL, 0, NULL, NULL, NULL, '2017-07-11 19:12:50', '2017-07-11 19:12:50', NULL),
(868, 4, 141, NULL, 0, NULL, 0, 265100, 'Botol', NULL, NULL, NULL, 0, NULL, NULL, NULL, '2017-07-11 19:12:50', '2017-07-11 19:12:50', NULL),
(869, 4, 142, NULL, 0, NULL, 0, 183500, 'Botol', NULL, NULL, NULL, 0, NULL, NULL, NULL, '2017-07-11 19:12:51', '2017-07-11 19:12:51', NULL),
(870, 4, 143, NULL, 0, NULL, 0, 183500, 'Botol', NULL, NULL, NULL, 0, NULL, NULL, NULL, '2017-07-11 19:12:51', '2017-07-11 19:12:51', NULL),
(871, 4, 144, NULL, 0, NULL, 0, 183500, 'Drigen', NULL, NULL, NULL, 0, NULL, NULL, NULL, '2017-07-11 19:12:51', '2017-07-11 19:12:51', NULL),
(872, 4, 145, NULL, 0, NULL, 0, 183500, 'Drigen', NULL, NULL, NULL, 0, NULL, NULL, NULL, '2017-07-11 19:12:51', '2017-07-11 19:12:51', NULL),
(873, 4, 146, NULL, 0, NULL, 0, 183500, 'Drigen', NULL, NULL, NULL, 0, NULL, NULL, NULL, '2017-07-11 19:12:51', '2017-07-11 19:12:51', NULL),
(874, 4, 147, NULL, 0, NULL, 0, 182000, 'Pack', NULL, NULL, NULL, 0, NULL, NULL, NULL, '2017-07-11 19:12:51', '2017-07-11 19:12:51', NULL),
(875, 4, 148, NULL, 0, NULL, 0, 259000, 'Pack', NULL, NULL, NULL, 0, NULL, NULL, NULL, '2017-07-11 19:12:51', '2017-07-11 19:12:51', NULL),
(876, 4, 149, NULL, 0, NULL, 0, 120000, 'Pack', NULL, NULL, NULL, 0, NULL, NULL, NULL, '2017-07-11 19:12:51', '2017-07-11 19:12:51', NULL),
(877, 4, 150, NULL, 0, NULL, 0, 50000, 'Pack', NULL, NULL, NULL, 0, NULL, NULL, NULL, '2017-07-11 19:12:51', '2017-07-11 19:12:51', NULL),
(878, 4, 151, NULL, 0, NULL, 0, 250000, 'Carton', NULL, NULL, NULL, 0, NULL, NULL, NULL, '2017-07-11 19:12:51', '2017-07-11 19:12:51', NULL),
(879, 4, 152, NULL, 0, NULL, 0, 10000, 'Kg', NULL, NULL, NULL, 0, NULL, NULL, NULL, '2017-07-11 19:12:51', '2017-07-11 19:12:51', NULL),
(880, 4, 153, NULL, 0, NULL, 0, 120000, 'Dus', NULL, NULL, NULL, 0, NULL, NULL, NULL, '2017-07-11 19:12:51', '2017-07-11 19:12:51', NULL),
(881, 4, 154, NULL, 0, NULL, 0, 55000, 'Pack', NULL, NULL, NULL, 0, NULL, NULL, NULL, '2017-07-11 19:12:51', '2017-07-11 19:12:51', NULL),
(882, 4, 155, NULL, 0, NULL, 0, 0, 'Pack', NULL, NULL, NULL, 0, NULL, NULL, NULL, '2017-07-11 19:12:51', '2017-07-11 19:12:51', NULL),
(883, 4, 156, NULL, 0, NULL, 0, 19500, 'Pack', NULL, NULL, NULL, 0, NULL, NULL, NULL, '2017-07-11 19:12:51', '2017-07-11 19:12:51', NULL),
(884, 4, 157, NULL, 0, NULL, 0, 15000, 'Pack', NULL, NULL, NULL, 0, NULL, NULL, NULL, '2017-07-11 19:12:51', '2017-07-11 19:12:51', NULL),
(885, 4, 158, NULL, 0, NULL, 0, 6000, 'Pack', NULL, NULL, NULL, 0, NULL, NULL, NULL, '2017-07-11 19:12:51', '2017-07-11 19:12:51', NULL),
(886, 4, 159, NULL, 0, NULL, 0, 0, 'Carton', NULL, NULL, NULL, 0, NULL, NULL, NULL, '2017-07-11 19:12:51', '2017-07-11 19:12:51', NULL),
(887, 4, 160, NULL, 0, NULL, 0, 531000, 'Carton', NULL, NULL, NULL, 0, NULL, NULL, NULL, '2017-07-11 19:12:52', '2017-07-11 19:12:52', NULL),
(888, 4, 161, NULL, 0, NULL, 0, 416000, 'Carton', NULL, NULL, NULL, 0, NULL, NULL, NULL, '2017-07-11 19:12:52', '2017-07-11 19:12:52', NULL),
(889, 4, 162, NULL, 0, NULL, 0, 0, 'Carton', NULL, NULL, NULL, 0, NULL, NULL, NULL, '2017-07-11 19:12:52', '2017-07-11 19:12:52', NULL),
(890, 4, 163, NULL, 0, NULL, 0, 185000, 'Dus', NULL, NULL, NULL, 0, NULL, NULL, NULL, '2017-07-11 19:12:52', '2017-07-11 19:12:52', NULL),
(891, 4, 164, NULL, 0, NULL, 0, 950000, 'Dus', NULL, NULL, NULL, 0, NULL, NULL, NULL, '2017-07-11 19:12:52', '2017-07-11 19:12:52', NULL),
(892, 4, 165, NULL, 0, NULL, 0, 135000, 'Carton', NULL, NULL, NULL, 0, NULL, NULL, NULL, '2017-07-11 19:12:52', '2017-07-11 19:12:52', NULL),
(893, 4, 166, NULL, 0, NULL, 0, 325000, 'Pack', NULL, NULL, NULL, 0, NULL, NULL, NULL, '2017-07-11 19:12:53', '2017-07-11 19:12:53', NULL),
(894, 4, 167, NULL, 0, NULL, 0, 81000, 'Dus', NULL, NULL, NULL, 0, NULL, NULL, NULL, '2017-07-11 19:12:53', '2017-07-11 19:12:53', NULL),
(895, 4, 168, NULL, 0, NULL, 0, 275000, 'Carton', NULL, NULL, NULL, 0, NULL, NULL, NULL, '2017-07-11 19:12:53', '2017-07-11 19:12:53', NULL),
(896, 4, 169, NULL, 0, NULL, 0, 200000, 'Dus', NULL, NULL, NULL, 0, NULL, NULL, NULL, '2017-07-11 19:12:53', '2017-07-11 19:12:53', NULL),
(897, 4, 170, NULL, 0, NULL, 0, 213000, 'Carton', NULL, NULL, NULL, 0, NULL, NULL, NULL, '2017-07-11 19:12:53', '2017-07-11 19:12:53', NULL),
(898, 4, 171, NULL, 0, NULL, 0, 1550000, 'Dus', NULL, NULL, NULL, 0, NULL, NULL, NULL, '2017-07-11 19:12:53', '2017-07-11 19:12:53', NULL),
(899, 4, 172, NULL, 0, NULL, 0, 120000, 'Pack', NULL, NULL, NULL, 0, NULL, NULL, NULL, '2017-07-11 19:12:53', '2017-07-11 19:12:53', NULL),
(900, 4, 173, NULL, 0, NULL, 0, 335000, 'Toples', NULL, NULL, NULL, 0, NULL, NULL, NULL, '2017-07-11 19:12:53', '2017-07-11 19:12:53', NULL),
(901, 4, 174, NULL, 0, NULL, 0, 253000, 'Toples', NULL, NULL, NULL, 0, NULL, NULL, NULL, '2017-07-11 19:12:53', '2017-07-11 19:12:53', NULL),
(902, 4, 175, NULL, 0, NULL, 0, 17500, 'Pack', NULL, NULL, NULL, 0, NULL, NULL, NULL, '2017-07-11 19:12:53', '2017-07-11 19:12:53', NULL),
(903, 4, 176, NULL, 0, NULL, 0, 78000, 'Kaleng ', NULL, NULL, NULL, 0, NULL, NULL, NULL, '2017-07-11 19:12:53', '2017-07-11 19:12:53', NULL),
(904, 4, 177, NULL, 0, NULL, 0, 108000, 'Botol', NULL, NULL, NULL, 0, NULL, NULL, NULL, '2017-07-11 19:12:53', '2017-07-11 19:12:53', NULL),
(905, 4, 178, NULL, 0, NULL, 0, 35000, 'Pack', NULL, NULL, NULL, 0, NULL, NULL, NULL, '2017-07-11 19:12:53', '2017-07-11 19:12:53', NULL),
(906, 4, 179, NULL, 0, NULL, 0, 36000, 'Pack', NULL, NULL, NULL, 0, NULL, NULL, NULL, '2017-07-11 19:12:53', '2017-07-11 19:12:53', NULL),
(907, 4, 180, NULL, 0, NULL, 0, 19500, 'Pack', NULL, NULL, NULL, 0, NULL, NULL, NULL, '2017-07-11 19:12:53', '2017-07-11 19:12:53', NULL),
(908, 4, 181, NULL, 0, NULL, 0, 0, 'Carton', NULL, NULL, NULL, 0, NULL, NULL, NULL, '2017-07-11 19:12:53', '2017-07-11 19:12:53', NULL),
(909, 4, 182, NULL, 0, NULL, 0, 1020000, 'Dus', NULL, NULL, NULL, 0, NULL, NULL, NULL, '2017-07-11 19:12:54', '2017-07-11 19:12:54', NULL),
(910, 4, 183, NULL, 0, NULL, 0, 105000, 'Botol', NULL, NULL, NULL, 0, NULL, NULL, NULL, '2017-07-11 19:12:54', '2017-07-11 19:12:54', NULL),
(911, 4, 184, NULL, 0, NULL, 0, 108000, 'Pack', NULL, NULL, NULL, 0, NULL, NULL, NULL, '2017-07-11 19:12:54', '2017-07-11 19:12:54', NULL),
(912, 4, 185, NULL, 0, NULL, 0, 0, 'Pack', NULL, NULL, NULL, 0, NULL, NULL, NULL, '2017-07-11 19:12:54', '2017-07-11 19:12:54', NULL),
(913, 4, 186, NULL, 0, NULL, 0, 138000, 'Pack', NULL, NULL, NULL, 0, NULL, NULL, NULL, '2017-07-11 19:12:54', '2017-07-11 19:12:54', NULL),
(914, 4, 187, NULL, 0, NULL, 0, 78000, 'Pack', NULL, NULL, NULL, 0, NULL, NULL, NULL, '2017-07-11 19:12:54', '2017-07-11 19:12:54', NULL),
(915, 4, 188, NULL, 0, NULL, 0, 0, 'Toples', NULL, NULL, NULL, 0, NULL, NULL, NULL, '2017-07-11 19:12:54', '2017-07-11 19:12:54', NULL),
(916, 4, 189, NULL, 0, NULL, 0, 253000, 'Botol', NULL, NULL, NULL, 0, NULL, NULL, NULL, '2017-07-11 19:12:54', '2017-07-11 19:12:54', NULL),
(917, 4, 190, NULL, 0, NULL, 0, 45000, 'Pack', NULL, NULL, NULL, 0, NULL, NULL, NULL, '2017-07-11 19:12:54', '2017-07-11 19:12:54', NULL),
(918, 4, 191, NULL, 0, NULL, 0, 14000, 'Botol', NULL, NULL, NULL, 0, NULL, NULL, NULL, '2017-07-11 19:12:54', '2017-07-11 19:12:54', NULL),
(919, 4, 192, NULL, 0, NULL, 0, 12000, 'Botol', NULL, NULL, NULL, 0, NULL, NULL, NULL, '2017-07-11 19:12:54', '2017-07-11 19:12:54', NULL),
(920, 4, 193, NULL, 0, NULL, 0, 15500, 'Botol', NULL, NULL, NULL, 0, NULL, NULL, NULL, '2017-07-11 19:12:55', '2017-07-11 19:12:55', NULL),
(921, 4, 194, NULL, 0, NULL, 0, 13000, 'Botol', NULL, NULL, NULL, 0, NULL, NULL, NULL, '2017-07-11 19:12:55', '2017-07-11 19:12:55', NULL),
(922, 4, 195, NULL, 0, NULL, 0, 18000, 'Botol', NULL, NULL, NULL, 0, NULL, NULL, NULL, '2017-07-11 19:12:55', '2017-07-11 19:12:55', NULL),
(923, 4, 196, NULL, 0, NULL, 0, 33000, 'Pack', NULL, NULL, NULL, 0, NULL, NULL, NULL, '2017-07-11 19:12:55', '2017-07-11 19:12:55', NULL),
(924, 4, 197, NULL, 0, NULL, 0, 18000, 'Kg', NULL, NULL, NULL, 0, NULL, NULL, NULL, '2017-07-11 19:12:55', '2017-07-11 19:12:55', NULL),
(925, 4, 198, NULL, 0, NULL, 0, 60000, 'Pack', NULL, NULL, NULL, 0, NULL, NULL, NULL, '2017-07-11 19:12:55', '2017-07-11 19:12:55', NULL),
(926, 4, 199, NULL, 0, NULL, 0, 120000, 'Pack', NULL, NULL, NULL, 0, NULL, NULL, NULL, '2017-07-11 19:12:55', '2017-07-11 19:12:55', NULL),
(927, 4, 200, NULL, 0, NULL, 0, 16000, 'Kg', NULL, NULL, NULL, 0, NULL, NULL, NULL, '2017-07-11 19:12:55', '2017-07-11 19:12:55', NULL),
(928, 4, 201, NULL, 0, NULL, 0, 193000, 'Toples', NULL, NULL, NULL, 0, NULL, NULL, NULL, '2017-07-11 19:12:55', '2017-07-11 19:12:55', NULL),
(929, 5, 2, NULL, 5, NULL, 0, 395000, 'Pcs', NULL, NULL, NULL, 1975000, NULL, NULL, NULL, '2017-07-11 19:13:08', '2017-07-11 19:13:08', NULL),
(930, 5, 3, NULL, 6, NULL, 0, 20000, 'Pcs', NULL, NULL, NULL, 120000, NULL, NULL, NULL, '2017-07-11 19:13:08', '2017-07-11 19:13:08', NULL),
(931, 5, 4, NULL, 3, NULL, 0, 55000, 'Pack', NULL, NULL, NULL, 165000, NULL, NULL, NULL, '2017-07-11 19:13:09', '2017-07-11 19:13:09', NULL),
(932, 5, 5, NULL, 4, NULL, 0, 35000, 'Pcs', NULL, NULL, NULL, 140000, NULL, NULL, NULL, '2017-07-11 19:13:09', '2017-07-11 19:13:09', NULL),
(933, 5, 6, NULL, 5, NULL, 0, 60000, 'Pcs', NULL, NULL, NULL, 300000, NULL, NULL, NULL, '2017-07-11 19:13:09', '2017-07-11 19:13:09', NULL),
(934, 5, 7, NULL, 6, NULL, 0, 11000, 'Pcs', NULL, NULL, NULL, 66000, NULL, NULL, NULL, '2017-07-11 19:13:09', '2017-07-11 19:13:09', NULL),
(935, 5, 8, NULL, 7, NULL, 0, 15000, 'Pcs', NULL, NULL, NULL, 105000, NULL, NULL, NULL, '2017-07-11 19:13:09', '2017-07-11 19:13:09', NULL),
(936, 5, 9, NULL, 8, NULL, 0, 1150000, 'Carton', NULL, NULL, NULL, 9200000, NULL, NULL, NULL, '2017-07-11 19:13:09', '2017-07-11 19:13:09', NULL),
(937, 5, 11, NULL, 10, NULL, 0, 1250000, 'Carton', NULL, NULL, NULL, 12500000, NULL, NULL, NULL, '2017-07-11 19:13:09', '2017-07-11 19:13:09', NULL),
(938, 5, 13, NULL, 12, NULL, 0, 60000, 'Lusin', NULL, NULL, NULL, 720000, NULL, NULL, NULL, '2017-07-11 19:13:09', '2017-07-11 19:13:09', NULL),
(939, 5, 14, NULL, 13, NULL, 0, 425000, 'Carton', NULL, NULL, NULL, 5525000, NULL, NULL, NULL, '2017-07-11 19:13:09', '2017-07-11 19:13:09', NULL),
(940, 5, 15, NULL, 14, NULL, 0, 395000, 'Dus', NULL, NULL, NULL, 5530000, NULL, NULL, NULL, '2017-07-11 19:13:09', '2017-07-11 19:13:09', NULL),
(941, 5, 16, NULL, 15, NULL, 0, 270000, 'Pack', NULL, NULL, NULL, 4050000, NULL, NULL, NULL, '2017-07-11 19:13:09', '2017-07-11 19:13:09', NULL),
(942, 5, 17, NULL, 30, NULL, 0, 120000, 'Pcs', NULL, NULL, NULL, 3600000, NULL, NULL, NULL, '2017-07-11 19:13:10', '2017-07-11 19:13:10', NULL),
(943, 5, 18, NULL, 18, NULL, 0, 100000, 'Pack', NULL, NULL, NULL, 1800000, NULL, NULL, NULL, '2017-07-11 19:13:10', '2017-07-11 19:13:10', NULL),
(944, 5, 19, NULL, 19, NULL, 0, 2200000, 'Carton', NULL, NULL, NULL, 41800000, NULL, NULL, NULL, '2017-07-11 19:13:10', '2017-07-11 19:13:10', NULL),
(945, 5, 20, NULL, 20, NULL, 0, 20000, 'Pcs', NULL, NULL, NULL, 400000, NULL, NULL, NULL, '2017-07-11 19:13:10', '2017-07-11 19:13:10', NULL),
(946, 5, 21, NULL, 21, NULL, 0, 175000, 'Pcs', NULL, NULL, NULL, 3675000, NULL, NULL, NULL, '2017-07-11 19:13:10', '2017-07-11 19:13:10', NULL),
(947, 5, 22, NULL, 22, NULL, 0, 1100000, 'Pcs', NULL, NULL, NULL, 24200000, NULL, NULL, NULL, '2017-07-11 19:13:10', '2017-07-11 19:13:10', NULL),
(948, 5, 23, NULL, 23, NULL, 0, 70000, 'Pcs', NULL, NULL, NULL, 1610000, NULL, NULL, NULL, '2017-07-11 19:13:10', '2017-07-11 19:13:10', NULL),
(949, 5, 24, NULL, 24, NULL, 0, 75000, 'Pcs', NULL, NULL, NULL, 1800000, NULL, NULL, NULL, '2017-07-11 19:13:10', '2017-07-11 19:13:10', NULL),
(950, 5, 25, NULL, 25, NULL, 0, 250000, 'Carton', NULL, NULL, NULL, 6250000, NULL, NULL, NULL, '2017-07-11 19:13:10', '2017-07-11 19:13:10', NULL),
(951, 5, 26, NULL, 26, NULL, 0, 250000, 'Carton', NULL, NULL, NULL, 6500000, NULL, NULL, NULL, '2017-07-11 19:13:10', '2017-07-11 19:13:10', NULL),
(952, 5, 28, NULL, 28, NULL, 0, 300000, 'Roll', NULL, NULL, NULL, 8400000, NULL, NULL, NULL, '2017-07-11 19:13:10', '2017-07-11 19:13:10', NULL),
(953, 5, 29, NULL, 29, NULL, 0, 70000, 'Lusin', NULL, NULL, NULL, 2030000, NULL, NULL, NULL, '2017-07-11 19:13:10', '2017-07-11 19:13:10', NULL),
(954, 5, 30, NULL, 30, NULL, 0, 1600000, 'Pcs', NULL, NULL, NULL, 48000000, NULL, NULL, NULL, '2017-07-11 19:13:10', '2017-07-11 19:13:10', NULL),
(955, 5, 31, NULL, 31, NULL, 0, 1100000, 'Pcs', NULL, NULL, NULL, 34100000, NULL, NULL, NULL, '2017-07-11 19:13:10', '2017-07-11 19:13:10', NULL),
(956, 5, 32, NULL, 32, NULL, 0, 9000, 'Pcs', NULL, NULL, NULL, 288000, NULL, NULL, NULL, '2017-07-11 19:13:10', '2017-07-11 19:13:10', NULL),
(957, 5, 33, NULL, 33, NULL, 0, 710000, 'Carton', NULL, NULL, NULL, 23430000, NULL, NULL, NULL, '2017-07-11 19:13:11', '2017-07-11 19:13:11', NULL),
(958, 5, 34, NULL, 34, NULL, 0, 60000, 'Pcs', NULL, NULL, NULL, 2040000, NULL, NULL, NULL, '2017-07-11 19:13:11', '2017-07-11 19:13:11', NULL),
(959, 5, 35, NULL, 36, NULL, 0, 53000, 'Pcs', NULL, NULL, NULL, 1908000, NULL, NULL, NULL, '2017-07-11 19:13:11', '2017-07-11 19:13:11', NULL),
(960, 5, 36, NULL, 37, NULL, 0, 53000, 'Pcs', NULL, NULL, NULL, 1961000, NULL, NULL, NULL, '2017-07-11 19:13:11', '2017-07-11 19:13:11', NULL),
(961, 5, 37, NULL, 38, NULL, 0, 20000, 'Pcs', NULL, NULL, NULL, 760000, NULL, NULL, NULL, '2017-07-11 19:13:11', '2017-07-11 19:13:11', NULL),
(962, 5, 39, NULL, 40, NULL, 0, 16000, 'Pack', NULL, NULL, NULL, 640000, NULL, NULL, NULL, '2017-07-11 19:13:11', '2017-07-11 19:13:11', NULL),
(963, 5, 40, NULL, 41, NULL, 0, 16000, 'Pack', NULL, NULL, NULL, 656000, NULL, NULL, NULL, '2017-07-11 19:13:11', '2017-07-11 19:13:11', NULL),
(964, 5, 41, NULL, 42, NULL, 0, 23500, 'Pack', NULL, NULL, NULL, 987000, NULL, NULL, NULL, '2017-07-11 19:13:11', '2017-07-11 19:13:11', NULL),
(965, 5, 42, NULL, 43, NULL, 0, 13000, 'Pack', NULL, NULL, NULL, 559000, NULL, NULL, NULL, '2017-07-11 19:13:11', '2017-07-11 19:13:11', NULL),
(966, 5, 43, NULL, 44, NULL, 0, 13000, 'Pack', NULL, NULL, NULL, 572000, NULL, NULL, NULL, '2017-07-11 19:13:11', '2017-07-11 19:13:11', NULL),
(967, 5, 44, NULL, 45, NULL, 0, 145000, 'Roll', NULL, NULL, NULL, 6525000, NULL, NULL, NULL, '2017-07-11 19:13:11', '2017-07-11 19:13:11', NULL),
(968, 5, 45, NULL, 46, NULL, 0, 100000, 'Pack', NULL, NULL, NULL, 4600000, NULL, NULL, NULL, '2017-07-11 19:13:11', '2017-07-11 19:13:11', NULL),
(969, 5, 46, NULL, 47, NULL, 0, 200000, 'Pcs', NULL, NULL, NULL, 9400000, NULL, NULL, NULL, '2017-07-11 19:13:11', '2017-07-11 19:13:11', NULL),
(970, 5, 47, NULL, 48, NULL, 0, 70000, 'Carton', NULL, NULL, NULL, 3360000, NULL, NULL, NULL, '2017-07-11 19:13:11', '2017-07-11 19:13:11', NULL),
(971, 5, 48, NULL, 49, NULL, 0, 21500, 'Pack', NULL, NULL, NULL, 1053500, NULL, NULL, NULL, '2017-07-11 19:13:11', '2017-07-11 19:13:11', NULL),
(972, 5, 49, NULL, 50, NULL, 0, 60000, 'Lusin', NULL, NULL, NULL, 3000000, NULL, NULL, NULL, '2017-07-11 19:13:12', '2017-07-11 19:13:12', NULL),
(973, 5, 50, NULL, 51, NULL, 0, 400000, 'Carton', NULL, NULL, NULL, 20400000, NULL, NULL, NULL, '2017-07-11 19:13:12', '2017-07-11 19:13:12', NULL),
(974, 5, 51, NULL, 52, NULL, 0, 70000, 'Set', NULL, NULL, NULL, 3640000, NULL, NULL, NULL, '2017-07-11 19:13:12', '2017-07-11 19:13:12', NULL),
(975, 5, 52, NULL, 53, NULL, 0, 430000, 'Carton', NULL, NULL, NULL, 22790000, NULL, NULL, NULL, '2017-07-11 19:13:12', '2017-07-11 19:13:12', NULL),
(976, 5, 53, NULL, 54, NULL, 0, 85000, 'Pcs', NULL, NULL, NULL, 4590000, NULL, NULL, NULL, '2017-07-11 19:13:12', '2017-07-11 19:13:12', NULL),
(977, 5, 54, NULL, 55, NULL, 0, 20000, 'Pack', NULL, NULL, NULL, 1100000, NULL, NULL, NULL, '2017-07-11 19:13:12', '2017-07-11 19:13:12', NULL),
(978, 5, 55, NULL, 56, NULL, 0, 18000, 'Pack', NULL, NULL, NULL, 1008000, NULL, NULL, NULL, '2017-07-11 19:13:12', '2017-07-11 19:13:12', NULL),
(979, 5, 56, NULL, 57, NULL, 0, 448000, 'Pcs', NULL, NULL, NULL, 25536000, NULL, NULL, NULL, '2017-07-11 19:13:12', '2017-07-11 19:13:12', NULL),
(980, 5, 57, NULL, 58, NULL, 0, 476000, 'Pcs', NULL, NULL, NULL, 27608000, NULL, NULL, NULL, '2017-07-11 19:13:12', '2017-07-11 19:13:12', NULL),
(981, 5, 58, NULL, 59, NULL, 0, 566000, 'Pcs', NULL, NULL, NULL, 33394000, NULL, NULL, NULL, '2017-07-11 19:13:12', '2017-07-11 19:13:12', NULL),
(982, 5, 59, NULL, 60, NULL, 0, 70000, 'Pcs', NULL, NULL, NULL, 4200000, NULL, NULL, NULL, '2017-07-11 19:13:12', '2017-07-11 19:13:12', NULL),
(983, 5, 60, NULL, 61, NULL, 0, 70000, 'Pcs', NULL, NULL, NULL, 4270000, NULL, NULL, NULL, '2017-07-11 19:13:12', '2017-07-11 19:13:12', NULL),
(984, 5, 61, NULL, 62, NULL, 0, 70000, 'Pcs', NULL, NULL, NULL, 4340000, NULL, NULL, NULL, '2017-07-11 19:13:12', '2017-07-11 19:13:12', NULL),
(985, 5, 62, NULL, 63, NULL, 0, 160000, 'Pack', NULL, NULL, NULL, 10080000, NULL, NULL, NULL, '2017-07-11 19:13:12', '2017-07-11 19:13:12', NULL),
(986, 5, 63, NULL, 64, NULL, 0, 70000, 'Pcs', NULL, NULL, NULL, 4480000, NULL, NULL, NULL, '2017-07-11 19:13:12', '2017-07-11 19:13:12', NULL),
(987, 5, 64, NULL, 65, NULL, 0, 21000, 'Lusin', NULL, NULL, NULL, 1365000, NULL, NULL, NULL, '2017-07-11 19:13:12', '2017-07-11 19:13:12', NULL),
(988, 5, 65, NULL, 66, NULL, 0, 8000, 'Lusin', NULL, NULL, NULL, 528000, NULL, NULL, NULL, '2017-07-11 19:13:13', '2017-07-11 19:13:13', NULL),
(989, 5, 66, NULL, 67, NULL, 0, 20000, 'Pack', NULL, NULL, NULL, 1340000, NULL, NULL, NULL, '2017-07-11 19:13:13', '2017-07-11 19:13:13', NULL),
(990, 5, 67, NULL, 68, NULL, 0, 13000, 'Pack', NULL, NULL, NULL, 884000, NULL, NULL, NULL, '2017-07-11 19:13:13', '2017-07-11 19:13:13', NULL),
(991, 5, 68, NULL, 69, NULL, 0, 20000, 'Pcs', NULL, NULL, NULL, 1380000, NULL, NULL, NULL, '2017-07-11 19:13:13', '2017-07-11 19:13:13', NULL),
(992, 5, 10, NULL, 0, NULL, 0, 600000, 'Carton', NULL, NULL, NULL, 0, NULL, NULL, NULL, '2017-07-11 19:13:13', '2017-07-11 19:13:13', NULL),
(993, 5, 12, NULL, 0, NULL, 0, 0, 'Carton', NULL, NULL, NULL, 0, NULL, NULL, NULL, '2017-07-11 19:13:13', '2017-07-11 19:13:13', NULL),
(994, 5, 27, NULL, 0, NULL, 0, 0, 'Carton', NULL, NULL, NULL, 0, NULL, NULL, NULL, '2017-07-11 19:13:13', '2017-07-11 19:13:13', NULL),
(995, 5, 38, NULL, 0, NULL, 0, 0, 'Pack', NULL, NULL, NULL, 0, NULL, NULL, NULL, '2017-07-11 19:13:13', '2017-07-11 19:13:13', NULL),
(996, 5, 69, NULL, 0, NULL, 0, 175000, 'Pcs', NULL, NULL, NULL, 0, NULL, NULL, NULL, '2017-07-11 19:13:13', '2017-07-11 19:13:13', NULL),
(997, 5, 70, NULL, 0, NULL, 0, 150000, 'Pcs', NULL, NULL, NULL, 0, NULL, NULL, NULL, '2017-07-11 19:13:13', '2017-07-11 19:13:13', NULL),
(998, 5, 71, NULL, 0, NULL, 0, 25000, 'Pcs', NULL, NULL, NULL, 0, NULL, NULL, NULL, '2017-07-11 19:13:13', '2017-07-11 19:13:13', NULL),
(999, 5, 72, NULL, 0, NULL, 0, 680000, 'Pcs', NULL, NULL, NULL, 0, NULL, NULL, NULL, '2017-07-11 19:13:13', '2017-07-11 19:13:13', NULL),
(1000, 5, 73, NULL, 0, NULL, 0, 720000, 'Pcs', NULL, NULL, NULL, 0, NULL, NULL, NULL, '2017-07-11 19:13:13', '2017-07-11 19:13:13', NULL),
(1001, 5, 74, NULL, 0, NULL, 0, 130000, 'Pcs', NULL, NULL, NULL, 0, NULL, NULL, NULL, '2017-07-11 19:13:13', '2017-07-11 19:13:13', NULL),
(1002, 5, 75, NULL, 0, NULL, 0, 120000, 'Pcs', NULL, NULL, NULL, 0, NULL, NULL, NULL, '2017-07-11 19:13:14', '2017-07-11 19:13:14', NULL),
(1003, 5, 76, NULL, 0, NULL, 0, 120000, 'Pcs', NULL, NULL, NULL, 0, NULL, NULL, NULL, '2017-07-11 19:13:14', '2017-07-11 19:13:14', NULL),
(1004, 5, 77, NULL, 0, NULL, 0, 120000, 'Pcs', NULL, NULL, NULL, 0, NULL, NULL, NULL, '2017-07-11 19:13:14', '2017-07-11 19:13:14', NULL),
(1005, 5, 78, NULL, 0, NULL, 0, 120000, 'Pcs', NULL, NULL, NULL, 0, NULL, NULL, NULL, '2017-07-11 19:13:14', '2017-07-11 19:13:14', NULL),
(1006, 5, 79, NULL, 0, NULL, 0, 120000, 'Pcs', NULL, NULL, NULL, 0, NULL, NULL, NULL, '2017-07-11 19:13:14', '2017-07-11 19:13:14', NULL),
(1007, 5, 80, NULL, 0, NULL, 0, 120000, 'Pcs', NULL, NULL, NULL, 0, NULL, NULL, NULL, '2017-07-11 19:13:14', '2017-07-11 19:13:14', NULL),
(1008, 5, 81, NULL, 0, NULL, 0, 83000, 'Pcs', NULL, NULL, NULL, 0, NULL, NULL, NULL, '2017-07-11 19:13:14', '2017-07-11 19:13:14', NULL),
(1009, 5, 82, NULL, 0, NULL, 0, 85000, 'Pcs', NULL, NULL, NULL, 0, NULL, NULL, NULL, '2017-07-11 19:13:14', '2017-07-11 19:13:14', NULL),
(1010, 5, 83, NULL, 0, NULL, 0, 17500, 'Pcs', NULL, NULL, NULL, 0, NULL, NULL, NULL, '2017-07-11 19:13:14', '2017-07-11 19:13:14', NULL),
(1011, 5, 84, NULL, 0, NULL, 0, 185000, 'Pcs', NULL, NULL, NULL, 0, NULL, NULL, NULL, '2017-07-11 19:13:14', '2017-07-11 19:13:14', NULL),
(1012, 5, 85, NULL, 0, NULL, 0, 23000, 'Lusin', NULL, NULL, NULL, 0, NULL, NULL, NULL, '2017-07-11 19:13:14', '2017-07-11 19:13:14', NULL),
(1013, 5, 86, NULL, 0, NULL, 0, 25000, 'Lusin', NULL, NULL, NULL, 0, NULL, NULL, NULL, '2017-07-11 19:13:14', '2017-07-11 19:13:14', NULL),
(1014, 5, 87, NULL, 0, NULL, 0, 100000, 'Pcs', NULL, NULL, NULL, 0, NULL, NULL, NULL, '2017-07-11 19:13:15', '2017-07-11 19:13:15', NULL),
(1015, 5, 88, NULL, 0, NULL, 0, 45000, 'Pcs', NULL, NULL, NULL, 0, NULL, NULL, NULL, '2017-07-11 19:13:15', '2017-07-11 19:13:15', NULL),
(1016, 5, 89, NULL, 0, NULL, 0, 45000, 'Pcs', NULL, NULL, NULL, 0, NULL, NULL, NULL, '2017-07-11 19:13:15', '2017-07-11 19:13:15', NULL),
(1017, 5, 90, NULL, 0, NULL, 0, 45000, 'Pcs', NULL, NULL, NULL, 0, NULL, NULL, NULL, '2017-07-11 19:13:15', '2017-07-11 19:13:15', NULL),
(1018, 5, 91, NULL, 0, NULL, 0, 45000, 'Pcs', NULL, NULL, NULL, 0, NULL, NULL, NULL, '2017-07-11 19:13:15', '2017-07-11 19:13:15', NULL),
(1019, 5, 92, NULL, 0, NULL, 0, 45000, 'Pcs', NULL, NULL, NULL, 0, NULL, NULL, NULL, '2017-07-11 19:13:15', '2017-07-11 19:13:15', NULL),
(1020, 5, 93, NULL, 0, NULL, 0, 45000, 'Pcs', NULL, NULL, NULL, 0, NULL, NULL, NULL, '2017-07-11 19:13:15', '2017-07-11 19:13:15', NULL),
(1021, 5, 94, NULL, 0, NULL, 0, 200000, 'Pcs', NULL, NULL, NULL, 0, NULL, NULL, NULL, '2017-07-11 19:13:15', '2017-07-11 19:13:15', NULL),
(1022, 5, 96, NULL, 0, NULL, 0, 100000, 'Pcs', NULL, NULL, NULL, 0, NULL, NULL, NULL, '2017-07-11 19:13:15', '2017-07-11 19:13:15', NULL),
(1023, 5, 97, NULL, 0, NULL, 0, 100000, 'Pcs', NULL, NULL, NULL, 0, NULL, NULL, NULL, '2017-07-11 19:13:15', '2017-07-11 19:13:15', NULL),
(1024, 5, 98, NULL, 0, NULL, 0, 100000, 'Pcs', NULL, NULL, NULL, 0, NULL, NULL, NULL, '2017-07-11 19:13:15', '2017-07-11 19:13:15', NULL),
(1025, 5, 99, NULL, 0, NULL, 0, 95000, 'Pcs', NULL, NULL, NULL, 0, NULL, NULL, NULL, '2017-07-11 19:13:15', '2017-07-11 19:13:15', NULL),
(1026, 5, 100, NULL, 0, NULL, 0, 95000, 'Pcs', NULL, NULL, NULL, 0, NULL, NULL, NULL, '2017-07-11 19:13:15', '2017-07-11 19:13:15', NULL),
(1027, 5, 101, NULL, 0, NULL, 0, 95000, 'Pcs', NULL, NULL, NULL, 0, NULL, NULL, NULL, '2017-07-11 19:13:15', '2017-07-11 19:13:15', NULL),
(1028, 5, 102, NULL, 0, NULL, 0, 95000, 'Pcs', NULL, NULL, NULL, 0, NULL, NULL, NULL, '2017-07-11 19:13:15', '2017-07-11 19:13:15', NULL),
(1029, 5, 103, NULL, 0, NULL, 0, 95000, 'Pcs', NULL, NULL, NULL, 0, NULL, NULL, NULL, '2017-07-11 19:13:15', '2017-07-11 19:13:15', NULL),
(1030, 5, 104, NULL, 0, NULL, 0, 95000, 'Pcs', NULL, NULL, NULL, 0, NULL, NULL, NULL, '2017-07-11 19:13:15', '2017-07-11 19:13:15', NULL),
(1031, 5, 105, NULL, 0, NULL, 0, 0, 'Pcs', NULL, NULL, NULL, 0, NULL, NULL, NULL, '2017-07-11 19:13:15', '2017-07-11 19:13:15', NULL),
(1032, 5, 106, NULL, 0, NULL, 0, 75000, 'Pcs', NULL, NULL, NULL, 0, NULL, NULL, NULL, '2017-07-11 19:13:16', '2017-07-11 19:13:16', NULL),
(1033, 5, 107, NULL, 0, NULL, 0, 58000, 'Pcs', NULL, NULL, NULL, 0, NULL, NULL, NULL, '2017-07-11 19:13:16', '2017-07-11 19:13:16', NULL),
(1034, 5, 108, NULL, 0, NULL, 0, 140000, 'Pcs', NULL, NULL, NULL, 0, NULL, NULL, NULL, '2017-07-11 19:13:16', '2017-07-11 19:13:16', NULL),
(1035, 5, 109, NULL, 0, NULL, 0, 17500, 'Pcs', NULL, NULL, NULL, 0, NULL, NULL, NULL, '2017-07-11 19:13:16', '2017-07-11 19:13:16', NULL),
(1036, 5, 110, NULL, 0, NULL, 0, 60000, 'Pcs', NULL, NULL, NULL, 0, NULL, NULL, NULL, '2017-07-11 19:13:16', '2017-07-11 19:13:16', NULL),
(1037, 5, 111, NULL, 0, NULL, 0, 15000, 'Pcs', NULL, NULL, NULL, 0, NULL, NULL, NULL, '2017-07-11 19:13:16', '2017-07-11 19:13:16', NULL),
(1038, 5, 112, NULL, 0, NULL, 0, 15000, 'Pcs', NULL, NULL, NULL, 0, NULL, NULL, NULL, '2017-07-11 19:13:16', '2017-07-11 19:13:16', NULL),
(1039, 5, 113, NULL, 0, NULL, 0, 15000, 'Pcs', NULL, NULL, NULL, 0, NULL, NULL, NULL, '2017-07-11 19:13:16', '2017-07-11 19:13:16', NULL),
(1040, 5, 114, NULL, 0, NULL, 0, 22000, 'Pcs', NULL, NULL, NULL, 0, NULL, NULL, NULL, '2017-07-11 19:13:16', '2017-07-11 19:13:16', NULL),
(1041, 5, 115, NULL, 0, NULL, 0, 17000, 'Pcs', NULL, NULL, NULL, 0, NULL, NULL, NULL, '2017-07-11 19:13:16', '2017-07-11 19:13:16', NULL),
(1042, 5, 116, NULL, 0, NULL, 0, 100000, 'Pcs', NULL, NULL, NULL, 0, NULL, NULL, NULL, '2017-07-11 19:13:16', '2017-07-11 19:13:16', NULL),
(1043, 5, 117, NULL, 0, NULL, 0, 1050000, 'Unit', NULL, NULL, NULL, 0, NULL, NULL, NULL, '2017-07-11 19:13:16', '2017-07-11 19:13:16', NULL),
(1044, 5, 309, NULL, 0, NULL, 0, 500000, 'Unit', NULL, NULL, NULL, 0, NULL, NULL, NULL, '2017-07-11 19:13:16', '2017-07-11 19:13:16', NULL),
(1045, 5, 310, NULL, 0, NULL, 0, 1750000, 'Pcs', NULL, NULL, NULL, 0, NULL, NULL, NULL, '2017-07-11 19:13:16', '2017-07-11 19:13:16', NULL),
(1046, 5, 118, NULL, 1, NULL, 0, 145000, 'Pack', NULL, NULL, NULL, 145000, NULL, NULL, NULL, '2017-07-11 19:13:17', '2017-07-11 19:13:17', NULL),
(1047, 5, 120, NULL, 3, NULL, 0, 230000, 'Pack', NULL, NULL, NULL, 690000, NULL, NULL, NULL, '2017-07-11 19:13:17', '2017-07-11 19:13:17', NULL),
(1048, 5, 121, NULL, 3, NULL, 0, 315000, 'Pack', NULL, NULL, NULL, 945000, NULL, NULL, NULL, '2017-07-11 19:13:17', '2017-07-11 19:13:17', NULL),
(1049, 5, 122, NULL, 0, NULL, 0, 176000, 'Pack', NULL, NULL, NULL, 0, NULL, NULL, NULL, '2017-07-11 19:13:17', '2017-07-11 19:13:17', NULL),
(1050, 5, 123, NULL, 0, NULL, 0, 230000, 'Pack', NULL, NULL, NULL, 0, NULL, NULL, NULL, '2017-07-11 19:13:17', '2017-07-11 19:13:17', NULL),
(1051, 5, 124, NULL, 0, NULL, 0, 193000, 'Pack', NULL, NULL, NULL, 0, NULL, NULL, NULL, '2017-07-11 19:13:17', '2017-07-11 19:13:17', NULL),
(1052, 5, 125, NULL, 0, NULL, 0, 193000, 'Pack', NULL, NULL, NULL, 0, NULL, NULL, NULL, '2017-07-11 19:13:17', '2017-07-11 19:13:17', NULL),
(1053, 5, 126, NULL, 0, NULL, 0, 0, 'Pack', NULL, NULL, NULL, 0, NULL, NULL, NULL, '2017-07-11 19:13:17', '2017-07-11 19:13:17', NULL),
(1054, 5, 127, NULL, 0, NULL, 0, 172500, 'Pack', NULL, NULL, NULL, 0, NULL, NULL, NULL, '2017-07-11 19:13:17', '2017-07-11 19:13:17', NULL),
(1055, 5, 128, NULL, 0, NULL, 0, 145000, 'Pack', NULL, NULL, NULL, 0, NULL, NULL, NULL, '2017-07-11 19:13:17', '2017-07-11 19:13:17', NULL),
(1056, 5, 129, NULL, 0, NULL, 0, 210000, 'Botol', NULL, NULL, NULL, 0, NULL, NULL, NULL, '2017-07-11 19:13:17', '2017-07-11 19:13:17', NULL),
(1057, 5, 130, NULL, 0, NULL, 0, 121000, 'Botol', NULL, NULL, NULL, 0, NULL, NULL, NULL, '2017-07-11 19:13:17', '2017-07-11 19:13:17', NULL),
(1058, 5, 131, NULL, 0, NULL, 0, 121000, 'Botol', NULL, NULL, NULL, 0, NULL, NULL, NULL, '2017-07-11 19:13:17', '2017-07-11 19:13:17', NULL),
(1059, 5, 132, NULL, 0, NULL, 0, 121000, 'Botol', NULL, NULL, NULL, 0, NULL, NULL, NULL, '2017-07-11 19:13:17', '2017-07-11 19:13:17', NULL),
(1060, 5, 134, NULL, 0, NULL, 0, 121000, 'Botol', NULL, NULL, NULL, 0, NULL, NULL, NULL, '2017-07-11 19:13:17', '2017-07-11 19:13:17', NULL),
(1061, 5, 135, NULL, 0, NULL, 0, 121000, 'Botol', NULL, NULL, NULL, 0, NULL, NULL, NULL, '2017-07-11 19:13:18', '2017-07-11 19:13:18', NULL),
(1062, 5, 136, NULL, 0, NULL, 0, 121000, 'Botol', NULL, NULL, NULL, 0, NULL, NULL, NULL, '2017-07-11 19:13:18', '2017-07-11 19:13:18', NULL),
(1063, 5, 137, NULL, 0, NULL, 0, 121000, 'Botol', NULL, NULL, NULL, 0, NULL, NULL, NULL, '2017-07-11 19:13:18', '2017-07-11 19:13:18', NULL),
(1064, 5, 138, NULL, 0, NULL, 0, 121000, 'Botol', NULL, NULL, NULL, 0, NULL, NULL, NULL, '2017-07-11 19:13:18', '2017-07-11 19:13:18', NULL),
(1065, 5, 139, NULL, 0, NULL, 0, 121000, 'Botol', NULL, NULL, NULL, 0, NULL, NULL, NULL, '2017-07-11 19:13:18', '2017-07-11 19:13:18', NULL),
(1066, 5, 140, NULL, 0, NULL, 0, 121000, 'Botol', NULL, NULL, NULL, 0, NULL, NULL, NULL, '2017-07-11 19:13:18', '2017-07-11 19:13:18', NULL),
(1067, 5, 141, NULL, 0, NULL, 0, 265100, 'Botol', NULL, NULL, NULL, 0, NULL, NULL, NULL, '2017-07-11 19:13:18', '2017-07-11 19:13:18', NULL),
(1068, 5, 142, NULL, 0, NULL, 0, 183500, 'Botol', NULL, NULL, NULL, 0, NULL, NULL, NULL, '2017-07-11 19:13:18', '2017-07-11 19:13:18', NULL),
(1069, 5, 143, NULL, 0, NULL, 0, 183500, 'Botol', NULL, NULL, NULL, 0, NULL, NULL, NULL, '2017-07-11 19:13:18', '2017-07-11 19:13:18', NULL),
(1070, 5, 144, NULL, 0, NULL, 0, 183500, 'Drigen', NULL, NULL, NULL, 0, NULL, NULL, NULL, '2017-07-11 19:13:18', '2017-07-11 19:13:18', NULL),
(1071, 5, 145, NULL, 0, NULL, 0, 183500, 'Drigen', NULL, NULL, NULL, 0, NULL, NULL, NULL, '2017-07-11 19:13:18', '2017-07-11 19:13:18', NULL),
(1072, 5, 146, NULL, 0, NULL, 0, 183500, 'Drigen', NULL, NULL, NULL, 0, NULL, NULL, NULL, '2017-07-11 19:13:19', '2017-07-11 19:13:19', NULL),
(1073, 5, 147, NULL, 0, NULL, 0, 182000, 'Pack', NULL, NULL, NULL, 0, NULL, NULL, NULL, '2017-07-11 19:13:19', '2017-07-11 19:13:19', NULL),
(1074, 5, 148, NULL, 0, NULL, 0, 259000, 'Pack', NULL, NULL, NULL, 0, NULL, NULL, NULL, '2017-07-11 19:13:19', '2017-07-11 19:13:19', NULL),
(1075, 5, 149, NULL, 0, NULL, 0, 120000, 'Pack', NULL, NULL, NULL, 0, NULL, NULL, NULL, '2017-07-11 19:13:19', '2017-07-11 19:13:19', NULL),
(1076, 5, 150, NULL, 0, NULL, 0, 50000, 'Pack', NULL, NULL, NULL, 0, NULL, NULL, NULL, '2017-07-11 19:13:19', '2017-07-11 19:13:19', NULL),
(1077, 5, 151, NULL, 0, NULL, 0, 250000, 'Carton', NULL, NULL, NULL, 0, NULL, NULL, NULL, '2017-07-11 19:13:19', '2017-07-11 19:13:19', NULL),
(1078, 5, 152, NULL, 0, NULL, 0, 10000, 'Kg', NULL, NULL, NULL, 0, NULL, NULL, NULL, '2017-07-11 19:13:19', '2017-07-11 19:13:19', NULL),
(1079, 5, 153, NULL, 0, NULL, 0, 120000, 'Dus', NULL, NULL, NULL, 0, NULL, NULL, NULL, '2017-07-11 19:13:19', '2017-07-11 19:13:19', NULL),
(1080, 5, 154, NULL, 0, NULL, 0, 55000, 'Pack', NULL, NULL, NULL, 0, NULL, NULL, NULL, '2017-07-11 19:13:19', '2017-07-11 19:13:19', NULL),
(1081, 5, 155, NULL, 0, NULL, 0, 0, 'Pack', NULL, NULL, NULL, 0, NULL, NULL, NULL, '2017-07-11 19:13:19', '2017-07-11 19:13:19', NULL),
(1082, 5, 156, NULL, 0, NULL, 0, 19500, 'Pack', NULL, NULL, NULL, 0, NULL, NULL, NULL, '2017-07-11 19:13:19', '2017-07-11 19:13:19', NULL),
(1083, 5, 157, NULL, 0, NULL, 0, 15000, 'Pack', NULL, NULL, NULL, 0, NULL, NULL, NULL, '2017-07-11 19:13:19', '2017-07-11 19:13:19', NULL),
(1084, 5, 158, NULL, 0, NULL, 0, 6000, 'Pack', NULL, NULL, NULL, 0, NULL, NULL, NULL, '2017-07-11 19:13:19', '2017-07-11 19:13:19', NULL),
(1085, 5, 159, NULL, 0, NULL, 0, 0, 'Carton', NULL, NULL, NULL, 0, NULL, NULL, NULL, '2017-07-11 19:13:19', '2017-07-11 19:13:19', NULL),
(1086, 5, 160, NULL, 0, NULL, 0, 531000, 'Carton', NULL, NULL, NULL, 0, NULL, NULL, NULL, '2017-07-11 19:13:19', '2017-07-11 19:13:19', NULL),
(1087, 5, 161, NULL, 0, NULL, 0, 416000, 'Carton', NULL, NULL, NULL, 0, NULL, NULL, NULL, '2017-07-11 19:13:19', '2017-07-11 19:13:19', NULL),
(1088, 5, 162, NULL, 0, NULL, 0, 0, 'Carton', NULL, NULL, NULL, 0, NULL, NULL, NULL, '2017-07-11 19:13:19', '2017-07-11 19:13:19', NULL),
(1089, 5, 163, NULL, 0, NULL, 0, 185000, 'Dus', NULL, NULL, NULL, 0, NULL, NULL, NULL, '2017-07-11 19:13:19', '2017-07-11 19:13:19', NULL),
(1090, 5, 164, NULL, 0, NULL, 0, 950000, 'Dus', NULL, NULL, NULL, 0, NULL, NULL, NULL, '2017-07-11 19:13:19', '2017-07-11 19:13:19', NULL),
(1091, 5, 165, NULL, 0, NULL, 0, 135000, 'Carton', NULL, NULL, NULL, 0, NULL, NULL, NULL, '2017-07-11 19:13:19', '2017-07-11 19:13:19', NULL),
(1092, 5, 166, NULL, 0, NULL, 0, 325000, 'Pack', NULL, NULL, NULL, 0, NULL, NULL, NULL, '2017-07-11 19:13:19', '2017-07-11 19:13:19', NULL),
(1093, 5, 167, NULL, 0, NULL, 0, 81000, 'Dus', NULL, NULL, NULL, 0, NULL, NULL, NULL, '2017-07-11 19:13:20', '2017-07-11 19:13:20', NULL),
(1094, 5, 168, NULL, 0, NULL, 0, 275000, 'Carton', NULL, NULL, NULL, 0, NULL, NULL, NULL, '2017-07-11 19:13:20', '2017-07-11 19:13:20', NULL),
(1095, 5, 169, NULL, 0, NULL, 0, 200000, 'Dus', NULL, NULL, NULL, 0, NULL, NULL, NULL, '2017-07-11 19:13:20', '2017-07-11 19:13:20', NULL),
(1096, 5, 170, NULL, 0, NULL, 0, 213000, 'Carton', NULL, NULL, NULL, 0, NULL, NULL, NULL, '2017-07-11 19:13:20', '2017-07-11 19:13:20', NULL);
INSERT INTO `item_central_detail` (`id`, `item_central_id`, `item_id`, `item_name`, `quantity`, `quantity_actual`, `quantity_stock`, `price`, `uom`, `nota_number`, `date`, `spend_by`, `total`, `created_by`, `updated_by`, `deleted_by`, `created_at`, `updated_at`, `deleted_at`) VALUES
(1097, 5, 171, NULL, 0, NULL, 0, 1550000, 'Dus', NULL, NULL, NULL, 0, NULL, NULL, NULL, '2017-07-11 19:13:20', '2017-07-11 19:13:20', NULL),
(1098, 5, 172, NULL, 0, NULL, 0, 120000, 'Pack', NULL, NULL, NULL, 0, NULL, NULL, NULL, '2017-07-11 19:13:20', '2017-07-11 19:13:20', NULL),
(1099, 5, 173, NULL, 0, NULL, 0, 335000, 'Toples', NULL, NULL, NULL, 0, NULL, NULL, NULL, '2017-07-11 19:13:20', '2017-07-11 19:13:20', NULL),
(1100, 5, 174, NULL, 0, NULL, 0, 253000, 'Toples', NULL, NULL, NULL, 0, NULL, NULL, NULL, '2017-07-11 19:13:20', '2017-07-11 19:13:20', NULL),
(1101, 5, 175, NULL, 0, NULL, 0, 17500, 'Pack', NULL, NULL, NULL, 0, NULL, NULL, NULL, '2017-07-11 19:13:20', '2017-07-11 19:13:20', NULL),
(1102, 5, 176, NULL, 0, NULL, 0, 78000, 'Kaleng ', NULL, NULL, NULL, 0, NULL, NULL, NULL, '2017-07-11 19:13:21', '2017-07-11 19:13:21', NULL),
(1103, 5, 177, NULL, 0, NULL, 0, 108000, 'Botol', NULL, NULL, NULL, 0, NULL, NULL, NULL, '2017-07-11 19:13:21', '2017-07-11 19:13:21', NULL),
(1104, 5, 178, NULL, 0, NULL, 0, 35000, 'Pack', NULL, NULL, NULL, 0, NULL, NULL, NULL, '2017-07-11 19:13:21', '2017-07-11 19:13:21', NULL),
(1105, 5, 179, NULL, 0, NULL, 0, 36000, 'Pack', NULL, NULL, NULL, 0, NULL, NULL, NULL, '2017-07-11 19:13:21', '2017-07-11 19:13:21', NULL),
(1106, 5, 180, NULL, 0, NULL, 0, 19500, 'Pack', NULL, NULL, NULL, 0, NULL, NULL, NULL, '2017-07-11 19:13:21', '2017-07-11 19:13:21', NULL),
(1107, 5, 181, NULL, 0, NULL, 0, 0, 'Carton', NULL, NULL, NULL, 0, NULL, NULL, NULL, '2017-07-11 19:13:21', '2017-07-11 19:13:21', NULL),
(1108, 5, 182, NULL, 0, NULL, 0, 1020000, 'Dus', NULL, NULL, NULL, 0, NULL, NULL, NULL, '2017-07-11 19:13:21', '2017-07-11 19:13:21', NULL),
(1109, 5, 183, NULL, 0, NULL, 0, 105000, 'Botol', NULL, NULL, NULL, 0, NULL, NULL, NULL, '2017-07-11 19:13:21', '2017-07-11 19:13:21', NULL),
(1110, 5, 184, NULL, 0, NULL, 0, 108000, 'Pack', NULL, NULL, NULL, 0, NULL, NULL, NULL, '2017-07-11 19:13:21', '2017-07-11 19:13:21', NULL),
(1111, 5, 185, NULL, 0, NULL, 0, 0, 'Pack', NULL, NULL, NULL, 0, NULL, NULL, NULL, '2017-07-11 19:13:21', '2017-07-11 19:13:21', NULL),
(1112, 5, 186, NULL, 0, NULL, 0, 138000, 'Pack', NULL, NULL, NULL, 0, NULL, NULL, NULL, '2017-07-11 19:13:21', '2017-07-11 19:13:21', NULL),
(1113, 5, 187, NULL, 0, NULL, 0, 78000, 'Pack', NULL, NULL, NULL, 0, NULL, NULL, NULL, '2017-07-11 19:13:21', '2017-07-11 19:13:21', NULL),
(1114, 5, 188, NULL, 0, NULL, 0, 0, 'Toples', NULL, NULL, NULL, 0, NULL, NULL, NULL, '2017-07-11 19:13:21', '2017-07-11 19:13:21', NULL),
(1115, 5, 189, NULL, 0, NULL, 0, 253000, 'Botol', NULL, NULL, NULL, 0, NULL, NULL, NULL, '2017-07-11 19:13:21', '2017-07-11 19:13:21', NULL),
(1116, 5, 190, NULL, 0, NULL, 0, 45000, 'Pack', NULL, NULL, NULL, 0, NULL, NULL, NULL, '2017-07-11 19:13:21', '2017-07-11 19:13:21', NULL),
(1117, 5, 191, NULL, 0, NULL, 0, 14000, 'Botol', NULL, NULL, NULL, 0, NULL, NULL, NULL, '2017-07-11 19:13:21', '2017-07-11 19:13:21', NULL),
(1118, 5, 192, NULL, 0, NULL, 0, 12000, 'Botol', NULL, NULL, NULL, 0, NULL, NULL, NULL, '2017-07-11 19:13:21', '2017-07-11 19:13:21', NULL),
(1119, 5, 193, NULL, 0, NULL, 0, 15500, 'Botol', NULL, NULL, NULL, 0, NULL, NULL, NULL, '2017-07-11 19:13:21', '2017-07-11 19:13:21', NULL),
(1120, 5, 194, NULL, 0, NULL, 0, 13000, 'Botol', NULL, NULL, NULL, 0, NULL, NULL, NULL, '2017-07-11 19:13:21', '2017-07-11 19:13:21', NULL),
(1121, 5, 195, NULL, 0, NULL, 0, 18000, 'Botol', NULL, NULL, NULL, 0, NULL, NULL, NULL, '2017-07-11 19:13:22', '2017-07-11 19:13:22', NULL),
(1122, 5, 196, NULL, 0, NULL, 0, 33000, 'Pack', NULL, NULL, NULL, 0, NULL, NULL, NULL, '2017-07-11 19:13:22', '2017-07-11 19:13:22', NULL),
(1123, 5, 197, NULL, 0, NULL, 0, 18000, 'Kg', NULL, NULL, NULL, 0, NULL, NULL, NULL, '2017-07-11 19:13:22', '2017-07-11 19:13:22', NULL),
(1124, 5, 198, NULL, 0, NULL, 0, 60000, 'Pack', NULL, NULL, NULL, 0, NULL, NULL, NULL, '2017-07-11 19:13:22', '2017-07-11 19:13:22', NULL),
(1125, 5, 199, NULL, 0, NULL, 0, 120000, 'Pack', NULL, NULL, NULL, 0, NULL, NULL, NULL, '2017-07-11 19:13:22', '2017-07-11 19:13:22', NULL),
(1126, 5, 200, NULL, 0, NULL, 0, 16000, 'Kg', NULL, NULL, NULL, 0, NULL, NULL, NULL, '2017-07-11 19:13:22', '2017-07-11 19:13:22', NULL),
(1127, 5, 201, NULL, 0, NULL, 0, 193000, 'Toples', NULL, NULL, NULL, 0, NULL, NULL, NULL, '2017-07-11 19:13:22', '2017-07-11 19:13:22', NULL),
(1128, 6, 2, NULL, 1, NULL, 0, 395000, 'Pcs', NULL, NULL, NULL, 395000, NULL, NULL, NULL, '2017-07-11 19:21:53', '2017-07-11 19:21:53', NULL),
(1129, 6, 3, NULL, 3, NULL, 0, 15000, 'Pcs', NULL, NULL, NULL, 45000, NULL, NULL, NULL, '2017-07-11 19:21:53', '2017-07-11 19:21:53', NULL),
(1130, 6, 4, NULL, 3, NULL, 0, 55000, 'Pack', NULL, NULL, NULL, 165000, NULL, NULL, NULL, '2017-07-11 19:21:53', '2017-07-11 19:21:53', NULL),
(1131, 6, 5, NULL, 55, NULL, 0, 35000, 'Pcs', NULL, NULL, NULL, 1925000, NULL, NULL, NULL, '2017-07-11 19:21:53', '2017-07-11 19:21:53', NULL),
(1132, 6, 6, NULL, 3, NULL, 0, 60000, 'Pcs', NULL, NULL, NULL, 180000, NULL, NULL, NULL, '2017-07-11 19:21:53', '2017-07-11 19:21:53', NULL),
(1133, 6, 7, NULL, 6, NULL, 0, 11000, 'Pcs', NULL, NULL, NULL, 66000, NULL, NULL, NULL, '2017-07-11 19:21:53', '2017-07-11 19:21:53', NULL),
(1134, 6, 8, NULL, 7, NULL, 0, 15000, 'Pcs', NULL, NULL, NULL, 105000, NULL, NULL, NULL, '2017-07-11 19:21:53', '2017-07-11 19:21:53', NULL),
(1135, 6, 9, NULL, 4, NULL, 0, 1150000, 'Carton', NULL, NULL, NULL, 4600000, NULL, NULL, NULL, '2017-07-11 19:21:53', '2017-07-11 19:21:53', NULL),
(1136, 6, 11, NULL, 5, NULL, 0, 1250000, 'Carton', NULL, NULL, NULL, 6250000, NULL, NULL, NULL, '2017-07-11 19:21:53', '2017-07-11 19:21:53', NULL),
(1137, 6, 13, NULL, 12, NULL, 0, 60000, 'Lusin', NULL, NULL, NULL, 720000, NULL, NULL, NULL, '2017-07-11 19:21:53', '2017-07-11 19:21:53', NULL),
(1138, 6, 14, NULL, 13, NULL, 0, 425000, 'Carton', NULL, NULL, NULL, 5525000, NULL, NULL, NULL, '2017-07-11 19:21:54', '2017-07-11 19:21:54', NULL),
(1139, 6, 15, NULL, 14, NULL, 0, 395000, 'Dus', NULL, NULL, NULL, 5530000, NULL, NULL, NULL, '2017-07-11 19:21:54', '2017-07-11 19:21:54', NULL),
(1140, 6, 16, NULL, 15, NULL, 0, 270000, 'Pack', NULL, NULL, NULL, 4050000, NULL, NULL, NULL, '2017-07-11 19:21:54', '2017-07-11 19:21:54', NULL),
(1141, 6, 17, NULL, 17, NULL, 0, 120000, 'Pcs', NULL, NULL, NULL, 2040000, NULL, NULL, NULL, '2017-07-11 19:21:54', '2017-07-11 19:21:54', NULL),
(1142, 6, 18, NULL, 18, NULL, 0, 100000, 'Pack', NULL, NULL, NULL, 1800000, NULL, NULL, NULL, '2017-07-11 19:21:54', '2017-07-11 19:21:54', NULL),
(1143, 6, 19, NULL, 19, NULL, 0, 2200000, 'Carton', NULL, NULL, NULL, 41800000, NULL, NULL, NULL, '2017-07-11 19:21:54', '2017-07-11 19:21:54', NULL),
(1144, 6, 20, NULL, 20, NULL, 0, 20000, 'Pcs', NULL, NULL, NULL, 400000, NULL, NULL, NULL, '2017-07-11 19:21:54', '2017-07-11 19:21:54', NULL),
(1145, 6, 21, NULL, 21, NULL, 0, 175000, 'Pcs', NULL, NULL, NULL, 3675000, NULL, NULL, NULL, '2017-07-11 19:21:54', '2017-07-11 19:21:54', NULL),
(1146, 6, 22, NULL, 22, NULL, 0, 1100000, 'Pcs', NULL, NULL, NULL, 24200000, NULL, NULL, NULL, '2017-07-11 19:21:54', '2017-07-11 19:21:54', NULL),
(1147, 6, 23, NULL, 23, NULL, 0, 70000, 'Pcs', NULL, NULL, NULL, 1610000, NULL, NULL, NULL, '2017-07-11 19:21:54', '2017-07-11 19:21:54', NULL),
(1148, 6, 24, NULL, 24, NULL, 0, 75000, 'Pcs', NULL, NULL, NULL, 1800000, NULL, NULL, NULL, '2017-07-11 19:21:54', '2017-07-11 19:21:54', NULL),
(1149, 6, 25, NULL, 25, NULL, 0, 250000, 'Carton', NULL, NULL, NULL, 6250000, NULL, NULL, NULL, '2017-07-11 19:21:54', '2017-07-11 19:21:54', NULL),
(1150, 6, 26, NULL, 26, NULL, 0, 250000, 'Carton', NULL, NULL, NULL, 6500000, NULL, NULL, NULL, '2017-07-11 19:21:54', '2017-07-11 19:21:54', NULL),
(1151, 6, 28, NULL, 28, NULL, 0, 300000, 'Roll', NULL, NULL, NULL, 8400000, NULL, NULL, NULL, '2017-07-11 19:21:54', '2017-07-11 19:21:54', NULL),
(1152, 6, 29, NULL, 29, NULL, 0, 70000, 'Lusin', NULL, NULL, NULL, 2030000, NULL, NULL, NULL, '2017-07-11 19:21:54', '2017-07-11 19:21:54', NULL),
(1153, 6, 30, NULL, 30, NULL, 0, 1600000, 'Pcs', NULL, NULL, NULL, 48000000, NULL, NULL, NULL, '2017-07-11 19:21:54', '2017-07-11 19:21:54', NULL),
(1154, 6, 31, NULL, 31, NULL, 0, 1100000, 'Pcs', NULL, NULL, NULL, 34100000, NULL, NULL, NULL, '2017-07-11 19:21:54', '2017-07-11 19:21:54', NULL),
(1155, 6, 32, NULL, 32, NULL, 0, 9000, 'Pcs', NULL, NULL, NULL, 288000, NULL, NULL, NULL, '2017-07-11 19:21:54', '2017-07-11 19:21:54', NULL),
(1156, 6, 33, NULL, 33, NULL, 0, 710000, 'Carton', NULL, NULL, NULL, 23430000, NULL, NULL, NULL, '2017-07-11 19:21:54', '2017-07-11 19:21:54', NULL),
(1157, 6, 34, NULL, 34, NULL, 0, 60000, 'Pcs', NULL, NULL, NULL, 2040000, NULL, NULL, NULL, '2017-07-11 19:21:54', '2017-07-11 19:21:54', NULL),
(1158, 6, 35, NULL, 36, NULL, 0, 53000, 'Pcs', NULL, NULL, NULL, 1908000, NULL, NULL, NULL, '2017-07-11 19:21:55', '2017-07-11 19:21:55', NULL),
(1159, 6, 36, NULL, 37, NULL, 0, 53000, 'Pcs', NULL, NULL, NULL, 1961000, NULL, NULL, NULL, '2017-07-11 19:21:55', '2017-07-11 19:21:55', NULL),
(1160, 6, 37, NULL, 38, NULL, 0, 20000, 'Pcs', NULL, NULL, NULL, 760000, NULL, NULL, NULL, '2017-07-11 19:21:55', '2017-07-11 19:21:55', NULL),
(1161, 6, 39, NULL, 40, NULL, 0, 16000, 'Pack', NULL, NULL, NULL, 640000, NULL, NULL, NULL, '2017-07-11 19:21:55', '2017-07-11 19:21:55', NULL),
(1162, 6, 40, NULL, 41, NULL, 0, 16000, 'Pack', NULL, NULL, NULL, 656000, NULL, NULL, NULL, '2017-07-11 19:21:55', '2017-07-11 19:21:55', NULL),
(1163, 6, 41, NULL, 42, NULL, 0, 23500, 'Pack', NULL, NULL, NULL, 987000, NULL, NULL, NULL, '2017-07-11 19:21:55', '2017-07-11 19:21:55', NULL),
(1164, 6, 42, NULL, 43, NULL, 0, 13000, 'Pack', NULL, NULL, NULL, 559000, NULL, NULL, NULL, '2017-07-11 19:21:55', '2017-07-11 19:21:55', NULL),
(1165, 6, 43, NULL, 44, NULL, 0, 13000, 'Pack', NULL, NULL, NULL, 572000, NULL, NULL, NULL, '2017-07-11 19:21:55', '2017-07-11 19:21:55', NULL),
(1166, 6, 44, NULL, 45, NULL, 0, 145000, 'Roll', NULL, NULL, NULL, 6525000, NULL, NULL, NULL, '2017-07-11 19:21:55', '2017-07-11 19:21:55', NULL),
(1167, 6, 45, NULL, 46, NULL, 0, 100000, 'Pack', NULL, NULL, NULL, 4600000, NULL, NULL, NULL, '2017-07-11 19:21:55', '2017-07-11 19:21:55', NULL),
(1168, 6, 46, NULL, 47, NULL, 0, 200000, 'Pcs', NULL, NULL, NULL, 9400000, NULL, NULL, NULL, '2017-07-11 19:21:55', '2017-07-11 19:21:55', NULL),
(1169, 6, 47, NULL, 48, NULL, 0, 70000, 'Carton', NULL, NULL, NULL, 3360000, NULL, NULL, NULL, '2017-07-11 19:21:55', '2017-07-11 19:21:55', NULL),
(1170, 6, 48, NULL, 49, NULL, 0, 21500, 'Pack', NULL, NULL, NULL, 1053500, NULL, NULL, NULL, '2017-07-11 19:21:55', '2017-07-11 19:21:55', NULL),
(1171, 6, 49, NULL, 50, NULL, 0, 60000, 'Lusin', NULL, NULL, NULL, 3000000, NULL, NULL, NULL, '2017-07-11 19:21:55', '2017-07-11 19:21:55', NULL),
(1172, 6, 50, NULL, 51, NULL, 0, 400000, 'Carton', NULL, NULL, NULL, 20400000, NULL, NULL, NULL, '2017-07-11 19:21:55', '2017-07-11 19:21:55', NULL),
(1173, 6, 51, NULL, 52, NULL, 0, 70000, 'Set', NULL, NULL, NULL, 3640000, NULL, NULL, NULL, '2017-07-11 19:21:56', '2017-07-11 19:21:56', NULL),
(1174, 6, 52, NULL, 53, NULL, 0, 430000, 'Carton', NULL, NULL, NULL, 22790000, NULL, NULL, NULL, '2017-07-11 19:21:56', '2017-07-11 19:21:56', NULL),
(1175, 6, 53, NULL, 54, NULL, 0, 85000, 'Pcs', NULL, NULL, NULL, 4590000, NULL, NULL, NULL, '2017-07-11 19:21:56', '2017-07-11 19:21:56', NULL),
(1176, 6, 54, NULL, 55, NULL, 0, 20000, 'Pack', NULL, NULL, NULL, 1100000, NULL, NULL, NULL, '2017-07-11 19:21:56', '2017-07-11 19:21:56', NULL),
(1177, 6, 55, NULL, 56, NULL, 0, 18000, 'Pack', NULL, NULL, NULL, 1008000, NULL, NULL, NULL, '2017-07-11 19:21:56', '2017-07-11 19:21:56', NULL),
(1178, 6, 56, NULL, 57, NULL, 0, 448000, 'Pcs', NULL, NULL, NULL, 25536000, NULL, NULL, NULL, '2017-07-11 19:21:56', '2017-07-11 19:21:56', NULL),
(1179, 6, 57, NULL, 58, NULL, 0, 476000, 'Pcs', NULL, NULL, NULL, 27608000, NULL, NULL, NULL, '2017-07-11 19:21:56', '2017-07-11 19:21:56', NULL),
(1180, 6, 58, NULL, 59, NULL, 0, 566000, 'Pcs', NULL, NULL, NULL, 33394000, NULL, NULL, NULL, '2017-07-11 19:21:56', '2017-07-11 19:21:56', NULL),
(1181, 6, 59, NULL, 60, NULL, 0, 70000, 'Pcs', NULL, NULL, NULL, 4200000, NULL, NULL, NULL, '2017-07-11 19:21:56', '2017-07-11 19:21:56', NULL),
(1182, 6, 60, NULL, 61, NULL, 0, 70000, 'Pcs', NULL, NULL, NULL, 4270000, NULL, NULL, NULL, '2017-07-11 19:21:56', '2017-07-11 19:21:56', NULL),
(1183, 6, 61, NULL, 62, NULL, 0, 70000, 'Pcs', NULL, NULL, NULL, 4340000, NULL, NULL, NULL, '2017-07-11 19:21:56', '2017-07-11 19:21:56', NULL),
(1184, 6, 62, NULL, 63, NULL, 0, 160000, 'Pack', NULL, NULL, NULL, 10080000, NULL, NULL, NULL, '2017-07-11 19:21:57', '2017-07-11 19:21:57', NULL),
(1185, 6, 63, NULL, 64, NULL, 0, 70000, 'Pcs', NULL, NULL, NULL, 4480000, NULL, NULL, NULL, '2017-07-11 19:21:57', '2017-07-11 19:21:57', NULL),
(1186, 6, 64, NULL, 65, NULL, 0, 21000, 'Lusin', NULL, NULL, NULL, 1365000, NULL, NULL, NULL, '2017-07-11 19:21:57', '2017-07-11 19:21:57', NULL),
(1187, 6, 65, NULL, 66, NULL, 0, 8000, 'Lusin', NULL, NULL, NULL, 528000, NULL, NULL, NULL, '2017-07-11 19:21:57', '2017-07-11 19:21:57', NULL),
(1188, 6, 66, NULL, 67, NULL, 0, 20000, 'Pack', NULL, NULL, NULL, 1340000, NULL, NULL, NULL, '2017-07-11 19:21:57', '2017-07-11 19:21:57', NULL),
(1189, 6, 67, NULL, 68, NULL, 0, 13000, 'Pack', NULL, NULL, NULL, 884000, NULL, NULL, NULL, '2017-07-11 19:21:57', '2017-07-11 19:21:57', NULL),
(1190, 6, 68, NULL, 69, NULL, 0, 20000, 'Pcs', NULL, NULL, NULL, 1380000, NULL, NULL, NULL, '2017-07-11 19:21:57', '2017-07-11 19:21:57', NULL),
(1191, 6, 10, NULL, 0, NULL, 0, 600000, 'Carton', NULL, NULL, NULL, 0, NULL, NULL, NULL, '2017-07-11 19:21:57', '2017-07-11 19:21:57', NULL),
(1192, 6, 12, NULL, 0, NULL, 0, 0, 'Carton', NULL, NULL, NULL, 0, NULL, NULL, NULL, '2017-07-11 19:21:57', '2017-07-11 19:21:57', NULL),
(1193, 6, 27, NULL, 0, NULL, 0, 0, 'Carton', NULL, NULL, NULL, 0, NULL, NULL, NULL, '2017-07-11 19:21:57', '2017-07-11 19:21:57', NULL),
(1194, 6, 38, NULL, 0, NULL, 0, 0, 'Pack', NULL, NULL, NULL, 0, NULL, NULL, NULL, '2017-07-11 19:21:57', '2017-07-11 19:21:57', NULL),
(1195, 6, 69, NULL, 0, NULL, 0, 175000, 'Pcs', NULL, NULL, NULL, 0, NULL, NULL, NULL, '2017-07-11 19:21:57', '2017-07-11 19:21:57', NULL),
(1196, 6, 70, NULL, 0, NULL, 0, 150000, 'Pcs', NULL, NULL, NULL, 0, NULL, NULL, NULL, '2017-07-11 19:21:57', '2017-07-11 19:21:57', NULL),
(1197, 6, 71, NULL, 0, NULL, 0, 25000, 'Pcs', NULL, NULL, NULL, 0, NULL, NULL, NULL, '2017-07-11 19:21:57', '2017-07-11 19:21:57', NULL),
(1198, 6, 72, NULL, 0, NULL, 0, 680000, 'Pcs', NULL, NULL, NULL, 0, NULL, NULL, NULL, '2017-07-11 19:21:57', '2017-07-11 19:21:57', NULL),
(1199, 6, 73, NULL, 0, NULL, 0, 720000, 'Pcs', NULL, NULL, NULL, 0, NULL, NULL, NULL, '2017-07-11 19:21:57', '2017-07-11 19:21:57', NULL),
(1200, 6, 74, NULL, 0, NULL, 0, 130000, 'Pcs', NULL, NULL, NULL, 0, NULL, NULL, NULL, '2017-07-11 19:21:57', '2017-07-11 19:21:57', NULL),
(1201, 6, 75, NULL, 0, NULL, 0, 120000, 'Pcs', NULL, NULL, NULL, 0, NULL, NULL, NULL, '2017-07-11 19:21:57', '2017-07-11 19:21:57', NULL),
(1202, 6, 76, NULL, 0, NULL, 0, 120000, 'Pcs', NULL, NULL, NULL, 0, NULL, NULL, NULL, '2017-07-11 19:21:57', '2017-07-11 19:21:57', NULL),
(1203, 6, 77, NULL, 0, NULL, 0, 120000, 'Pcs', NULL, NULL, NULL, 0, NULL, NULL, NULL, '2017-07-11 19:21:57', '2017-07-11 19:21:57', NULL),
(1204, 6, 78, NULL, 0, NULL, 0, 120000, 'Pcs', NULL, NULL, NULL, 0, NULL, NULL, NULL, '2017-07-11 19:21:57', '2017-07-11 19:21:57', NULL),
(1205, 6, 79, NULL, 0, NULL, 0, 120000, 'Pcs', NULL, NULL, NULL, 0, NULL, NULL, NULL, '2017-07-11 19:21:57', '2017-07-11 19:21:57', NULL),
(1206, 6, 80, NULL, 0, NULL, 0, 120000, 'Pcs', NULL, NULL, NULL, 0, NULL, NULL, NULL, '2017-07-11 19:21:57', '2017-07-11 19:21:57', NULL),
(1207, 6, 81, NULL, 0, NULL, 0, 83000, 'Pcs', NULL, NULL, NULL, 0, NULL, NULL, NULL, '2017-07-11 19:21:58', '2017-07-11 19:21:58', NULL),
(1208, 6, 82, NULL, 0, NULL, 0, 85000, 'Pcs', NULL, NULL, NULL, 0, NULL, NULL, NULL, '2017-07-11 19:21:58', '2017-07-11 19:21:58', NULL),
(1209, 6, 83, NULL, 0, NULL, 0, 17500, 'Pcs', NULL, NULL, NULL, 0, NULL, NULL, NULL, '2017-07-11 19:21:58', '2017-07-11 19:21:58', NULL),
(1210, 6, 84, NULL, 0, NULL, 0, 185000, 'Pcs', NULL, NULL, NULL, 0, NULL, NULL, NULL, '2017-07-11 19:21:58', '2017-07-11 19:21:58', NULL),
(1211, 6, 85, NULL, 0, NULL, 0, 23000, 'Lusin', NULL, NULL, NULL, 0, NULL, NULL, NULL, '2017-07-11 19:21:58', '2017-07-11 19:21:58', NULL),
(1212, 6, 86, NULL, 0, NULL, 0, 25000, 'Lusin', NULL, NULL, NULL, 0, NULL, NULL, NULL, '2017-07-11 19:21:58', '2017-07-11 19:21:58', NULL),
(1213, 6, 87, NULL, 0, NULL, 0, 100000, 'Pcs', NULL, NULL, NULL, 0, NULL, NULL, NULL, '2017-07-11 19:21:58', '2017-07-11 19:21:58', NULL),
(1214, 6, 88, NULL, 0, NULL, 0, 45000, 'Pcs', NULL, NULL, NULL, 0, NULL, NULL, NULL, '2017-07-11 19:21:58', '2017-07-11 19:21:58', NULL),
(1215, 6, 89, NULL, 0, NULL, 0, 45000, 'Pcs', NULL, NULL, NULL, 0, NULL, NULL, NULL, '2017-07-11 19:21:58', '2017-07-11 19:21:58', NULL),
(1216, 6, 90, NULL, 0, NULL, 0, 45000, 'Pcs', NULL, NULL, NULL, 0, NULL, NULL, NULL, '2017-07-11 19:21:58', '2017-07-11 19:21:58', NULL),
(1217, 6, 91, NULL, 0, NULL, 0, 45000, 'Pcs', NULL, NULL, NULL, 0, NULL, NULL, NULL, '2017-07-11 19:21:58', '2017-07-11 19:21:58', NULL),
(1218, 6, 92, NULL, 0, NULL, 0, 45000, 'Pcs', NULL, NULL, NULL, 0, NULL, NULL, NULL, '2017-07-11 19:21:58', '2017-07-11 19:21:58', NULL),
(1219, 6, 93, NULL, 0, NULL, 0, 45000, 'Pcs', NULL, NULL, NULL, 0, NULL, NULL, NULL, '2017-07-11 19:21:58', '2017-07-11 19:21:58', NULL),
(1220, 6, 94, NULL, 0, NULL, 0, 200000, 'Pcs', NULL, NULL, NULL, 0, NULL, NULL, NULL, '2017-07-11 19:21:58', '2017-07-11 19:21:58', NULL),
(1221, 6, 96, NULL, 0, NULL, 0, 100000, 'Pcs', NULL, NULL, NULL, 0, NULL, NULL, NULL, '2017-07-11 19:21:58', '2017-07-11 19:21:58', NULL),
(1222, 6, 97, NULL, 0, NULL, 0, 100000, 'Pcs', NULL, NULL, NULL, 0, NULL, NULL, NULL, '2017-07-11 19:21:58', '2017-07-11 19:21:58', NULL),
(1223, 6, 98, NULL, 0, NULL, 0, 100000, 'Pcs', NULL, NULL, NULL, 0, NULL, NULL, NULL, '2017-07-11 19:21:58', '2017-07-11 19:21:58', NULL),
(1224, 6, 99, NULL, 0, NULL, 0, 95000, 'Pcs', NULL, NULL, NULL, 0, NULL, NULL, NULL, '2017-07-11 19:21:59', '2017-07-11 19:21:59', NULL),
(1225, 6, 100, NULL, 0, NULL, 0, 95000, 'Pcs', NULL, NULL, NULL, 0, NULL, NULL, NULL, '2017-07-11 19:21:59', '2017-07-11 19:21:59', NULL),
(1226, 6, 101, NULL, 0, NULL, 0, 95000, 'Pcs', NULL, NULL, NULL, 0, NULL, NULL, NULL, '2017-07-11 19:21:59', '2017-07-11 19:21:59', NULL),
(1227, 6, 102, NULL, 0, NULL, 0, 95000, 'Pcs', NULL, NULL, NULL, 0, NULL, NULL, NULL, '2017-07-11 19:21:59', '2017-07-11 19:21:59', NULL),
(1228, 6, 103, NULL, 0, NULL, 0, 95000, 'Pcs', NULL, NULL, NULL, 0, NULL, NULL, NULL, '2017-07-11 19:21:59', '2017-07-11 19:21:59', NULL),
(1229, 6, 104, NULL, 0, NULL, 0, 95000, 'Pcs', NULL, NULL, NULL, 0, NULL, NULL, NULL, '2017-07-11 19:21:59', '2017-07-11 19:21:59', NULL),
(1230, 6, 105, NULL, 0, NULL, 0, 0, 'Pcs', NULL, NULL, NULL, 0, NULL, NULL, NULL, '2017-07-11 19:21:59', '2017-07-11 19:21:59', NULL),
(1231, 6, 106, NULL, 0, NULL, 0, 75000, 'Pcs', NULL, NULL, NULL, 0, NULL, NULL, NULL, '2017-07-11 19:21:59', '2017-07-11 19:21:59', NULL),
(1232, 6, 107, NULL, 0, NULL, 0, 58000, 'Pcs', NULL, NULL, NULL, 0, NULL, NULL, NULL, '2017-07-11 19:21:59', '2017-07-11 19:21:59', NULL),
(1233, 6, 108, NULL, 0, NULL, 0, 140000, 'Pcs', NULL, NULL, NULL, 0, NULL, NULL, NULL, '2017-07-11 19:21:59', '2017-07-11 19:21:59', NULL),
(1234, 6, 109, NULL, 0, NULL, 0, 17500, 'Pcs', NULL, NULL, NULL, 0, NULL, NULL, NULL, '2017-07-11 19:21:59', '2017-07-11 19:21:59', NULL),
(1235, 6, 110, NULL, 0, NULL, 0, 60000, 'Pcs', NULL, NULL, NULL, 0, NULL, NULL, NULL, '2017-07-11 19:21:59', '2017-07-11 19:21:59', NULL),
(1236, 6, 111, NULL, 0, NULL, 0, 15000, 'Pcs', NULL, NULL, NULL, 0, NULL, NULL, NULL, '2017-07-11 19:21:59', '2017-07-11 19:21:59', NULL),
(1237, 6, 112, NULL, 0, NULL, 0, 15000, 'Pcs', NULL, NULL, NULL, 0, NULL, NULL, NULL, '2017-07-11 19:22:00', '2017-07-11 19:22:00', NULL),
(1238, 6, 113, NULL, 0, NULL, 0, 15000, 'Pcs', NULL, NULL, NULL, 0, NULL, NULL, NULL, '2017-07-11 19:22:00', '2017-07-11 19:22:00', NULL),
(1239, 6, 114, NULL, 0, NULL, 0, 22000, 'Pcs', NULL, NULL, NULL, 0, NULL, NULL, NULL, '2017-07-11 19:22:00', '2017-07-11 19:22:00', NULL),
(1240, 6, 115, NULL, 0, NULL, 0, 17000, 'Pcs', NULL, NULL, NULL, 0, NULL, NULL, NULL, '2017-07-11 19:22:00', '2017-07-11 19:22:00', NULL),
(1241, 6, 116, NULL, 0, NULL, 0, 100000, 'Pcs', NULL, NULL, NULL, 0, NULL, NULL, NULL, '2017-07-11 19:22:00', '2017-07-11 19:22:00', NULL),
(1242, 6, 117, NULL, 0, NULL, 0, 1050000, 'Unit', NULL, NULL, NULL, 0, NULL, NULL, NULL, '2017-07-11 19:22:00', '2017-07-11 19:22:00', NULL),
(1243, 6, 309, NULL, 0, NULL, 0, 500000, 'Unit', NULL, NULL, NULL, 0, NULL, NULL, NULL, '2017-07-11 19:22:00', '2017-07-11 19:22:00', NULL),
(1244, 6, 310, NULL, 0, NULL, 0, 1750000, 'Pcs', NULL, NULL, NULL, 0, NULL, NULL, NULL, '2017-07-11 19:22:00', '2017-07-11 19:22:00', NULL),
(1245, 6, 118, NULL, 4, NULL, 0, 145000, 'Pack', NULL, NULL, NULL, 580000, NULL, NULL, NULL, '2017-07-11 19:22:00', '2017-07-11 19:22:00', NULL),
(1246, 6, 120, NULL, 6, NULL, 0, 230000, 'Pack', NULL, NULL, NULL, 1380000, NULL, NULL, NULL, '2017-07-11 19:22:00', '2017-07-11 19:22:00', NULL),
(1247, 6, 121, NULL, 6, NULL, 0, 315000, 'Pack', NULL, NULL, NULL, 1890000, NULL, NULL, NULL, '2017-07-11 19:22:00', '2017-07-11 19:22:00', NULL),
(1248, 6, 122, NULL, 4, NULL, 0, 176000, 'Pack', NULL, NULL, NULL, 704000, NULL, NULL, NULL, '2017-07-11 19:22:00', '2017-07-11 19:22:00', NULL),
(1249, 6, 123, NULL, 6, NULL, 0, 230000, 'Pack', NULL, NULL, NULL, 1380000, NULL, NULL, NULL, '2017-07-11 19:22:00', '2017-07-11 19:22:00', NULL),
(1250, 6, 124, NULL, 26, NULL, 0, 193000, 'Pack', NULL, NULL, NULL, 5018000, NULL, NULL, NULL, '2017-07-11 19:22:00', '2017-07-11 19:22:00', NULL),
(1251, 6, 125, NULL, 2, NULL, 0, 193000, 'Pack', NULL, NULL, NULL, 386000, NULL, NULL, NULL, '2017-07-11 19:22:00', '2017-07-11 19:22:00', NULL),
(1252, 6, 126, NULL, 3, NULL, 0, 3333, 'Pack', NULL, NULL, NULL, 9999, NULL, NULL, NULL, '2017-07-11 19:22:00', '2017-07-11 19:22:00', NULL),
(1253, 6, 127, NULL, 4, NULL, 0, 172500, 'Pack', NULL, NULL, NULL, 690000, NULL, NULL, NULL, '2017-07-11 19:22:00', '2017-07-11 19:22:00', NULL),
(1254, 6, 128, NULL, 0, NULL, 0, 145000, 'Pack', NULL, NULL, NULL, 0, NULL, NULL, NULL, '2017-07-11 19:22:00', '2017-07-11 19:22:00', NULL),
(1255, 6, 129, NULL, 0, NULL, 0, 210000, 'Botol', NULL, NULL, NULL, 0, NULL, NULL, NULL, '2017-07-11 19:22:00', '2017-07-11 19:22:00', NULL),
(1256, 6, 130, NULL, 0, NULL, 0, 121000, 'Botol', NULL, NULL, NULL, 0, NULL, NULL, NULL, '2017-07-11 19:22:01', '2017-07-11 19:22:01', NULL),
(1257, 6, 131, NULL, 0, NULL, 0, 121000, 'Botol', NULL, NULL, NULL, 0, NULL, NULL, NULL, '2017-07-11 19:22:01', '2017-07-11 19:22:01', NULL),
(1258, 6, 132, NULL, 0, NULL, 0, 121000, 'Botol', NULL, NULL, NULL, 0, NULL, NULL, NULL, '2017-07-11 19:22:01', '2017-07-11 19:22:01', NULL),
(1259, 6, 134, NULL, 0, NULL, 0, 121000, 'Botol', NULL, NULL, NULL, 0, NULL, NULL, NULL, '2017-07-11 19:22:01', '2017-07-11 19:22:01', NULL),
(1260, 6, 135, NULL, 0, NULL, 0, 121000, 'Botol', NULL, NULL, NULL, 0, NULL, NULL, NULL, '2017-07-11 19:22:01', '2017-07-11 19:22:01', NULL),
(1261, 6, 136, NULL, 0, NULL, 0, 121000, 'Botol', NULL, NULL, NULL, 0, NULL, NULL, NULL, '2017-07-11 19:22:01', '2017-07-11 19:22:01', NULL),
(1262, 6, 137, NULL, 0, NULL, 0, 121000, 'Botol', NULL, NULL, NULL, 0, NULL, NULL, NULL, '2017-07-11 19:22:01', '2017-07-11 19:22:01', NULL),
(1263, 6, 138, NULL, 0, NULL, 0, 121000, 'Botol', NULL, NULL, NULL, 0, NULL, NULL, NULL, '2017-07-11 19:22:01', '2017-07-11 19:22:01', NULL),
(1264, 6, 139, NULL, 0, NULL, 0, 121000, 'Botol', NULL, NULL, NULL, 0, NULL, NULL, NULL, '2017-07-11 19:22:01', '2017-07-11 19:22:01', NULL),
(1265, 6, 140, NULL, 0, NULL, 0, 121000, 'Botol', NULL, NULL, NULL, 0, NULL, NULL, NULL, '2017-07-11 19:22:01', '2017-07-11 19:22:01', NULL),
(1266, 6, 141, NULL, 0, NULL, 0, 265100, 'Botol', NULL, NULL, NULL, 0, NULL, NULL, NULL, '2017-07-11 19:22:01', '2017-07-11 19:22:01', NULL),
(1267, 6, 142, NULL, 0, NULL, 0, 183500, 'Botol', NULL, NULL, NULL, 0, NULL, NULL, NULL, '2017-07-11 19:22:01', '2017-07-11 19:22:01', NULL),
(1268, 6, 143, NULL, 0, NULL, 0, 183500, 'Botol', NULL, NULL, NULL, 0, NULL, NULL, NULL, '2017-07-11 19:22:01', '2017-07-11 19:22:01', NULL),
(1269, 6, 144, NULL, 0, NULL, 0, 183500, 'Drigen', NULL, NULL, NULL, 0, NULL, NULL, NULL, '2017-07-11 19:22:01', '2017-07-11 19:22:01', NULL),
(1270, 6, 145, NULL, 0, NULL, 0, 183500, 'Drigen', NULL, NULL, NULL, 0, NULL, NULL, NULL, '2017-07-11 19:22:02', '2017-07-11 19:22:02', NULL),
(1271, 6, 146, NULL, 0, NULL, 0, 183500, 'Drigen', NULL, NULL, NULL, 0, NULL, NULL, NULL, '2017-07-11 19:22:02', '2017-07-11 19:22:02', NULL),
(1272, 6, 147, NULL, 0, NULL, 0, 182000, 'Pack', NULL, NULL, NULL, 0, NULL, NULL, NULL, '2017-07-11 19:22:02', '2017-07-11 19:22:02', NULL),
(1273, 6, 148, NULL, 0, NULL, 0, 259000, 'Pack', NULL, NULL, NULL, 0, NULL, NULL, NULL, '2017-07-11 19:22:02', '2017-07-11 19:22:02', NULL),
(1274, 6, 149, NULL, 0, NULL, 0, 120000, 'Pack', NULL, NULL, NULL, 0, NULL, NULL, NULL, '2017-07-11 19:22:02', '2017-07-11 19:22:02', NULL),
(1275, 6, 150, NULL, 0, NULL, 0, 50000, 'Pack', NULL, NULL, NULL, 0, NULL, NULL, NULL, '2017-07-11 19:22:02', '2017-07-11 19:22:02', NULL),
(1276, 6, 151, NULL, 0, NULL, 0, 250000, 'Carton', NULL, NULL, NULL, 0, NULL, NULL, NULL, '2017-07-11 19:22:02', '2017-07-11 19:22:02', NULL),
(1277, 6, 152, NULL, 0, NULL, 0, 10000, 'Kg', NULL, NULL, NULL, 0, NULL, NULL, NULL, '2017-07-11 19:22:02', '2017-07-11 19:22:02', NULL),
(1278, 6, 153, NULL, 0, NULL, 0, 120000, 'Dus', NULL, NULL, NULL, 0, NULL, NULL, NULL, '2017-07-11 19:22:02', '2017-07-11 19:22:02', NULL),
(1279, 6, 154, NULL, 0, NULL, 0, 55000, 'Pack', NULL, NULL, NULL, 0, NULL, NULL, NULL, '2017-07-11 19:22:02', '2017-07-11 19:22:02', NULL),
(1280, 6, 155, NULL, 0, NULL, 0, 0, 'Pack', NULL, NULL, NULL, 0, NULL, NULL, NULL, '2017-07-11 19:22:02', '2017-07-11 19:22:02', NULL),
(1281, 6, 156, NULL, 0, NULL, 0, 19500, 'Pack', NULL, NULL, NULL, 0, NULL, NULL, NULL, '2017-07-11 19:22:02', '2017-07-11 19:22:02', NULL),
(1282, 6, 157, NULL, 0, NULL, 0, 15000, 'Pack', NULL, NULL, NULL, 0, NULL, NULL, NULL, '2017-07-11 19:22:02', '2017-07-11 19:22:02', NULL),
(1283, 6, 158, NULL, 0, NULL, 0, 6000, 'Pack', NULL, NULL, NULL, 0, NULL, NULL, NULL, '2017-07-11 19:22:02', '2017-07-11 19:22:02', NULL),
(1284, 6, 159, NULL, 0, NULL, 0, 0, 'Carton', NULL, NULL, NULL, 0, NULL, NULL, NULL, '2017-07-11 19:22:02', '2017-07-11 19:22:02', NULL),
(1285, 6, 160, NULL, 0, NULL, 0, 531000, 'Carton', NULL, NULL, NULL, 0, NULL, NULL, NULL, '2017-07-11 19:22:02', '2017-07-11 19:22:02', NULL),
(1286, 6, 161, NULL, 0, NULL, 0, 416000, 'Carton', NULL, NULL, NULL, 0, NULL, NULL, NULL, '2017-07-11 19:22:02', '2017-07-11 19:22:02', NULL),
(1287, 6, 162, NULL, 0, NULL, 0, 0, 'Carton', NULL, NULL, NULL, 0, NULL, NULL, NULL, '2017-07-11 19:22:02', '2017-07-11 19:22:02', NULL),
(1288, 6, 163, NULL, 0, NULL, 0, 185000, 'Dus', NULL, NULL, NULL, 0, NULL, NULL, NULL, '2017-07-11 19:22:02', '2017-07-11 19:22:02', NULL),
(1289, 6, 164, NULL, 0, NULL, 0, 950000, 'Dus', NULL, NULL, NULL, 0, NULL, NULL, NULL, '2017-07-11 19:22:03', '2017-07-11 19:22:03', NULL),
(1290, 6, 165, NULL, 0, NULL, 0, 135000, 'Carton', NULL, NULL, NULL, 0, NULL, NULL, NULL, '2017-07-11 19:22:03', '2017-07-11 19:22:03', NULL),
(1291, 6, 166, NULL, 0, NULL, 0, 325000, 'Pack', NULL, NULL, NULL, 0, NULL, NULL, NULL, '2017-07-11 19:22:03', '2017-07-11 19:22:03', NULL),
(1292, 6, 167, NULL, 0, NULL, 0, 81000, 'Dus', NULL, NULL, NULL, 0, NULL, NULL, NULL, '2017-07-11 19:22:03', '2017-07-11 19:22:03', NULL),
(1293, 6, 168, NULL, 0, NULL, 0, 275000, 'Carton', NULL, NULL, NULL, 0, NULL, NULL, NULL, '2017-07-11 19:22:03', '2017-07-11 19:22:03', NULL),
(1294, 6, 169, NULL, 0, NULL, 0, 200000, 'Dus', NULL, NULL, NULL, 0, NULL, NULL, NULL, '2017-07-11 19:22:03', '2017-07-11 19:22:03', NULL),
(1295, 6, 170, NULL, 0, NULL, 0, 213000, 'Carton', NULL, NULL, NULL, 0, NULL, NULL, NULL, '2017-07-11 19:22:03', '2017-07-11 19:22:03', NULL),
(1296, 6, 171, NULL, 0, NULL, 0, 1550000, 'Dus', NULL, NULL, NULL, 0, NULL, NULL, NULL, '2017-07-11 19:22:03', '2017-07-11 19:22:03', NULL),
(1297, 6, 172, NULL, 0, NULL, 0, 120000, 'Pack', NULL, NULL, NULL, 0, NULL, NULL, NULL, '2017-07-11 19:22:03', '2017-07-11 19:22:03', NULL),
(1298, 6, 173, NULL, 0, NULL, 0, 335000, 'Toples', NULL, NULL, NULL, 0, NULL, NULL, NULL, '2017-07-11 19:22:03', '2017-07-11 19:22:03', NULL),
(1299, 6, 174, NULL, 0, NULL, 0, 253000, 'Toples', NULL, NULL, NULL, 0, NULL, NULL, NULL, '2017-07-11 19:22:03', '2017-07-11 19:22:03', NULL),
(1300, 6, 175, NULL, 0, NULL, 0, 17500, 'Pack', NULL, NULL, NULL, 0, NULL, NULL, NULL, '2017-07-11 19:22:04', '2017-07-11 19:22:04', NULL),
(1301, 6, 176, NULL, 0, NULL, 0, 78000, 'Kaleng ', NULL, NULL, NULL, 0, NULL, NULL, NULL, '2017-07-11 19:22:04', '2017-07-11 19:22:04', NULL),
(1302, 6, 177, NULL, 0, NULL, 0, 108000, 'Botol', NULL, NULL, NULL, 0, NULL, NULL, NULL, '2017-07-11 19:22:04', '2017-07-11 19:22:04', NULL),
(1303, 6, 178, NULL, 0, NULL, 0, 35000, 'Pack', NULL, NULL, NULL, 0, NULL, NULL, NULL, '2017-07-11 19:22:04', '2017-07-11 19:22:04', NULL),
(1304, 6, 179, NULL, 0, NULL, 0, 36000, 'Pack', NULL, NULL, NULL, 0, NULL, NULL, NULL, '2017-07-11 19:22:04', '2017-07-11 19:22:04', NULL),
(1305, 6, 180, NULL, 0, NULL, 0, 19500, 'Pack', NULL, NULL, NULL, 0, NULL, NULL, NULL, '2017-07-11 19:22:04', '2017-07-11 19:22:04', NULL),
(1306, 6, 181, NULL, 0, NULL, 0, 0, 'Carton', NULL, NULL, NULL, 0, NULL, NULL, NULL, '2017-07-11 19:22:04', '2017-07-11 19:22:04', NULL),
(1307, 6, 182, NULL, 0, NULL, 0, 1020000, 'Dus', NULL, NULL, NULL, 0, NULL, NULL, NULL, '2017-07-11 19:22:04', '2017-07-11 19:22:04', NULL),
(1308, 6, 183, NULL, 0, NULL, 0, 105000, 'Botol', NULL, NULL, NULL, 0, NULL, NULL, NULL, '2017-07-11 19:22:04', '2017-07-11 19:22:04', NULL),
(1309, 6, 184, NULL, 0, NULL, 0, 108000, 'Pack', NULL, NULL, NULL, 0, NULL, NULL, NULL, '2017-07-11 19:22:04', '2017-07-11 19:22:04', NULL),
(1310, 6, 185, NULL, 0, NULL, 0, 0, 'Pack', NULL, NULL, NULL, 0, NULL, NULL, NULL, '2017-07-11 19:22:04', '2017-07-11 19:22:04', NULL),
(1311, 6, 186, NULL, 0, NULL, 0, 138000, 'Pack', NULL, NULL, NULL, 0, NULL, NULL, NULL, '2017-07-11 19:22:04', '2017-07-11 19:22:04', NULL),
(1312, 6, 187, NULL, 0, NULL, 0, 78000, 'Pack', NULL, NULL, NULL, 0, NULL, NULL, NULL, '2017-07-11 19:22:04', '2017-07-11 19:22:04', NULL),
(1313, 6, 188, NULL, 0, NULL, 0, 0, 'Toples', NULL, NULL, NULL, 0, NULL, NULL, NULL, '2017-07-11 19:22:04', '2017-07-11 19:22:04', NULL),
(1314, 6, 189, NULL, 0, NULL, 0, 253000, 'Botol', NULL, NULL, NULL, 0, NULL, NULL, NULL, '2017-07-11 19:22:04', '2017-07-11 19:22:04', NULL),
(1315, 6, 190, NULL, 0, NULL, 0, 45000, 'Pack', NULL, NULL, NULL, 0, NULL, NULL, NULL, '2017-07-11 19:22:04', '2017-07-11 19:22:04', NULL),
(1316, 6, 191, NULL, 0, NULL, 0, 14000, 'Botol', NULL, NULL, NULL, 0, NULL, NULL, NULL, '2017-07-11 19:22:05', '2017-07-11 19:22:05', NULL),
(1317, 6, 192, NULL, 0, NULL, 0, 12000, 'Botol', NULL, NULL, NULL, 0, NULL, NULL, NULL, '2017-07-11 19:22:05', '2017-07-11 19:22:05', NULL),
(1318, 6, 193, NULL, 0, NULL, 0, 15500, 'Botol', NULL, NULL, NULL, 0, NULL, NULL, NULL, '2017-07-11 19:22:05', '2017-07-11 19:22:05', NULL),
(1319, 6, 194, NULL, 0, NULL, 0, 13000, 'Botol', NULL, NULL, NULL, 0, NULL, NULL, NULL, '2017-07-11 19:22:05', '2017-07-11 19:22:05', NULL),
(1320, 6, 195, NULL, 0, NULL, 0, 18000, 'Botol', NULL, NULL, NULL, 0, NULL, NULL, NULL, '2017-07-11 19:22:05', '2017-07-11 19:22:05', NULL),
(1321, 6, 196, NULL, 0, NULL, 0, 33000, 'Pack', NULL, NULL, NULL, 0, NULL, NULL, NULL, '2017-07-11 19:22:05', '2017-07-11 19:22:05', NULL),
(1322, 6, 197, NULL, 0, NULL, 0, 18000, 'Kg', NULL, NULL, NULL, 0, NULL, NULL, NULL, '2017-07-11 19:22:05', '2017-07-11 19:22:05', NULL),
(1323, 6, 198, NULL, 0, NULL, 0, 60000, 'Pack', NULL, NULL, NULL, 0, NULL, NULL, NULL, '2017-07-11 19:22:05', '2017-07-11 19:22:05', NULL),
(1324, 6, 199, NULL, 0, NULL, 0, 120000, 'Pack', NULL, NULL, NULL, 0, NULL, NULL, NULL, '2017-07-11 19:22:05', '2017-07-11 19:22:05', NULL),
(1325, 6, 200, NULL, 0, NULL, 0, 16000, 'Kg', NULL, NULL, NULL, 0, NULL, NULL, NULL, '2017-07-11 19:22:05', '2017-07-11 19:22:05', NULL),
(1326, 6, 201, NULL, 0, NULL, 0, 193000, 'Toples', NULL, NULL, NULL, 0, NULL, NULL, NULL, '2017-07-11 19:22:05', '2017-07-11 19:22:05', NULL),
(1327, 7, 2, NULL, 1, NULL, 0, 395000, 'Pcs', NULL, NULL, NULL, 395000, NULL, NULL, NULL, '2017-07-11 19:30:38', '2017-07-11 19:30:38', NULL),
(1328, 7, 3, NULL, 2, NULL, 0, 15000, 'Pcs', NULL, NULL, NULL, 30000, NULL, NULL, NULL, '2017-07-11 19:30:38', '2017-07-11 19:30:38', NULL),
(1329, 7, 4, NULL, 3, NULL, 0, 55000, 'Pack', NULL, NULL, NULL, 165000, NULL, NULL, NULL, '2017-07-11 19:30:38', '2017-07-11 19:30:38', NULL),
(1330, 7, 5, NULL, 4, NULL, 0, 35000, 'Pcs', NULL, NULL, NULL, 140000, NULL, NULL, NULL, '2017-07-11 19:30:38', '2017-07-11 19:30:38', NULL),
(1331, 7, 6, NULL, 5, NULL, 0, 60000, 'Pcs', NULL, NULL, NULL, 300000, NULL, NULL, NULL, '2017-07-11 19:30:38', '2017-07-11 19:30:38', NULL),
(1332, 7, 7, NULL, 6, NULL, 0, 11000, 'Pcs', NULL, NULL, NULL, 66000, NULL, NULL, NULL, '2017-07-11 19:30:38', '2017-07-11 19:30:38', NULL),
(1333, 7, 8, NULL, 7, NULL, 0, 15000, 'Pcs', NULL, NULL, NULL, 105000, NULL, NULL, NULL, '2017-07-11 19:30:39', '2017-07-11 19:30:39', NULL),
(1334, 7, 9, NULL, 8, NULL, 0, 1150000, 'Carton', NULL, NULL, NULL, 9200000, NULL, NULL, NULL, '2017-07-11 19:30:39', '2017-07-11 19:30:39', NULL),
(1335, 7, 11, NULL, 10, NULL, 0, 1250000, 'Carton', NULL, NULL, NULL, 12500000, NULL, NULL, NULL, '2017-07-11 19:30:39', '2017-07-11 19:30:39', NULL),
(1336, 7, 13, NULL, 12, NULL, 0, 60000, 'Lusin', NULL, NULL, NULL, 720000, NULL, NULL, NULL, '2017-07-11 19:30:39', '2017-07-11 19:30:39', NULL),
(1337, 7, 14, NULL, 13, NULL, 0, 425000, 'Carton', NULL, NULL, NULL, 5525000, NULL, NULL, NULL, '2017-07-11 19:30:39', '2017-07-11 19:30:39', NULL),
(1338, 7, 15, NULL, 14, NULL, 0, 395000, 'Dus', NULL, NULL, NULL, 5530000, NULL, NULL, NULL, '2017-07-11 19:30:39', '2017-07-11 19:30:39', NULL),
(1339, 7, 16, NULL, 15, NULL, 0, 270000, 'Pack', NULL, NULL, NULL, 4050000, NULL, NULL, NULL, '2017-07-11 19:30:39', '2017-07-11 19:30:39', NULL),
(1340, 7, 17, NULL, 17, NULL, 0, 120000, 'Pcs', NULL, NULL, NULL, 2040000, NULL, NULL, NULL, '2017-07-11 19:30:39', '2017-07-11 19:30:39', NULL),
(1341, 7, 18, NULL, 18, NULL, 0, 100000, 'Pack', NULL, NULL, NULL, 1800000, NULL, NULL, NULL, '2017-07-11 19:30:39', '2017-07-11 19:30:39', NULL),
(1342, 7, 19, NULL, 19, NULL, 0, 2200000, 'Carton', NULL, NULL, NULL, 41800000, NULL, NULL, NULL, '2017-07-11 19:30:39', '2017-07-11 19:30:39', NULL),
(1343, 7, 20, NULL, 20, NULL, 0, 20000, 'Pcs', NULL, NULL, NULL, 400000, NULL, NULL, NULL, '2017-07-11 19:30:39', '2017-07-11 19:30:39', NULL),
(1344, 7, 21, NULL, 21, NULL, 0, 175000, 'Pcs', NULL, NULL, NULL, 3675000, NULL, NULL, NULL, '2017-07-11 19:30:39', '2017-07-11 19:30:39', NULL),
(1345, 7, 22, NULL, 22, NULL, 0, 1100000, 'Pcs', NULL, NULL, NULL, 24200000, NULL, NULL, NULL, '2017-07-11 19:30:39', '2017-07-11 19:30:39', NULL),
(1346, 7, 23, NULL, 23, NULL, 0, 70000, 'Pcs', NULL, NULL, NULL, 1610000, NULL, NULL, NULL, '2017-07-11 19:30:39', '2017-07-11 19:30:39', NULL),
(1347, 7, 24, NULL, 24, NULL, 0, 75000, 'Pcs', NULL, NULL, NULL, 1800000, NULL, NULL, NULL, '2017-07-11 19:30:39', '2017-07-11 19:30:39', NULL),
(1348, 7, 25, NULL, 25, NULL, 0, 250000, 'Carton', NULL, NULL, NULL, 6250000, NULL, NULL, NULL, '2017-07-11 19:30:39', '2017-07-11 19:30:39', NULL),
(1349, 7, 26, NULL, 26, NULL, 0, 250000, 'Carton', NULL, NULL, NULL, 6500000, NULL, NULL, NULL, '2017-07-11 19:30:39', '2017-07-11 19:30:39', NULL),
(1350, 7, 28, NULL, 28, NULL, 0, 300000, 'Roll', NULL, NULL, NULL, 8400000, NULL, NULL, NULL, '2017-07-11 19:30:39', '2017-07-11 19:30:39', NULL),
(1351, 7, 29, NULL, 29, NULL, 0, 70000, 'Lusin', NULL, NULL, NULL, 2030000, NULL, NULL, NULL, '2017-07-11 19:30:39', '2017-07-11 19:30:39', NULL),
(1352, 7, 30, NULL, 30, NULL, 0, 1600000, 'Pcs', NULL, NULL, NULL, 48000000, NULL, NULL, NULL, '2017-07-11 19:30:39', '2017-07-11 19:30:39', NULL),
(1353, 7, 31, NULL, 31, NULL, 0, 1100000, 'Pcs', NULL, NULL, NULL, 34100000, NULL, NULL, NULL, '2017-07-11 19:30:40', '2017-07-11 19:30:40', NULL),
(1354, 7, 32, NULL, 32, NULL, 0, 9000, 'Pcs', NULL, NULL, NULL, 288000, NULL, NULL, NULL, '2017-07-11 19:30:40', '2017-07-11 19:30:40', NULL),
(1355, 7, 33, NULL, 33, NULL, 0, 710000, 'Carton', NULL, NULL, NULL, 23430000, NULL, NULL, NULL, '2017-07-11 19:30:40', '2017-07-11 19:30:40', NULL),
(1356, 7, 34, NULL, 34, NULL, 0, 60000, 'Pcs', NULL, NULL, NULL, 2040000, NULL, NULL, NULL, '2017-07-11 19:30:40', '2017-07-11 19:30:40', NULL),
(1357, 7, 35, NULL, 36, NULL, 0, 53000, 'Pcs', NULL, NULL, NULL, 1908000, NULL, NULL, NULL, '2017-07-11 19:30:40', '2017-07-11 19:30:40', NULL),
(1358, 7, 36, NULL, 37, NULL, 0, 53000, 'Pcs', NULL, NULL, NULL, 1961000, NULL, NULL, NULL, '2017-07-11 19:30:40', '2017-07-11 19:30:40', NULL),
(1359, 7, 37, NULL, 38, NULL, 0, 20000, 'Pcs', NULL, NULL, NULL, 760000, NULL, NULL, NULL, '2017-07-11 19:30:40', '2017-07-11 19:30:40', NULL),
(1360, 7, 39, NULL, 40, NULL, 0, 16000, 'Pack', NULL, NULL, NULL, 640000, NULL, NULL, NULL, '2017-07-11 19:30:40', '2017-07-11 19:30:40', NULL),
(1361, 7, 40, NULL, 41, NULL, 0, 16000, 'Pack', NULL, NULL, NULL, 656000, NULL, NULL, NULL, '2017-07-11 19:30:40', '2017-07-11 19:30:40', NULL),
(1362, 7, 41, NULL, 42, NULL, 0, 23500, 'Pack', NULL, NULL, NULL, 987000, NULL, NULL, NULL, '2017-07-11 19:30:40', '2017-07-11 19:30:40', NULL),
(1363, 7, 42, NULL, 43, NULL, 0, 13000, 'Pack', NULL, NULL, NULL, 559000, NULL, NULL, NULL, '2017-07-11 19:30:40', '2017-07-11 19:30:40', NULL),
(1364, 7, 43, NULL, 44, NULL, 0, 13000, 'Pack', NULL, NULL, NULL, 572000, NULL, NULL, NULL, '2017-07-11 19:30:40', '2017-07-11 19:30:40', NULL),
(1365, 7, 44, NULL, 45, NULL, 0, 145000, 'Roll', NULL, NULL, NULL, 6525000, NULL, NULL, NULL, '2017-07-11 19:30:40', '2017-07-11 19:30:40', NULL),
(1366, 7, 45, NULL, 46, NULL, 0, 100000, 'Pack', NULL, NULL, NULL, 4600000, NULL, NULL, NULL, '2017-07-11 19:30:40', '2017-07-11 19:30:40', NULL),
(1367, 7, 46, NULL, 47, NULL, 0, 200000, 'Pcs', NULL, NULL, NULL, 9400000, NULL, NULL, NULL, '2017-07-11 19:30:40', '2017-07-11 19:30:40', NULL),
(1368, 7, 47, NULL, 48, NULL, 0, 70000, 'Carton', NULL, NULL, NULL, 3360000, NULL, NULL, NULL, '2017-07-11 19:30:40', '2017-07-11 19:30:40', NULL),
(1369, 7, 48, NULL, 49, NULL, 0, 21500, 'Pack', NULL, NULL, NULL, 1053500, NULL, NULL, NULL, '2017-07-11 19:30:41', '2017-07-11 19:30:41', NULL),
(1370, 7, 49, NULL, 50, NULL, 0, 60000, 'Lusin', NULL, NULL, NULL, 3000000, NULL, NULL, NULL, '2017-07-11 19:30:41', '2017-07-11 19:30:41', NULL),
(1371, 7, 50, NULL, 51, NULL, 0, 400000, 'Carton', NULL, NULL, NULL, 20400000, NULL, NULL, NULL, '2017-07-11 19:30:41', '2017-07-11 19:30:41', NULL),
(1372, 7, 51, NULL, 52, NULL, 0, 70000, 'Set', NULL, NULL, NULL, 3640000, NULL, NULL, NULL, '2017-07-11 19:30:41', '2017-07-11 19:30:41', NULL),
(1373, 7, 52, NULL, 53, NULL, 0, 430000, 'Carton', NULL, NULL, NULL, 22790000, NULL, NULL, NULL, '2017-07-11 19:30:41', '2017-07-11 19:30:41', NULL),
(1374, 7, 53, NULL, 54, NULL, 0, 85000, 'Pcs', NULL, NULL, NULL, 4590000, NULL, NULL, NULL, '2017-07-11 19:30:41', '2017-07-11 19:30:41', NULL),
(1375, 7, 54, NULL, 55, NULL, 0, 20000, 'Pack', NULL, NULL, NULL, 1100000, NULL, NULL, NULL, '2017-07-11 19:30:41', '2017-07-11 19:30:41', NULL),
(1376, 7, 55, NULL, 56, NULL, 0, 18000, 'Pack', NULL, NULL, NULL, 1008000, NULL, NULL, NULL, '2017-07-11 19:30:41', '2017-07-11 19:30:41', NULL),
(1377, 7, 56, NULL, 57, NULL, 0, 448000, 'Pcs', NULL, NULL, NULL, 25536000, NULL, NULL, NULL, '2017-07-11 19:30:41', '2017-07-11 19:30:41', NULL),
(1378, 7, 57, NULL, 58, NULL, 0, 476000, 'Pcs', NULL, NULL, NULL, 27608000, NULL, NULL, NULL, '2017-07-11 19:30:41', '2017-07-11 19:30:41', NULL),
(1379, 7, 58, NULL, 59, NULL, 0, 566000, 'Pcs', NULL, NULL, NULL, 33394000, NULL, NULL, NULL, '2017-07-11 19:30:41', '2017-07-11 19:30:41', NULL),
(1380, 7, 59, NULL, 60, NULL, 0, 70000, 'Pcs', NULL, NULL, NULL, 4200000, NULL, NULL, NULL, '2017-07-11 19:30:41', '2017-07-11 19:30:41', NULL),
(1381, 7, 60, NULL, 61, NULL, 0, 70000, 'Pcs', NULL, NULL, NULL, 4270000, NULL, NULL, NULL, '2017-07-11 19:30:42', '2017-07-11 19:30:42', NULL),
(1382, 7, 61, NULL, 62, NULL, 0, 70000, 'Pcs', NULL, NULL, NULL, 4340000, NULL, NULL, NULL, '2017-07-11 19:30:42', '2017-07-11 19:30:42', NULL),
(1383, 7, 62, NULL, 63, NULL, 0, 160000, 'Pack', NULL, NULL, NULL, 10080000, NULL, NULL, NULL, '2017-07-11 19:30:42', '2017-07-11 19:30:42', NULL),
(1384, 7, 63, NULL, 64, NULL, 0, 70000, 'Pcs', NULL, NULL, NULL, 4480000, NULL, NULL, NULL, '2017-07-11 19:30:42', '2017-07-11 19:30:42', NULL),
(1385, 7, 64, NULL, 65, NULL, 0, 21000, 'Lusin', NULL, NULL, NULL, 1365000, NULL, NULL, NULL, '2017-07-11 19:30:42', '2017-07-11 19:30:42', NULL),
(1386, 7, 65, NULL, 66, NULL, 0, 8000, 'Lusin', NULL, NULL, NULL, 528000, NULL, NULL, NULL, '2017-07-11 19:30:42', '2017-07-11 19:30:42', NULL),
(1387, 7, 66, NULL, 67, NULL, 0, 20000, 'Pack', NULL, NULL, NULL, 1340000, NULL, NULL, NULL, '2017-07-11 19:30:42', '2017-07-11 19:30:42', NULL),
(1388, 7, 67, NULL, 68, NULL, 0, 13000, 'Pack', NULL, NULL, NULL, 884000, NULL, NULL, NULL, '2017-07-11 19:30:42', '2017-07-11 19:30:42', NULL),
(1389, 7, 68, NULL, 69, NULL, 0, 20000, 'Pcs', NULL, NULL, NULL, 1380000, NULL, NULL, NULL, '2017-07-11 19:30:42', '2017-07-11 19:30:42', NULL),
(1390, 7, 10, NULL, 0, NULL, 0, 600000, 'Carton', NULL, NULL, NULL, 0, NULL, NULL, NULL, '2017-07-11 19:30:42', '2017-07-11 19:30:42', NULL),
(1391, 7, 12, NULL, 0, NULL, 0, 0, 'Carton', NULL, NULL, NULL, 0, NULL, NULL, NULL, '2017-07-11 19:30:42', '2017-07-11 19:30:42', NULL),
(1392, 7, 27, NULL, 0, NULL, 0, 0, 'Carton', NULL, NULL, NULL, 0, NULL, NULL, NULL, '2017-07-11 19:30:42', '2017-07-11 19:30:42', NULL),
(1393, 7, 38, NULL, 0, NULL, 0, 0, 'Pack', NULL, NULL, NULL, 0, NULL, NULL, NULL, '2017-07-11 19:30:42', '2017-07-11 19:30:42', NULL),
(1394, 7, 69, NULL, 0, NULL, 0, 175000, 'Pcs', NULL, NULL, NULL, 0, NULL, NULL, NULL, '2017-07-11 19:30:42', '2017-07-11 19:30:42', NULL),
(1395, 7, 70, NULL, 0, NULL, 0, 150000, 'Pcs', NULL, NULL, NULL, 0, NULL, NULL, NULL, '2017-07-11 19:30:42', '2017-07-11 19:30:42', NULL),
(1396, 7, 71, NULL, 0, NULL, 0, 25000, 'Pcs', NULL, NULL, NULL, 0, NULL, NULL, NULL, '2017-07-11 19:30:42', '2017-07-11 19:30:42', NULL),
(1397, 7, 72, NULL, 0, NULL, 0, 680000, 'Pcs', NULL, NULL, NULL, 0, NULL, NULL, NULL, '2017-07-11 19:30:42', '2017-07-11 19:30:42', NULL),
(1398, 7, 73, NULL, 0, NULL, 0, 720000, 'Pcs', NULL, NULL, NULL, 0, NULL, NULL, NULL, '2017-07-11 19:30:42', '2017-07-11 19:30:42', NULL),
(1399, 7, 74, NULL, 0, NULL, 0, 130000, 'Pcs', NULL, NULL, NULL, 0, NULL, NULL, NULL, '2017-07-11 19:30:42', '2017-07-11 19:30:42', NULL),
(1400, 7, 75, NULL, 0, NULL, 0, 120000, 'Pcs', NULL, NULL, NULL, 0, NULL, NULL, NULL, '2017-07-11 19:30:42', '2017-07-11 19:30:42', NULL),
(1401, 7, 76, NULL, 0, NULL, 0, 120000, 'Pcs', NULL, NULL, NULL, 0, NULL, NULL, NULL, '2017-07-11 19:30:42', '2017-07-11 19:30:42', NULL),
(1402, 7, 77, NULL, 0, NULL, 0, 120000, 'Pcs', NULL, NULL, NULL, 0, NULL, NULL, NULL, '2017-07-11 19:30:42', '2017-07-11 19:30:42', NULL),
(1403, 7, 78, NULL, 0, NULL, 0, 120000, 'Pcs', NULL, NULL, NULL, 0, NULL, NULL, NULL, '2017-07-11 19:30:42', '2017-07-11 19:30:42', NULL),
(1404, 7, 79, NULL, 0, NULL, 0, 120000, 'Pcs', NULL, NULL, NULL, 0, NULL, NULL, NULL, '2017-07-11 19:30:42', '2017-07-11 19:30:42', NULL),
(1405, 7, 80, NULL, 0, NULL, 0, 120000, 'Pcs', NULL, NULL, NULL, 0, NULL, NULL, NULL, '2017-07-11 19:30:42', '2017-07-11 19:30:42', NULL),
(1406, 7, 81, NULL, 0, NULL, 0, 83000, 'Pcs', NULL, NULL, NULL, 0, NULL, NULL, NULL, '2017-07-11 19:30:43', '2017-07-11 19:30:43', NULL),
(1407, 7, 82, NULL, 0, NULL, 0, 85000, 'Pcs', NULL, NULL, NULL, 0, NULL, NULL, NULL, '2017-07-11 19:30:43', '2017-07-11 19:30:43', NULL),
(1408, 7, 83, NULL, 0, NULL, 0, 17500, 'Pcs', NULL, NULL, NULL, 0, NULL, NULL, NULL, '2017-07-11 19:30:43', '2017-07-11 19:30:43', NULL),
(1409, 7, 84, NULL, 0, NULL, 0, 185000, 'Pcs', NULL, NULL, NULL, 0, NULL, NULL, NULL, '2017-07-11 19:30:43', '2017-07-11 19:30:43', NULL),
(1410, 7, 85, NULL, 0, NULL, 0, 23000, 'Lusin', NULL, NULL, NULL, 0, NULL, NULL, NULL, '2017-07-11 19:30:43', '2017-07-11 19:30:43', NULL),
(1411, 7, 86, NULL, 0, NULL, 0, 25000, 'Lusin', NULL, NULL, NULL, 0, NULL, NULL, NULL, '2017-07-11 19:30:43', '2017-07-11 19:30:43', NULL),
(1412, 7, 87, NULL, 0, NULL, 0, 100000, 'Pcs', NULL, NULL, NULL, 0, NULL, NULL, NULL, '2017-07-11 19:30:43', '2017-07-11 19:30:43', NULL),
(1413, 7, 88, NULL, 0, NULL, 0, 45000, 'Pcs', NULL, NULL, NULL, 0, NULL, NULL, NULL, '2017-07-11 19:30:43', '2017-07-11 19:30:43', NULL),
(1414, 7, 89, NULL, 0, NULL, 0, 45000, 'Pcs', NULL, NULL, NULL, 0, NULL, NULL, NULL, '2017-07-11 19:30:43', '2017-07-11 19:30:43', NULL),
(1415, 7, 90, NULL, 0, NULL, 0, 45000, 'Pcs', NULL, NULL, NULL, 0, NULL, NULL, NULL, '2017-07-11 19:30:43', '2017-07-11 19:30:43', NULL),
(1416, 7, 91, NULL, 0, NULL, 0, 45000, 'Pcs', NULL, NULL, NULL, 0, NULL, NULL, NULL, '2017-07-11 19:30:43', '2017-07-11 19:30:43', NULL),
(1417, 7, 92, NULL, 0, NULL, 0, 45000, 'Pcs', NULL, NULL, NULL, 0, NULL, NULL, NULL, '2017-07-11 19:30:43', '2017-07-11 19:30:43', NULL),
(1418, 7, 93, NULL, 0, NULL, 0, 45000, 'Pcs', NULL, NULL, NULL, 0, NULL, NULL, NULL, '2017-07-11 19:30:44', '2017-07-11 19:30:44', NULL),
(1419, 7, 94, NULL, 0, NULL, 0, 200000, 'Pcs', NULL, NULL, NULL, 0, NULL, NULL, NULL, '2017-07-11 19:30:44', '2017-07-11 19:30:44', NULL),
(1420, 7, 96, NULL, 0, NULL, 0, 100000, 'Pcs', NULL, NULL, NULL, 0, NULL, NULL, NULL, '2017-07-11 19:30:44', '2017-07-11 19:30:44', NULL),
(1421, 7, 97, NULL, 0, NULL, 0, 100000, 'Pcs', NULL, NULL, NULL, 0, NULL, NULL, NULL, '2017-07-11 19:30:44', '2017-07-11 19:30:44', NULL),
(1422, 7, 98, NULL, 0, NULL, 0, 100000, 'Pcs', NULL, NULL, NULL, 0, NULL, NULL, NULL, '2017-07-11 19:30:44', '2017-07-11 19:30:44', NULL),
(1423, 7, 99, NULL, 0, NULL, 0, 95000, 'Pcs', NULL, NULL, NULL, 0, NULL, NULL, NULL, '2017-07-11 19:30:44', '2017-07-11 19:30:44', NULL),
(1424, 7, 100, NULL, 0, NULL, 0, 95000, 'Pcs', NULL, NULL, NULL, 0, NULL, NULL, NULL, '2017-07-11 19:30:44', '2017-07-11 19:30:44', NULL),
(1425, 7, 101, NULL, 0, NULL, 0, 95000, 'Pcs', NULL, NULL, NULL, 0, NULL, NULL, NULL, '2017-07-11 19:30:44', '2017-07-11 19:30:44', NULL),
(1426, 7, 102, NULL, 0, NULL, 0, 95000, 'Pcs', NULL, NULL, NULL, 0, NULL, NULL, NULL, '2017-07-11 19:30:44', '2017-07-11 19:30:44', NULL),
(1427, 7, 103, NULL, 0, NULL, 0, 95000, 'Pcs', NULL, NULL, NULL, 0, NULL, NULL, NULL, '2017-07-11 19:30:44', '2017-07-11 19:30:44', NULL),
(1428, 7, 104, NULL, 0, NULL, 0, 95000, 'Pcs', NULL, NULL, NULL, 0, NULL, NULL, NULL, '2017-07-11 19:30:44', '2017-07-11 19:30:44', NULL),
(1429, 7, 105, NULL, 0, NULL, 0, 0, 'Pcs', NULL, NULL, NULL, 0, NULL, NULL, NULL, '2017-07-11 19:30:44', '2017-07-11 19:30:44', NULL),
(1430, 7, 106, NULL, 0, NULL, 0, 75000, 'Pcs', NULL, NULL, NULL, 0, NULL, NULL, NULL, '2017-07-11 19:30:44', '2017-07-11 19:30:44', NULL),
(1431, 7, 107, NULL, 0, NULL, 0, 58000, 'Pcs', NULL, NULL, NULL, 0, NULL, NULL, NULL, '2017-07-11 19:30:45', '2017-07-11 19:30:45', NULL),
(1432, 7, 108, NULL, 0, NULL, 0, 140000, 'Pcs', NULL, NULL, NULL, 0, NULL, NULL, NULL, '2017-07-11 19:30:45', '2017-07-11 19:30:45', NULL),
(1433, 7, 109, NULL, 0, NULL, 0, 17500, 'Pcs', NULL, NULL, NULL, 0, NULL, NULL, NULL, '2017-07-11 19:30:45', '2017-07-11 19:30:45', NULL),
(1434, 7, 110, NULL, 0, NULL, 0, 60000, 'Pcs', NULL, NULL, NULL, 0, NULL, NULL, NULL, '2017-07-11 19:30:45', '2017-07-11 19:30:45', NULL),
(1435, 7, 111, NULL, 0, NULL, 0, 15000, 'Pcs', NULL, NULL, NULL, 0, NULL, NULL, NULL, '2017-07-11 19:30:45', '2017-07-11 19:30:45', NULL),
(1436, 7, 112, NULL, 0, NULL, 0, 15000, 'Pcs', NULL, NULL, NULL, 0, NULL, NULL, NULL, '2017-07-11 19:30:45', '2017-07-11 19:30:45', NULL),
(1437, 7, 113, NULL, 0, NULL, 0, 15000, 'Pcs', NULL, NULL, NULL, 0, NULL, NULL, NULL, '2017-07-11 19:30:45', '2017-07-11 19:30:45', NULL),
(1438, 7, 114, NULL, 0, NULL, 0, 22000, 'Pcs', NULL, NULL, NULL, 0, NULL, NULL, NULL, '2017-07-11 19:30:45', '2017-07-11 19:30:45', NULL),
(1439, 7, 115, NULL, 0, NULL, 0, 17000, 'Pcs', NULL, NULL, NULL, 0, NULL, NULL, NULL, '2017-07-11 19:30:45', '2017-07-11 19:30:45', NULL),
(1440, 7, 116, NULL, 0, NULL, 0, 100000, 'Pcs', NULL, NULL, NULL, 0, NULL, NULL, NULL, '2017-07-11 19:30:45', '2017-07-11 19:30:45', NULL),
(1441, 7, 117, NULL, 0, NULL, 0, 1050000, 'Unit', NULL, NULL, NULL, 0, NULL, NULL, NULL, '2017-07-11 19:30:45', '2017-07-11 19:30:45', NULL),
(1442, 7, 309, NULL, 0, NULL, 0, 500000, 'Unit', NULL, NULL, NULL, 0, NULL, NULL, NULL, '2017-07-11 19:30:45', '2017-07-11 19:30:45', NULL),
(1443, 7, 310, NULL, 0, NULL, 0, 1750000, 'Pcs', NULL, NULL, NULL, 0, NULL, NULL, NULL, '2017-07-11 19:30:45', '2017-07-11 19:30:45', NULL),
(1444, 7, 118, NULL, 0, NULL, 0, 145000, 'Pack', NULL, NULL, NULL, 0, NULL, NULL, NULL, '2017-07-11 19:30:45', '2017-07-11 19:30:45', NULL),
(1445, 7, 120, NULL, 0, NULL, 0, 230000, 'Pack', NULL, NULL, NULL, 0, NULL, NULL, NULL, '2017-07-11 19:30:45', '2017-07-11 19:30:45', NULL),
(1446, 7, 121, NULL, 0, NULL, 0, 315000, 'Pack', NULL, NULL, NULL, 0, NULL, NULL, NULL, '2017-07-11 19:30:45', '2017-07-11 19:30:45', NULL),
(1447, 7, 122, NULL, 0, NULL, 0, 176000, 'Pack', NULL, NULL, NULL, 0, NULL, NULL, NULL, '2017-07-11 19:30:45', '2017-07-11 19:30:45', NULL),
(1448, 7, 123, NULL, 0, NULL, 0, 230000, 'Pack', NULL, NULL, NULL, 0, NULL, NULL, NULL, '2017-07-11 19:30:45', '2017-07-11 19:30:45', NULL),
(1449, 7, 124, NULL, 0, NULL, 0, 193000, 'Pack', NULL, NULL, NULL, 0, NULL, NULL, NULL, '2017-07-11 19:30:45', '2017-07-11 19:30:45', NULL),
(1450, 7, 125, NULL, 0, NULL, 0, 193000, 'Pack', NULL, NULL, NULL, 0, NULL, NULL, NULL, '2017-07-11 19:30:46', '2017-07-11 19:30:46', NULL);
INSERT INTO `item_central_detail` (`id`, `item_central_id`, `item_id`, `item_name`, `quantity`, `quantity_actual`, `quantity_stock`, `price`, `uom`, `nota_number`, `date`, `spend_by`, `total`, `created_by`, `updated_by`, `deleted_by`, `created_at`, `updated_at`, `deleted_at`) VALUES
(1451, 7, 126, NULL, 0, NULL, 0, 0, 'Pack', NULL, NULL, NULL, 0, NULL, NULL, NULL, '2017-07-11 19:30:46', '2017-07-11 19:30:46', NULL),
(1452, 7, 127, NULL, 0, NULL, 0, 172500, 'Pack', NULL, NULL, NULL, 0, NULL, NULL, NULL, '2017-07-11 19:30:46', '2017-07-11 19:30:46', NULL),
(1453, 7, 128, NULL, 0, NULL, 0, 145000, 'Pack', NULL, NULL, NULL, 0, NULL, NULL, NULL, '2017-07-11 19:30:46', '2017-07-11 19:30:46', NULL),
(1454, 7, 129, NULL, 0, NULL, 0, 210000, 'Botol', NULL, NULL, NULL, 0, NULL, NULL, NULL, '2017-07-11 19:30:46', '2017-07-11 19:30:46', NULL),
(1455, 7, 130, NULL, 0, NULL, 0, 121000, 'Botol', NULL, NULL, NULL, 0, NULL, NULL, NULL, '2017-07-11 19:30:46', '2017-07-11 19:30:46', NULL),
(1456, 7, 131, NULL, 0, NULL, 0, 121000, 'Botol', NULL, NULL, NULL, 0, NULL, NULL, NULL, '2017-07-11 19:30:46', '2017-07-11 19:30:46', NULL),
(1457, 7, 132, NULL, 0, NULL, 0, 121000, 'Botol', NULL, NULL, NULL, 0, NULL, NULL, NULL, '2017-07-11 19:30:46', '2017-07-11 19:30:46', NULL),
(1458, 7, 134, NULL, 0, NULL, 0, 121000, 'Botol', NULL, NULL, NULL, 0, NULL, NULL, NULL, '2017-07-11 19:30:46', '2017-07-11 19:30:46', NULL),
(1459, 7, 135, NULL, 0, NULL, 0, 121000, 'Botol', NULL, NULL, NULL, 0, NULL, NULL, NULL, '2017-07-11 19:30:46', '2017-07-11 19:30:46', NULL),
(1460, 7, 136, NULL, 0, NULL, 0, 121000, 'Botol', NULL, NULL, NULL, 0, NULL, NULL, NULL, '2017-07-11 19:30:46', '2017-07-11 19:30:46', NULL),
(1461, 7, 137, NULL, 0, NULL, 0, 121000, 'Botol', NULL, NULL, NULL, 0, NULL, NULL, NULL, '2017-07-11 19:30:46', '2017-07-11 19:30:46', NULL),
(1462, 7, 138, NULL, 0, NULL, 0, 121000, 'Botol', NULL, NULL, NULL, 0, NULL, NULL, NULL, '2017-07-11 19:30:46', '2017-07-11 19:30:46', NULL),
(1463, 7, 139, NULL, 0, NULL, 0, 121000, 'Botol', NULL, NULL, NULL, 0, NULL, NULL, NULL, '2017-07-11 19:30:46', '2017-07-11 19:30:46', NULL),
(1464, 7, 140, NULL, 0, NULL, 0, 121000, 'Botol', NULL, NULL, NULL, 0, NULL, NULL, NULL, '2017-07-11 19:30:46', '2017-07-11 19:30:46', NULL),
(1465, 7, 141, NULL, 0, NULL, 0, 265100, 'Botol', NULL, NULL, NULL, 0, NULL, NULL, NULL, '2017-07-11 19:30:46', '2017-07-11 19:30:46', NULL),
(1466, 7, 142, NULL, 0, NULL, 0, 183500, 'Botol', NULL, NULL, NULL, 0, NULL, NULL, NULL, '2017-07-11 19:30:47', '2017-07-11 19:30:47', NULL),
(1467, 7, 143, NULL, 0, NULL, 0, 183500, 'Botol', NULL, NULL, NULL, 0, NULL, NULL, NULL, '2017-07-11 19:30:47', '2017-07-11 19:30:47', NULL),
(1468, 7, 144, NULL, 0, NULL, 0, 183500, 'Drigen', NULL, NULL, NULL, 0, NULL, NULL, NULL, '2017-07-11 19:30:47', '2017-07-11 19:30:47', NULL),
(1469, 7, 145, NULL, 0, NULL, 0, 183500, 'Drigen', NULL, NULL, NULL, 0, NULL, NULL, NULL, '2017-07-11 19:30:47', '2017-07-11 19:30:47', NULL),
(1470, 7, 146, NULL, 0, NULL, 0, 183500, 'Drigen', NULL, NULL, NULL, 0, NULL, NULL, NULL, '2017-07-11 19:30:47', '2017-07-11 19:30:47', NULL),
(1471, 7, 147, NULL, 0, NULL, 0, 182000, 'Pack', NULL, NULL, NULL, 0, NULL, NULL, NULL, '2017-07-11 19:30:47', '2017-07-11 19:30:47', NULL),
(1472, 7, 148, NULL, 0, NULL, 0, 259000, 'Pack', NULL, NULL, NULL, 0, NULL, NULL, NULL, '2017-07-11 19:30:47', '2017-07-11 19:30:47', NULL),
(1473, 7, 149, NULL, 0, NULL, 0, 120000, 'Pack', NULL, NULL, NULL, 0, NULL, NULL, NULL, '2017-07-11 19:30:47', '2017-07-11 19:30:47', NULL),
(1474, 7, 150, NULL, 0, NULL, 0, 50000, 'Pack', NULL, NULL, NULL, 0, NULL, NULL, NULL, '2017-07-11 19:30:47', '2017-07-11 19:30:47', NULL),
(1475, 7, 151, NULL, 0, NULL, 0, 250000, 'Carton', NULL, NULL, NULL, 0, NULL, NULL, NULL, '2017-07-11 19:30:47', '2017-07-11 19:30:47', NULL),
(1476, 7, 152, NULL, 0, NULL, 0, 10000, 'Kg', NULL, NULL, NULL, 0, NULL, NULL, NULL, '2017-07-11 19:30:47', '2017-07-11 19:30:47', NULL),
(1477, 7, 153, NULL, 0, NULL, 0, 120000, 'Dus', NULL, NULL, NULL, 0, NULL, NULL, NULL, '2017-07-11 19:30:47', '2017-07-11 19:30:47', NULL),
(1478, 7, 154, NULL, 0, NULL, 0, 55000, 'Pack', NULL, NULL, NULL, 0, NULL, NULL, NULL, '2017-07-11 19:30:47', '2017-07-11 19:30:47', NULL),
(1479, 7, 155, NULL, 0, NULL, 0, 0, 'Pack', NULL, NULL, NULL, 0, NULL, NULL, NULL, '2017-07-11 19:30:48', '2017-07-11 19:30:48', NULL),
(1480, 7, 156, NULL, 0, NULL, 0, 19500, 'Pack', NULL, NULL, NULL, 0, NULL, NULL, NULL, '2017-07-11 19:30:48', '2017-07-11 19:30:48', NULL),
(1481, 7, 157, NULL, 0, NULL, 0, 15000, 'Pack', NULL, NULL, NULL, 0, NULL, NULL, NULL, '2017-07-11 19:30:48', '2017-07-11 19:30:48', NULL),
(1482, 7, 158, NULL, 0, NULL, 0, 6000, 'Pack', NULL, NULL, NULL, 0, NULL, NULL, NULL, '2017-07-11 19:30:48', '2017-07-11 19:30:48', NULL),
(1483, 7, 159, NULL, 0, NULL, 0, 0, 'Carton', NULL, NULL, NULL, 0, NULL, NULL, NULL, '2017-07-11 19:30:48', '2017-07-11 19:30:48', NULL),
(1484, 7, 160, NULL, 0, NULL, 0, 531000, 'Carton', NULL, NULL, NULL, 0, NULL, NULL, NULL, '2017-07-11 19:30:48', '2017-07-11 19:30:48', NULL),
(1485, 7, 161, NULL, 0, NULL, 0, 416000, 'Carton', NULL, NULL, NULL, 0, NULL, NULL, NULL, '2017-07-11 19:30:48', '2017-07-11 19:30:48', NULL),
(1486, 7, 162, NULL, 0, NULL, 0, 0, 'Carton', NULL, NULL, NULL, 0, NULL, NULL, NULL, '2017-07-11 19:30:48', '2017-07-11 19:30:48', NULL),
(1487, 7, 163, NULL, 0, NULL, 0, 185000, 'Dus', NULL, NULL, NULL, 0, NULL, NULL, NULL, '2017-07-11 19:30:48', '2017-07-11 19:30:48', NULL),
(1488, 7, 164, NULL, 0, NULL, 0, 950000, 'Dus', NULL, NULL, NULL, 0, NULL, NULL, NULL, '2017-07-11 19:30:48', '2017-07-11 19:30:48', NULL),
(1489, 7, 165, NULL, 0, NULL, 0, 135000, 'Carton', NULL, NULL, NULL, 0, NULL, NULL, NULL, '2017-07-11 19:30:48', '2017-07-11 19:30:48', NULL),
(1490, 7, 166, NULL, 0, NULL, 0, 325000, 'Pack', NULL, NULL, NULL, 0, NULL, NULL, NULL, '2017-07-11 19:30:48', '2017-07-11 19:30:48', NULL),
(1491, 7, 167, NULL, 0, NULL, 0, 81000, 'Dus', NULL, NULL, NULL, 0, NULL, NULL, NULL, '2017-07-11 19:30:48', '2017-07-11 19:30:48', NULL),
(1492, 7, 168, NULL, 0, NULL, 0, 275000, 'Carton', NULL, NULL, NULL, 0, NULL, NULL, NULL, '2017-07-11 19:30:48', '2017-07-11 19:30:48', NULL),
(1493, 7, 169, NULL, 0, NULL, 0, 200000, 'Dus', NULL, NULL, NULL, 0, NULL, NULL, NULL, '2017-07-11 19:30:48', '2017-07-11 19:30:48', NULL),
(1494, 7, 170, NULL, 0, NULL, 0, 213000, 'Carton', NULL, NULL, NULL, 0, NULL, NULL, NULL, '2017-07-11 19:30:48', '2017-07-11 19:30:48', NULL),
(1495, 7, 171, NULL, 0, NULL, 0, 1550000, 'Dus', NULL, NULL, NULL, 0, NULL, NULL, NULL, '2017-07-11 19:30:48', '2017-07-11 19:30:48', NULL),
(1496, 7, 172, NULL, 0, NULL, 0, 120000, 'Pack', NULL, NULL, NULL, 0, NULL, NULL, NULL, '2017-07-11 19:30:49', '2017-07-11 19:30:49', NULL),
(1497, 7, 173, NULL, 0, NULL, 0, 335000, 'Toples', NULL, NULL, NULL, 0, NULL, NULL, NULL, '2017-07-11 19:30:49', '2017-07-11 19:30:49', NULL),
(1498, 7, 174, NULL, 0, NULL, 0, 253000, 'Toples', NULL, NULL, NULL, 0, NULL, NULL, NULL, '2017-07-11 19:30:49', '2017-07-11 19:30:49', NULL),
(1499, 7, 175, NULL, 0, NULL, 0, 17500, 'Pack', NULL, NULL, NULL, 0, NULL, NULL, NULL, '2017-07-11 19:30:49', '2017-07-11 19:30:49', NULL),
(1500, 7, 176, NULL, 0, NULL, 0, 78000, 'Kaleng ', NULL, NULL, NULL, 0, NULL, NULL, NULL, '2017-07-11 19:30:49', '2017-07-11 19:30:49', NULL),
(1501, 7, 177, NULL, 0, NULL, 0, 108000, 'Botol', NULL, NULL, NULL, 0, NULL, NULL, NULL, '2017-07-11 19:30:49', '2017-07-11 19:30:49', NULL),
(1502, 7, 178, NULL, 0, NULL, 0, 35000, 'Pack', NULL, NULL, NULL, 0, NULL, NULL, NULL, '2017-07-11 19:30:49', '2017-07-11 19:30:49', NULL),
(1503, 7, 179, NULL, 0, NULL, 0, 36000, 'Pack', NULL, NULL, NULL, 0, NULL, NULL, NULL, '2017-07-11 19:30:49', '2017-07-11 19:30:49', NULL),
(1504, 7, 180, NULL, 0, NULL, 0, 19500, 'Pack', NULL, NULL, NULL, 0, NULL, NULL, NULL, '2017-07-11 19:30:49', '2017-07-11 19:30:49', NULL),
(1505, 7, 181, NULL, 0, NULL, 0, 0, 'Carton', NULL, NULL, NULL, 0, NULL, NULL, NULL, '2017-07-11 19:30:50', '2017-07-11 19:30:50', NULL),
(1506, 7, 182, NULL, 0, NULL, 0, 1020000, 'Dus', NULL, NULL, NULL, 0, NULL, NULL, NULL, '2017-07-11 19:30:50', '2017-07-11 19:30:50', NULL),
(1507, 7, 183, NULL, 0, NULL, 0, 105000, 'Botol', NULL, NULL, NULL, 0, NULL, NULL, NULL, '2017-07-11 19:30:50', '2017-07-11 19:30:50', NULL),
(1508, 7, 184, NULL, 0, NULL, 0, 108000, 'Pack', NULL, NULL, NULL, 0, NULL, NULL, NULL, '2017-07-11 19:30:50', '2017-07-11 19:30:50', NULL),
(1509, 7, 185, NULL, 0, NULL, 0, 0, 'Pack', NULL, NULL, NULL, 0, NULL, NULL, NULL, '2017-07-11 19:30:50', '2017-07-11 19:30:50', NULL),
(1510, 7, 186, NULL, 0, NULL, 0, 138000, 'Pack', NULL, NULL, NULL, 0, NULL, NULL, NULL, '2017-07-11 19:30:50', '2017-07-11 19:30:50', NULL),
(1511, 7, 187, NULL, 0, NULL, 0, 78000, 'Pack', NULL, NULL, NULL, 0, NULL, NULL, NULL, '2017-07-11 19:30:50', '2017-07-11 19:30:50', NULL),
(1512, 7, 188, NULL, 0, NULL, 0, 0, 'Toples', NULL, NULL, NULL, 0, NULL, NULL, NULL, '2017-07-11 19:30:50', '2017-07-11 19:30:50', NULL),
(1513, 7, 189, NULL, 0, NULL, 0, 253000, 'Botol', NULL, NULL, NULL, 0, NULL, NULL, NULL, '2017-07-11 19:30:50', '2017-07-11 19:30:50', NULL),
(1514, 7, 190, NULL, 0, NULL, 0, 45000, 'Pack', NULL, NULL, NULL, 0, NULL, NULL, NULL, '2017-07-11 19:30:50', '2017-07-11 19:30:50', NULL),
(1515, 7, 191, NULL, 0, NULL, 0, 14000, 'Botol', NULL, NULL, NULL, 0, NULL, NULL, NULL, '2017-07-11 19:30:50', '2017-07-11 19:30:50', NULL),
(1516, 7, 192, NULL, 0, NULL, 0, 12000, 'Botol', NULL, NULL, NULL, 0, NULL, NULL, NULL, '2017-07-11 19:30:50', '2017-07-11 19:30:50', NULL),
(1517, 7, 193, NULL, 0, NULL, 0, 15500, 'Botol', NULL, NULL, NULL, 0, NULL, NULL, NULL, '2017-07-11 19:30:50', '2017-07-11 19:30:50', NULL),
(1518, 7, 194, NULL, 0, NULL, 0, 13000, 'Botol', NULL, NULL, NULL, 0, NULL, NULL, NULL, '2017-07-11 19:30:50', '2017-07-11 19:30:50', NULL),
(1519, 7, 195, NULL, 0, NULL, 0, 18000, 'Botol', NULL, NULL, NULL, 0, NULL, NULL, NULL, '2017-07-11 19:30:50', '2017-07-11 19:30:50', NULL),
(1520, 7, 196, NULL, 0, NULL, 0, 33000, 'Pack', NULL, NULL, NULL, 0, NULL, NULL, NULL, '2017-07-11 19:30:50', '2017-07-11 19:30:50', NULL),
(1521, 7, 197, NULL, 0, NULL, 0, 18000, 'Kg', NULL, NULL, NULL, 0, NULL, NULL, NULL, '2017-07-11 19:30:51', '2017-07-11 19:30:51', NULL),
(1522, 7, 198, NULL, 0, NULL, 0, 60000, 'Pack', NULL, NULL, NULL, 0, NULL, NULL, NULL, '2017-07-11 19:30:51', '2017-07-11 19:30:51', NULL),
(1523, 7, 199, NULL, 0, NULL, 0, 120000, 'Pack', NULL, NULL, NULL, 0, NULL, NULL, NULL, '2017-07-11 19:30:51', '2017-07-11 19:30:51', NULL),
(1524, 7, 200, NULL, 0, NULL, 0, 16000, 'Kg', NULL, NULL, NULL, 0, NULL, NULL, NULL, '2017-07-11 19:30:51', '2017-07-11 19:30:51', NULL),
(1525, 7, 201, NULL, 0, NULL, 0, 193000, 'Toples', NULL, NULL, NULL, 0, NULL, NULL, NULL, '2017-07-11 19:30:51', '2017-07-11 19:30:51', NULL),
(1526, 7, 202, NULL, 0, NULL, 0, 150000, 'Pack', NULL, NULL, NULL, 0, NULL, NULL, NULL, '2017-07-11 19:30:51', '2017-07-11 19:30:51', NULL),
(1527, 7, 203, NULL, 0, NULL, 0, 130000, 'Pack', NULL, NULL, NULL, 0, NULL, NULL, NULL, '2017-07-11 19:30:51', '2017-07-11 19:30:51', NULL),
(1528, 7, 204, NULL, 0, NULL, 0, 85000, 'Botol', NULL, NULL, NULL, 0, NULL, NULL, NULL, '2017-07-11 19:30:51', '2017-07-11 19:30:51', NULL),
(1529, 7, 205, NULL, 0, NULL, 0, 127050, 'Pail', NULL, NULL, NULL, 0, NULL, NULL, NULL, '2017-07-11 19:30:51', '2017-07-11 19:30:51', NULL),
(1530, 7, 206, NULL, 0, NULL, 0, 127050, 'Pail', NULL, NULL, NULL, 0, NULL, NULL, NULL, '2017-07-11 19:30:51', '2017-07-11 19:30:51', NULL),
(1531, 7, 207, NULL, 0, NULL, 0, 146410, 'Pail', NULL, NULL, NULL, 0, NULL, NULL, NULL, '2017-07-11 19:30:52', '2017-07-11 19:30:52', NULL),
(1532, 7, 208, NULL, 0, NULL, 0, 330000, 'Pail', NULL, NULL, NULL, 0, NULL, NULL, NULL, '2017-07-11 19:30:52', '2017-07-11 19:30:52', NULL),
(1533, 7, 209, NULL, 0, NULL, 0, 330000, 'Pail', NULL, NULL, NULL, 0, NULL, NULL, NULL, '2017-07-11 19:30:52', '2017-07-11 19:30:52', NULL),
(1534, 7, 210, NULL, 0, NULL, 0, 0, 'Pack', NULL, NULL, NULL, 0, NULL, NULL, NULL, '2017-07-11 19:30:52', '2017-07-11 19:30:52', NULL),
(1535, 7, 211, NULL, 0, NULL, 0, 330000, 'Box', NULL, NULL, NULL, 0, NULL, NULL, NULL, '2017-07-11 19:30:52', '2017-07-11 19:30:52', NULL),
(1536, 7, 212, NULL, 0, NULL, 0, 330000, 'Box', NULL, NULL, NULL, 0, NULL, NULL, NULL, '2017-07-11 19:30:52', '2017-07-11 19:30:52', NULL),
(1537, 7, 213, NULL, 0, NULL, 0, 200000, 'Box', NULL, NULL, NULL, 0, NULL, NULL, NULL, '2017-07-11 19:30:52', '2017-07-11 19:30:52', NULL),
(1538, 7, 214, NULL, 0, NULL, 0, 120000, 'Box', NULL, NULL, NULL, 0, NULL, NULL, NULL, '2017-07-11 19:30:52', '2017-07-11 19:30:52', NULL),
(1539, 7, 215, NULL, 0, NULL, 0, 125000, 'Carton', NULL, NULL, NULL, 0, NULL, NULL, NULL, '2017-07-11 19:30:52', '2017-07-11 19:30:52', NULL),
(1540, 7, 216, NULL, 0, NULL, 0, 92500, 'Pack', NULL, NULL, NULL, 0, NULL, NULL, NULL, '2017-07-11 19:30:52', '2017-07-11 19:30:52', NULL),
(1541, 7, 217, NULL, 0, NULL, 0, 13000, 'Pack', NULL, NULL, NULL, 0, NULL, NULL, NULL, '2017-07-11 19:30:52', '2017-07-11 19:30:52', NULL),
(1542, 7, 218, NULL, 0, NULL, 0, 138000, 'Kg', NULL, NULL, NULL, 0, NULL, NULL, NULL, '2017-07-11 19:30:52', '2017-07-11 19:30:52', NULL),
(1543, 7, 219, NULL, 0, NULL, 0, 245000, 'Kg', NULL, NULL, NULL, 0, NULL, NULL, NULL, '2017-07-11 19:30:52', '2017-07-11 19:30:52', NULL),
(1544, 7, 220, NULL, 0, NULL, 0, 50000, 'Kg', NULL, NULL, NULL, 0, NULL, NULL, NULL, '2017-07-11 19:30:52', '2017-07-11 19:30:52', NULL),
(1545, 7, 221, NULL, 0, NULL, 0, 215000, 'Pack', NULL, NULL, NULL, 0, NULL, NULL, NULL, '2017-07-11 19:30:53', '2017-07-11 19:30:53', NULL),
(1546, 7, 222, NULL, 0, NULL, 0, 140000, 'pack', NULL, NULL, NULL, 0, NULL, NULL, NULL, '2017-07-11 19:30:53', '2017-07-11 19:30:53', NULL),
(1547, 7, 223, NULL, 0, NULL, 0, 68000, 'Pack', NULL, NULL, NULL, 0, NULL, NULL, NULL, '2017-07-11 19:30:53', '2017-07-11 19:30:53', NULL),
(1548, 7, 224, NULL, 0, NULL, 0, 30000, 'Pack ', NULL, NULL, NULL, 0, NULL, NULL, NULL, '2017-07-11 19:30:53', '2017-07-11 19:30:53', NULL),
(1549, 7, 225, NULL, 0, NULL, 0, 0, 'Carton', NULL, NULL, NULL, 0, NULL, NULL, NULL, '2017-07-11 19:30:53', '2017-07-11 19:30:53', NULL),
(1550, 7, 226, NULL, 0, NULL, 0, 50000, 'Kg', NULL, NULL, NULL, 0, NULL, NULL, NULL, '2017-07-11 19:30:53', '2017-07-11 19:30:53', NULL),
(1551, 7, 227, NULL, 0, NULL, 0, 80000, 'Drigen', NULL, NULL, NULL, 0, NULL, NULL, NULL, '2017-07-11 19:30:53', '2017-07-11 19:30:53', NULL),
(1552, 7, 228, NULL, 0, NULL, 0, 120000, 'Drigen', NULL, NULL, NULL, 0, NULL, NULL, NULL, '2017-07-11 19:30:53', '2017-07-11 19:30:53', NULL),
(1553, 7, 229, NULL, 0, NULL, 0, 230000, 'Drigen', NULL, NULL, NULL, 0, NULL, NULL, NULL, '2017-07-11 19:30:53', '2017-07-11 19:30:53', NULL),
(1554, 7, 230, NULL, 0, NULL, 0, 22000, 'Kg', NULL, NULL, NULL, 0, NULL, NULL, NULL, '2017-07-11 19:30:53', '2017-07-11 19:30:53', NULL),
(1555, 7, 231, NULL, 0, NULL, 0, 132000, 'Drigen', NULL, NULL, NULL, 0, NULL, NULL, NULL, '2017-07-11 19:30:53', '2017-07-11 19:30:53', NULL),
(1556, 7, 232, NULL, 0, NULL, 0, 0, 'Botol', NULL, NULL, NULL, 0, NULL, NULL, NULL, '2017-07-11 19:30:53', '2017-07-11 19:30:53', NULL),
(1557, 7, 233, NULL, 0, NULL, 0, 145000, 'Drigen', NULL, NULL, NULL, 0, NULL, NULL, NULL, '2017-07-11 19:30:53', '2017-07-11 19:30:53', NULL),
(1558, 7, 234, NULL, 0, NULL, 0, 135000, 'Drigen', NULL, NULL, NULL, 0, NULL, NULL, NULL, '2017-07-11 19:30:53', '2017-07-11 19:30:53', NULL),
(1559, 7, 235, NULL, 0, NULL, 0, 45000, 'Drigen', NULL, NULL, NULL, 0, NULL, NULL, NULL, '2017-07-11 19:30:54', '2017-07-11 19:30:54', NULL),
(1560, 7, 236, NULL, 0, NULL, 0, 78000, 'Pack', NULL, NULL, NULL, 0, NULL, NULL, NULL, '2017-07-11 19:30:54', '2017-07-11 19:30:54', NULL),
(1561, 7, 237, NULL, 0, NULL, 0, 147500, 'Drigen', NULL, NULL, NULL, 0, NULL, NULL, NULL, '2017-07-11 19:30:54', '2017-07-11 19:30:54', NULL),
(1562, 7, 238, NULL, 0, NULL, 0, 120000, 'Drigen', NULL, NULL, NULL, 0, NULL, NULL, NULL, '2017-07-11 19:30:54', '2017-07-11 19:30:54', NULL),
(1563, 7, 239, NULL, 0, NULL, 0, 125000, 'Drigen', NULL, NULL, NULL, 0, NULL, NULL, NULL, '2017-07-11 19:30:54', '2017-07-11 19:30:54', NULL),
(1564, 7, 240, NULL, 0, NULL, 0, 125000, 'Drigen', NULL, NULL, NULL, 0, NULL, NULL, NULL, '2017-07-11 19:30:54', '2017-07-11 19:30:54', NULL),
(1565, 7, 241, NULL, 0, NULL, 0, 125000, 'Drigen', NULL, NULL, NULL, 0, NULL, NULL, NULL, '2017-07-11 19:30:54', '2017-07-11 19:30:54', NULL),
(1566, 7, 242, NULL, 0, NULL, 0, 0, 'Meter2', NULL, NULL, NULL, 0, NULL, NULL, NULL, '2017-07-11 19:30:54', '2017-07-11 19:30:54', NULL),
(1567, 7, 243, NULL, 0, NULL, 0, 0, 'Meter2', NULL, NULL, NULL, 0, NULL, NULL, NULL, '2017-07-11 19:30:54', '2017-07-11 19:30:54', NULL),
(1568, 7, 244, NULL, 0, NULL, 0, 0, 'Meter2', NULL, NULL, NULL, 0, NULL, NULL, NULL, '2017-07-11 19:30:54', '2017-07-11 19:30:54', NULL),
(1569, 7, 245, NULL, 0, NULL, 0, 0, 'Meter2', NULL, NULL, NULL, 0, NULL, NULL, NULL, '2017-07-11 19:30:55', '2017-07-11 19:30:55', NULL),
(1570, 8, 2, NULL, 1, NULL, 0, 395000, 'Pcs', NULL, NULL, NULL, 395000, NULL, NULL, NULL, '2017-07-11 19:31:34', '2017-07-11 19:31:34', NULL),
(1571, 8, 3, NULL, 2, NULL, 0, 15000, 'Pcs', NULL, NULL, NULL, 30000, NULL, NULL, NULL, '2017-07-11 19:31:34', '2017-07-11 19:31:34', NULL),
(1572, 8, 4, NULL, 3, NULL, 0, 55000, 'Pack', NULL, NULL, NULL, 165000, NULL, NULL, NULL, '2017-07-11 19:31:35', '2017-07-11 19:31:35', NULL),
(1573, 8, 5, NULL, 4, NULL, 0, 35000, 'Pcs', NULL, NULL, NULL, 140000, NULL, NULL, NULL, '2017-07-11 19:31:35', '2017-07-11 19:31:35', NULL),
(1574, 8, 6, NULL, 5, NULL, 0, 60000, 'Pcs', NULL, NULL, NULL, 300000, NULL, NULL, NULL, '2017-07-11 19:31:35', '2017-07-11 19:31:35', NULL),
(1575, 8, 7, NULL, 6, NULL, 0, 11000, 'Pcs', NULL, NULL, NULL, 66000, NULL, NULL, NULL, '2017-07-11 19:31:35', '2017-07-11 19:31:35', NULL),
(1576, 8, 8, NULL, 7, NULL, 0, 15000, 'Pcs', NULL, NULL, NULL, 105000, NULL, NULL, NULL, '2017-07-11 19:31:35', '2017-07-11 19:31:35', NULL),
(1577, 8, 9, NULL, 8, NULL, 0, 1150000, 'Carton', NULL, NULL, NULL, 9200000, NULL, NULL, NULL, '2017-07-11 19:31:35', '2017-07-11 19:31:35', NULL),
(1578, 8, 11, NULL, 10, NULL, 0, 1250000, 'Carton', NULL, NULL, NULL, 12500000, NULL, NULL, NULL, '2017-07-11 19:31:35', '2017-07-11 19:31:35', NULL),
(1579, 8, 13, NULL, 12, NULL, 0, 60000, 'Lusin', NULL, NULL, NULL, 720000, NULL, NULL, NULL, '2017-07-11 19:31:35', '2017-07-11 19:31:35', NULL),
(1580, 8, 14, NULL, 13, NULL, 0, 425000, 'Carton', NULL, NULL, NULL, 5525000, NULL, NULL, NULL, '2017-07-11 19:31:35', '2017-07-11 19:31:35', NULL),
(1581, 8, 15, NULL, 14, NULL, 0, 395000, 'Dus', NULL, NULL, NULL, 5530000, NULL, NULL, NULL, '2017-07-11 19:31:35', '2017-07-11 19:31:35', NULL),
(1582, 8, 16, NULL, 15, NULL, 0, 270000, 'Pack', NULL, NULL, NULL, 4050000, NULL, NULL, NULL, '2017-07-11 19:31:35', '2017-07-11 19:31:35', NULL),
(1583, 8, 17, NULL, 17, NULL, 0, 120000, 'Pcs', NULL, NULL, NULL, 2040000, NULL, NULL, NULL, '2017-07-11 19:31:35', '2017-07-11 19:31:35', NULL),
(1584, 8, 18, NULL, 18, NULL, 0, 100000, 'Pack', NULL, NULL, NULL, 1800000, NULL, NULL, NULL, '2017-07-11 19:31:36', '2017-07-11 19:31:36', NULL),
(1585, 8, 19, NULL, 19, NULL, 0, 2200000, 'Carton', NULL, NULL, NULL, 41800000, NULL, NULL, NULL, '2017-07-11 19:31:36', '2017-07-11 19:31:36', NULL),
(1586, 8, 20, NULL, 20, NULL, 0, 20000, 'Pcs', NULL, NULL, NULL, 400000, NULL, NULL, NULL, '2017-07-11 19:31:36', '2017-07-11 19:31:36', NULL),
(1587, 8, 21, NULL, 21, NULL, 0, 175000, 'Pcs', NULL, NULL, NULL, 3675000, NULL, NULL, NULL, '2017-07-11 19:31:36', '2017-07-11 19:31:36', NULL),
(1588, 8, 22, NULL, 22, NULL, 0, 1100000, 'Pcs', NULL, NULL, NULL, 24200000, NULL, NULL, NULL, '2017-07-11 19:31:36', '2017-07-11 19:31:36', NULL),
(1589, 8, 23, NULL, 23, NULL, 0, 70000, 'Pcs', NULL, NULL, NULL, 1610000, NULL, NULL, NULL, '2017-07-11 19:31:36', '2017-07-11 19:31:36', NULL),
(1590, 8, 24, NULL, 24, NULL, 0, 75000, 'Pcs', NULL, NULL, NULL, 1800000, NULL, NULL, NULL, '2017-07-11 19:31:36', '2017-07-11 19:31:36', NULL),
(1591, 8, 25, NULL, 25, NULL, 0, 250000, 'Carton', NULL, NULL, NULL, 6250000, NULL, NULL, NULL, '2017-07-11 19:31:36', '2017-07-11 19:31:36', NULL),
(1592, 8, 26, NULL, 26, NULL, 0, 250000, 'Carton', NULL, NULL, NULL, 6500000, NULL, NULL, NULL, '2017-07-11 19:31:36', '2017-07-11 19:31:36', NULL),
(1593, 8, 28, NULL, 28, NULL, 0, 300000, 'Roll', NULL, NULL, NULL, 8400000, NULL, NULL, NULL, '2017-07-11 19:31:37', '2017-07-11 19:31:37', NULL),
(1594, 8, 29, NULL, 29, NULL, 0, 70000, 'Lusin', NULL, NULL, NULL, 2030000, NULL, NULL, NULL, '2017-07-11 19:31:37', '2017-07-11 19:31:37', NULL),
(1595, 8, 30, NULL, 30, NULL, 0, 1600000, 'Pcs', NULL, NULL, NULL, 48000000, NULL, NULL, NULL, '2017-07-11 19:31:37', '2017-07-11 19:31:37', NULL),
(1596, 8, 31, NULL, 31, NULL, 0, 1100000, 'Pcs', NULL, NULL, NULL, 34100000, NULL, NULL, NULL, '2017-07-11 19:31:37', '2017-07-11 19:31:37', NULL),
(1597, 8, 32, NULL, 32, NULL, 0, 9000, 'Pcs', NULL, NULL, NULL, 288000, NULL, NULL, NULL, '2017-07-11 19:31:37', '2017-07-11 19:31:37', NULL),
(1598, 8, 33, NULL, 33, NULL, 0, 710000, 'Carton', NULL, NULL, NULL, 23430000, NULL, NULL, NULL, '2017-07-11 19:31:37', '2017-07-11 19:31:37', NULL),
(1599, 8, 34, NULL, 34, NULL, 0, 60000, 'Pcs', NULL, NULL, NULL, 2040000, NULL, NULL, NULL, '2017-07-11 19:31:37', '2017-07-11 19:31:37', NULL),
(1600, 8, 35, NULL, 36, NULL, 0, 53000, 'Pcs', NULL, NULL, NULL, 1908000, NULL, NULL, NULL, '2017-07-11 19:31:37', '2017-07-11 19:31:37', NULL),
(1601, 8, 36, NULL, 37, NULL, 0, 53000, 'Pcs', NULL, NULL, NULL, 1961000, NULL, NULL, NULL, '2017-07-11 19:31:37', '2017-07-11 19:31:37', NULL),
(1602, 8, 37, NULL, 38, NULL, 0, 20000, 'Pcs', NULL, NULL, NULL, 760000, NULL, NULL, NULL, '2017-07-11 19:31:37', '2017-07-11 19:31:37', NULL),
(1603, 8, 39, NULL, 40, NULL, 0, 16000, 'Pack', NULL, NULL, NULL, 640000, NULL, NULL, NULL, '2017-07-11 19:31:37', '2017-07-11 19:31:37', NULL),
(1604, 8, 40, NULL, 41, NULL, 0, 16000, 'Pack', NULL, NULL, NULL, 656000, NULL, NULL, NULL, '2017-07-11 19:31:38', '2017-07-11 19:31:38', NULL),
(1605, 8, 41, NULL, 42, NULL, 0, 23500, 'Pack', NULL, NULL, NULL, 987000, NULL, NULL, NULL, '2017-07-11 19:31:38', '2017-07-11 19:31:38', NULL),
(1606, 8, 42, NULL, 43, NULL, 0, 13000, 'Pack', NULL, NULL, NULL, 559000, NULL, NULL, NULL, '2017-07-11 19:31:38', '2017-07-11 19:31:38', NULL),
(1607, 8, 43, NULL, 44, NULL, 0, 13000, 'Pack', NULL, NULL, NULL, 572000, NULL, NULL, NULL, '2017-07-11 19:31:38', '2017-07-11 19:31:38', NULL),
(1608, 8, 44, NULL, 45, NULL, 0, 145000, 'Roll', NULL, NULL, NULL, 6525000, NULL, NULL, NULL, '2017-07-11 19:31:38', '2017-07-11 19:31:38', NULL),
(1609, 8, 45, NULL, 46, NULL, 0, 100000, 'Pack', NULL, NULL, NULL, 4600000, NULL, NULL, NULL, '2017-07-11 19:31:38', '2017-07-11 19:31:38', NULL),
(1610, 8, 46, NULL, 47, NULL, 0, 200000, 'Pcs', NULL, NULL, NULL, 9400000, NULL, NULL, NULL, '2017-07-11 19:31:38', '2017-07-11 19:31:38', NULL),
(1611, 8, 47, NULL, 48, NULL, 0, 70000, 'Carton', NULL, NULL, NULL, 3360000, NULL, NULL, NULL, '2017-07-11 19:31:38', '2017-07-11 19:31:38', NULL),
(1612, 8, 48, NULL, 49, NULL, 0, 21500, 'Pack', NULL, NULL, NULL, 1053500, NULL, NULL, NULL, '2017-07-11 19:31:38', '2017-07-11 19:31:38', NULL),
(1613, 8, 49, NULL, 50, NULL, 0, 60000, 'Lusin', NULL, NULL, NULL, 3000000, NULL, NULL, NULL, '2017-07-11 19:31:38', '2017-07-11 19:31:38', NULL),
(1614, 8, 50, NULL, 51, NULL, 0, 400000, 'Carton', NULL, NULL, NULL, 20400000, NULL, NULL, NULL, '2017-07-11 19:31:38', '2017-07-11 19:31:38', NULL),
(1615, 8, 51, NULL, 52, NULL, 0, 70000, 'Set', NULL, NULL, NULL, 3640000, NULL, NULL, NULL, '2017-07-11 19:31:38', '2017-07-11 19:31:38', NULL),
(1616, 8, 52, NULL, 53, NULL, 0, 430000, 'Carton', NULL, NULL, NULL, 22790000, NULL, NULL, NULL, '2017-07-11 19:31:38', '2017-07-11 19:31:38', NULL),
(1617, 8, 53, NULL, 54, NULL, 0, 85000, 'Pcs', NULL, NULL, NULL, 4590000, NULL, NULL, NULL, '2017-07-11 19:31:39', '2017-07-11 19:31:39', NULL),
(1618, 8, 54, NULL, 55, NULL, 0, 20000, 'Pack', NULL, NULL, NULL, 1100000, NULL, NULL, NULL, '2017-07-11 19:31:39', '2017-07-11 19:31:39', NULL),
(1619, 8, 55, NULL, 56, NULL, 0, 18000, 'Pack', NULL, NULL, NULL, 1008000, NULL, NULL, NULL, '2017-07-11 19:31:39', '2017-07-11 19:31:39', NULL),
(1620, 8, 56, NULL, 57, NULL, 0, 448000, 'Pcs', NULL, NULL, NULL, 25536000, NULL, NULL, NULL, '2017-07-11 19:31:39', '2017-07-11 19:31:39', NULL),
(1621, 8, 57, NULL, 58, NULL, 0, 476000, 'Pcs', NULL, NULL, NULL, 27608000, NULL, NULL, NULL, '2017-07-11 19:31:39', '2017-07-11 19:31:39', NULL),
(1622, 8, 58, NULL, 59, NULL, 0, 566000, 'Pcs', NULL, NULL, NULL, 33394000, NULL, NULL, NULL, '2017-07-11 19:31:39', '2017-07-11 19:31:39', NULL),
(1623, 8, 59, NULL, 60, NULL, 0, 70000, 'Pcs', NULL, NULL, NULL, 4200000, NULL, NULL, NULL, '2017-07-11 19:31:39', '2017-07-11 19:31:39', NULL),
(1624, 8, 60, NULL, 61, NULL, 0, 70000, 'Pcs', NULL, NULL, NULL, 4270000, NULL, NULL, NULL, '2017-07-11 19:31:39', '2017-07-11 19:31:39', NULL),
(1625, 8, 61, NULL, 62, NULL, 0, 70000, 'Pcs', NULL, NULL, NULL, 4340000, NULL, NULL, NULL, '2017-07-11 19:31:39', '2017-07-11 19:31:39', NULL),
(1626, 8, 62, NULL, 63, NULL, 0, 160000, 'Pack', NULL, NULL, NULL, 10080000, NULL, NULL, NULL, '2017-07-11 19:31:39', '2017-07-11 19:31:39', NULL),
(1627, 8, 63, NULL, 64, NULL, 0, 70000, 'Pcs', NULL, NULL, NULL, 4480000, NULL, NULL, NULL, '2017-07-11 19:31:39', '2017-07-11 19:31:39', NULL),
(1628, 8, 64, NULL, 65, NULL, 0, 21000, 'Lusin', NULL, NULL, NULL, 1365000, NULL, NULL, NULL, '2017-07-11 19:31:39', '2017-07-11 19:31:39', NULL),
(1629, 8, 65, NULL, 66, NULL, 0, 8000, 'Lusin', NULL, NULL, NULL, 528000, NULL, NULL, NULL, '2017-07-11 19:31:39', '2017-07-11 19:31:39', NULL),
(1630, 8, 66, NULL, 67, NULL, 0, 20000, 'Pack', NULL, NULL, NULL, 1340000, NULL, NULL, NULL, '2017-07-11 19:31:40', '2017-07-11 19:31:40', NULL),
(1631, 8, 67, NULL, 68, NULL, 0, 13000, 'Pack', NULL, NULL, NULL, 884000, NULL, NULL, NULL, '2017-07-11 19:31:40', '2017-07-11 19:31:40', NULL),
(1632, 8, 68, NULL, 69, NULL, 0, 20000, 'Pcs', NULL, NULL, NULL, 1380000, NULL, NULL, NULL, '2017-07-11 19:31:40', '2017-07-11 19:31:40', NULL),
(1633, 8, 10, NULL, 0, NULL, 0, 600000, 'Carton', NULL, NULL, NULL, 0, NULL, NULL, NULL, '2017-07-11 19:31:40', '2017-07-11 19:31:40', NULL),
(1634, 8, 12, NULL, 0, NULL, 0, 0, 'Carton', NULL, NULL, NULL, 0, NULL, NULL, NULL, '2017-07-11 19:31:40', '2017-07-11 19:31:40', NULL),
(1635, 8, 27, NULL, 0, NULL, 0, 0, 'Carton', NULL, NULL, NULL, 0, NULL, NULL, NULL, '2017-07-11 19:31:40', '2017-07-11 19:31:40', NULL),
(1636, 8, 38, NULL, 0, NULL, 0, 0, 'Pack', NULL, NULL, NULL, 0, NULL, NULL, NULL, '2017-07-11 19:31:40', '2017-07-11 19:31:40', NULL),
(1637, 8, 69, NULL, 0, NULL, 0, 175000, 'Pcs', NULL, NULL, NULL, 0, NULL, NULL, NULL, '2017-07-11 19:31:40', '2017-07-11 19:31:40', NULL),
(1638, 8, 70, NULL, 0, NULL, 0, 150000, 'Pcs', NULL, NULL, NULL, 0, NULL, NULL, NULL, '2017-07-11 19:31:41', '2017-07-11 19:31:41', NULL),
(1639, 8, 71, NULL, 0, NULL, 0, 25000, 'Pcs', NULL, NULL, NULL, 0, NULL, NULL, NULL, '2017-07-11 19:31:41', '2017-07-11 19:31:41', NULL),
(1640, 8, 72, NULL, 0, NULL, 0, 680000, 'Pcs', NULL, NULL, NULL, 0, NULL, NULL, NULL, '2017-07-11 19:31:41', '2017-07-11 19:31:41', NULL),
(1641, 8, 73, NULL, 0, NULL, 0, 720000, 'Pcs', NULL, NULL, NULL, 0, NULL, NULL, NULL, '2017-07-11 19:31:41', '2017-07-11 19:31:41', NULL),
(1642, 8, 74, NULL, 0, NULL, 0, 130000, 'Pcs', NULL, NULL, NULL, 0, NULL, NULL, NULL, '2017-07-11 19:31:41', '2017-07-11 19:31:41', NULL),
(1643, 8, 75, NULL, 0, NULL, 0, 120000, 'Pcs', NULL, NULL, NULL, 0, NULL, NULL, NULL, '2017-07-11 19:31:41', '2017-07-11 19:31:41', NULL),
(1644, 8, 76, NULL, 0, NULL, 0, 120000, 'Pcs', NULL, NULL, NULL, 0, NULL, NULL, NULL, '2017-07-11 19:31:41', '2017-07-11 19:31:41', NULL),
(1645, 8, 77, NULL, 0, NULL, 0, 120000, 'Pcs', NULL, NULL, NULL, 0, NULL, NULL, NULL, '2017-07-11 19:31:41', '2017-07-11 19:31:41', NULL),
(1646, 8, 78, NULL, 0, NULL, 0, 120000, 'Pcs', NULL, NULL, NULL, 0, NULL, NULL, NULL, '2017-07-11 19:31:41', '2017-07-11 19:31:41', NULL),
(1647, 8, 79, NULL, 0, NULL, 0, 120000, 'Pcs', NULL, NULL, NULL, 0, NULL, NULL, NULL, '2017-07-11 19:31:41', '2017-07-11 19:31:41', NULL),
(1648, 8, 80, NULL, 0, NULL, 0, 120000, 'Pcs', NULL, NULL, NULL, 0, NULL, NULL, NULL, '2017-07-11 19:31:41', '2017-07-11 19:31:41', NULL),
(1649, 8, 81, NULL, 0, NULL, 0, 83000, 'Pcs', NULL, NULL, NULL, 0, NULL, NULL, NULL, '2017-07-11 19:31:42', '2017-07-11 19:31:42', NULL),
(1650, 8, 82, NULL, 0, NULL, 0, 85000, 'Pcs', NULL, NULL, NULL, 0, NULL, NULL, NULL, '2017-07-11 19:31:42', '2017-07-11 19:31:42', NULL),
(1651, 8, 83, NULL, 0, NULL, 0, 17500, 'Pcs', NULL, NULL, NULL, 0, NULL, NULL, NULL, '2017-07-11 19:31:42', '2017-07-11 19:31:42', NULL),
(1652, 8, 84, NULL, 0, NULL, 0, 185000, 'Pcs', NULL, NULL, NULL, 0, NULL, NULL, NULL, '2017-07-11 19:31:42', '2017-07-11 19:31:42', NULL),
(1653, 8, 85, NULL, 0, NULL, 0, 23000, 'Lusin', NULL, NULL, NULL, 0, NULL, NULL, NULL, '2017-07-11 19:31:42', '2017-07-11 19:31:42', NULL),
(1654, 8, 86, NULL, 0, NULL, 0, 25000, 'Lusin', NULL, NULL, NULL, 0, NULL, NULL, NULL, '2017-07-11 19:31:42', '2017-07-11 19:31:42', NULL),
(1655, 8, 87, NULL, 0, NULL, 0, 100000, 'Pcs', NULL, NULL, NULL, 0, NULL, NULL, NULL, '2017-07-11 19:31:42', '2017-07-11 19:31:42', NULL),
(1656, 8, 88, NULL, 0, NULL, 0, 45000, 'Pcs', NULL, NULL, NULL, 0, NULL, NULL, NULL, '2017-07-11 19:31:42', '2017-07-11 19:31:42', NULL),
(1657, 8, 89, NULL, 0, NULL, 0, 45000, 'Pcs', NULL, NULL, NULL, 0, NULL, NULL, NULL, '2017-07-11 19:31:42', '2017-07-11 19:31:42', NULL),
(1658, 8, 90, NULL, 0, NULL, 0, 45000, 'Pcs', NULL, NULL, NULL, 0, NULL, NULL, NULL, '2017-07-11 19:31:42', '2017-07-11 19:31:42', NULL),
(1659, 8, 91, NULL, 0, NULL, 0, 45000, 'Pcs', NULL, NULL, NULL, 0, NULL, NULL, NULL, '2017-07-11 19:31:43', '2017-07-11 19:31:43', NULL),
(1660, 8, 92, NULL, 0, NULL, 0, 45000, 'Pcs', NULL, NULL, NULL, 0, NULL, NULL, NULL, '2017-07-11 19:31:43', '2017-07-11 19:31:43', NULL),
(1661, 8, 93, NULL, 0, NULL, 0, 45000, 'Pcs', NULL, NULL, NULL, 0, NULL, NULL, NULL, '2017-07-11 19:31:43', '2017-07-11 19:31:43', NULL),
(1662, 8, 94, NULL, 0, NULL, 0, 200000, 'Pcs', NULL, NULL, NULL, 0, NULL, NULL, NULL, '2017-07-11 19:31:43', '2017-07-11 19:31:43', NULL),
(1663, 8, 96, NULL, 0, NULL, 0, 100000, 'Pcs', NULL, NULL, NULL, 0, NULL, NULL, NULL, '2017-07-11 19:31:43', '2017-07-11 19:31:43', NULL),
(1664, 8, 97, NULL, 0, NULL, 0, 100000, 'Pcs', NULL, NULL, NULL, 0, NULL, NULL, NULL, '2017-07-11 19:31:43', '2017-07-11 19:31:43', NULL),
(1665, 8, 98, NULL, 0, NULL, 0, 100000, 'Pcs', NULL, NULL, NULL, 0, NULL, NULL, NULL, '2017-07-11 19:31:43', '2017-07-11 19:31:43', NULL),
(1666, 8, 99, NULL, 0, NULL, 0, 95000, 'Pcs', NULL, NULL, NULL, 0, NULL, NULL, NULL, '2017-07-11 19:31:44', '2017-07-11 19:31:44', NULL),
(1667, 8, 100, NULL, 0, NULL, 0, 95000, 'Pcs', NULL, NULL, NULL, 0, NULL, NULL, NULL, '2017-07-11 19:31:44', '2017-07-11 19:31:44', NULL),
(1668, 8, 101, NULL, 0, NULL, 0, 95000, 'Pcs', NULL, NULL, NULL, 0, NULL, NULL, NULL, '2017-07-11 19:31:44', '2017-07-11 19:31:44', NULL),
(1669, 8, 102, NULL, 0, NULL, 0, 95000, 'Pcs', NULL, NULL, NULL, 0, NULL, NULL, NULL, '2017-07-11 19:31:44', '2017-07-11 19:31:44', NULL),
(1670, 8, 103, NULL, 0, NULL, 0, 95000, 'Pcs', NULL, NULL, NULL, 0, NULL, NULL, NULL, '2017-07-11 19:31:44', '2017-07-11 19:31:44', NULL),
(1671, 8, 104, NULL, 0, NULL, 0, 95000, 'Pcs', NULL, NULL, NULL, 0, NULL, NULL, NULL, '2017-07-11 19:31:44', '2017-07-11 19:31:44', NULL),
(1672, 8, 105, NULL, 0, NULL, 0, 0, 'Pcs', NULL, NULL, NULL, 0, NULL, NULL, NULL, '2017-07-11 19:31:44', '2017-07-11 19:31:44', NULL),
(1673, 8, 106, NULL, 0, NULL, 0, 75000, 'Pcs', NULL, NULL, NULL, 0, NULL, NULL, NULL, '2017-07-11 19:31:44', '2017-07-11 19:31:44', NULL),
(1674, 8, 107, NULL, 0, NULL, 0, 58000, 'Pcs', NULL, NULL, NULL, 0, NULL, NULL, NULL, '2017-07-11 19:31:44', '2017-07-11 19:31:44', NULL),
(1675, 8, 108, NULL, 0, NULL, 0, 140000, 'Pcs', NULL, NULL, NULL, 0, NULL, NULL, NULL, '2017-07-11 19:31:45', '2017-07-11 19:31:45', NULL),
(1676, 8, 109, NULL, 0, NULL, 0, 17500, 'Pcs', NULL, NULL, NULL, 0, NULL, NULL, NULL, '2017-07-11 19:31:45', '2017-07-11 19:31:45', NULL),
(1677, 8, 110, NULL, 0, NULL, 0, 60000, 'Pcs', NULL, NULL, NULL, 0, NULL, NULL, NULL, '2017-07-11 19:31:45', '2017-07-11 19:31:45', NULL),
(1678, 8, 111, NULL, 0, NULL, 0, 15000, 'Pcs', NULL, NULL, NULL, 0, NULL, NULL, NULL, '2017-07-11 19:31:45', '2017-07-11 19:31:45', NULL),
(1679, 8, 112, NULL, 0, NULL, 0, 15000, 'Pcs', NULL, NULL, NULL, 0, NULL, NULL, NULL, '2017-07-11 19:31:45', '2017-07-11 19:31:45', NULL),
(1680, 8, 113, NULL, 0, NULL, 0, 15000, 'Pcs', NULL, NULL, NULL, 0, NULL, NULL, NULL, '2017-07-11 19:31:45', '2017-07-11 19:31:45', NULL),
(1681, 8, 114, NULL, 0, NULL, 0, 22000, 'Pcs', NULL, NULL, NULL, 0, NULL, NULL, NULL, '2017-07-11 19:31:45', '2017-07-11 19:31:45', NULL),
(1682, 8, 115, NULL, 0, NULL, 0, 17000, 'Pcs', NULL, NULL, NULL, 0, NULL, NULL, NULL, '2017-07-11 19:31:45', '2017-07-11 19:31:45', NULL),
(1683, 8, 116, NULL, 0, NULL, 0, 100000, 'Pcs', NULL, NULL, NULL, 0, NULL, NULL, NULL, '2017-07-11 19:31:46', '2017-07-11 19:31:46', NULL),
(1684, 8, 117, NULL, 0, NULL, 0, 1050000, 'Unit', NULL, NULL, NULL, 0, NULL, NULL, NULL, '2017-07-11 19:31:46', '2017-07-11 19:31:46', NULL),
(1685, 8, 309, NULL, 0, NULL, 0, 500000, 'Unit', NULL, NULL, NULL, 0, NULL, NULL, NULL, '2017-07-11 19:31:46', '2017-07-11 19:31:46', NULL),
(1686, 8, 310, NULL, 0, NULL, 0, 1750000, 'Pcs', NULL, NULL, NULL, 0, NULL, NULL, NULL, '2017-07-11 19:31:46', '2017-07-11 19:31:46', NULL),
(1687, 8, 118, NULL, 2, NULL, 2, 145000, 'Pack', NULL, NULL, NULL, 290000, NULL, NULL, NULL, '2017-07-11 19:31:46', '2017-07-11 19:31:46', NULL),
(1688, 8, 120, NULL, 2, NULL, 0, 230000, 'Pack', NULL, NULL, NULL, 460000, NULL, NULL, NULL, '2017-07-11 19:31:46', '2017-07-11 19:31:46', NULL),
(1689, 8, 121, NULL, 4, NULL, 0, 315000, 'Pack', NULL, NULL, NULL, 1260000, NULL, NULL, NULL, '2017-07-11 19:31:46', '2017-07-11 19:31:46', NULL),
(1690, 8, 122, NULL, 0, NULL, 0, 176000, 'Pack', NULL, NULL, NULL, 0, NULL, NULL, NULL, '2017-07-11 19:31:47', '2017-07-11 19:31:47', NULL),
(1691, 8, 123, NULL, 0, NULL, 0, 230000, 'Pack', NULL, NULL, NULL, 0, NULL, NULL, NULL, '2017-07-11 19:31:47', '2017-07-11 19:31:47', NULL),
(1692, 8, 124, NULL, 0, NULL, 0, 193000, 'Pack', NULL, NULL, NULL, 0, NULL, NULL, NULL, '2017-07-11 19:31:47', '2017-07-11 19:31:47', NULL),
(1693, 8, 125, NULL, 0, NULL, 0, 193000, 'Pack', NULL, NULL, NULL, 0, NULL, NULL, NULL, '2017-07-11 19:31:47', '2017-07-11 19:31:47', NULL),
(1694, 8, 126, NULL, 0, NULL, 0, 0, 'Pack', NULL, NULL, NULL, 0, NULL, NULL, NULL, '2017-07-11 19:31:47', '2017-07-11 19:31:47', NULL),
(1695, 8, 127, NULL, 0, NULL, 0, 172500, 'Pack', NULL, NULL, NULL, 0, NULL, NULL, NULL, '2017-07-11 19:31:47', '2017-07-11 19:31:47', NULL),
(1696, 8, 128, NULL, 0, NULL, 0, 145000, 'Pack', NULL, NULL, NULL, 0, NULL, NULL, NULL, '2017-07-11 19:31:47', '2017-07-11 19:31:47', NULL),
(1697, 8, 129, NULL, 0, NULL, 0, 210000, 'Botol', NULL, NULL, NULL, 0, NULL, NULL, NULL, '2017-07-11 19:31:47', '2017-07-11 19:31:47', NULL),
(1698, 8, 130, NULL, 0, NULL, 0, 121000, 'Botol', NULL, NULL, NULL, 0, NULL, NULL, NULL, '2017-07-11 19:31:47', '2017-07-11 19:31:47', NULL),
(1699, 8, 131, NULL, 0, NULL, 0, 121000, 'Botol', NULL, NULL, NULL, 0, NULL, NULL, NULL, '2017-07-11 19:31:47', '2017-07-11 19:31:47', NULL),
(1700, 8, 132, NULL, 0, NULL, 0, 121000, 'Botol', NULL, NULL, NULL, 0, NULL, NULL, NULL, '2017-07-11 19:31:47', '2017-07-11 19:31:47', NULL),
(1701, 8, 134, NULL, 0, NULL, 0, 121000, 'Botol', NULL, NULL, NULL, 0, NULL, NULL, NULL, '2017-07-11 19:31:48', '2017-07-11 19:31:48', NULL),
(1702, 8, 135, NULL, 0, NULL, 0, 121000, 'Botol', NULL, NULL, NULL, 0, NULL, NULL, NULL, '2017-07-11 19:31:48', '2017-07-11 19:31:48', NULL),
(1703, 8, 136, NULL, 0, NULL, 0, 121000, 'Botol', NULL, NULL, NULL, 0, NULL, NULL, NULL, '2017-07-11 19:31:48', '2017-07-11 19:31:48', NULL),
(1704, 8, 137, NULL, 0, NULL, 0, 121000, 'Botol', NULL, NULL, NULL, 0, NULL, NULL, NULL, '2017-07-11 19:31:48', '2017-07-11 19:31:48', NULL),
(1705, 8, 138, NULL, 0, NULL, 0, 121000, 'Botol', NULL, NULL, NULL, 0, NULL, NULL, NULL, '2017-07-11 19:31:48', '2017-07-11 19:31:48', NULL),
(1706, 8, 139, NULL, 0, NULL, 0, 121000, 'Botol', NULL, NULL, NULL, 0, NULL, NULL, NULL, '2017-07-11 19:31:48', '2017-07-11 19:31:48', NULL),
(1707, 8, 140, NULL, 0, NULL, 0, 121000, 'Botol', NULL, NULL, NULL, 0, NULL, NULL, NULL, '2017-07-11 19:31:48', '2017-07-11 19:31:48', NULL),
(1708, 8, 141, NULL, 0, NULL, 0, 265100, 'Botol', NULL, NULL, NULL, 0, NULL, NULL, NULL, '2017-07-11 19:31:48', '2017-07-11 19:31:48', NULL),
(1709, 8, 142, NULL, 0, NULL, 0, 183500, 'Botol', NULL, NULL, NULL, 0, NULL, NULL, NULL, '2017-07-11 19:31:48', '2017-07-11 19:31:48', NULL),
(1710, 8, 143, NULL, 0, NULL, 0, 183500, 'Botol', NULL, NULL, NULL, 0, NULL, NULL, NULL, '2017-07-11 19:31:48', '2017-07-11 19:31:48', NULL),
(1711, 8, 144, NULL, 0, NULL, 0, 183500, 'Drigen', NULL, NULL, NULL, 0, NULL, NULL, NULL, '2017-07-11 19:31:48', '2017-07-11 19:31:48', NULL),
(1712, 8, 145, NULL, 0, NULL, 0, 183500, 'Drigen', NULL, NULL, NULL, 0, NULL, NULL, NULL, '2017-07-11 19:31:48', '2017-07-11 19:31:48', NULL),
(1713, 8, 146, NULL, 0, NULL, 0, 183500, 'Drigen', NULL, NULL, NULL, 0, NULL, NULL, NULL, '2017-07-11 19:31:49', '2017-07-11 19:31:49', NULL),
(1714, 8, 147, NULL, 0, NULL, 0, 182000, 'Pack', NULL, NULL, NULL, 0, NULL, NULL, NULL, '2017-07-11 19:31:49', '2017-07-11 19:31:49', NULL),
(1715, 8, 148, NULL, 0, NULL, 0, 259000, 'Pack', NULL, NULL, NULL, 0, NULL, NULL, NULL, '2017-07-11 19:31:49', '2017-07-11 19:31:49', NULL),
(1716, 8, 149, NULL, 0, NULL, 0, 120000, 'Pack', NULL, NULL, NULL, 0, NULL, NULL, NULL, '2017-07-11 19:31:49', '2017-07-11 19:31:49', NULL),
(1717, 8, 150, NULL, 0, NULL, 0, 50000, 'Pack', NULL, NULL, NULL, 0, NULL, NULL, NULL, '2017-07-11 19:31:49', '2017-07-11 19:31:49', NULL),
(1718, 8, 151, NULL, 0, NULL, 0, 250000, 'Carton', NULL, NULL, NULL, 0, NULL, NULL, NULL, '2017-07-11 19:31:49', '2017-07-11 19:31:49', NULL),
(1719, 8, 152, NULL, 0, NULL, 0, 10000, 'Kg', NULL, NULL, NULL, 0, NULL, NULL, NULL, '2017-07-11 19:31:49', '2017-07-11 19:31:49', NULL),
(1720, 8, 153, NULL, 0, NULL, 0, 120000, 'Dus', NULL, NULL, NULL, 0, NULL, NULL, NULL, '2017-07-11 19:31:49', '2017-07-11 19:31:49', NULL),
(1721, 8, 154, NULL, 0, NULL, 0, 55000, 'Pack', NULL, NULL, NULL, 0, NULL, NULL, NULL, '2017-07-11 19:31:49', '2017-07-11 19:31:49', NULL),
(1722, 8, 155, NULL, 0, NULL, 0, 0, 'Pack', NULL, NULL, NULL, 0, NULL, NULL, NULL, '2017-07-11 19:31:49', '2017-07-11 19:31:49', NULL),
(1723, 8, 156, NULL, 0, NULL, 0, 19500, 'Pack', NULL, NULL, NULL, 0, NULL, NULL, NULL, '2017-07-11 19:31:49', '2017-07-11 19:31:49', NULL),
(1724, 8, 157, NULL, 0, NULL, 0, 15000, 'Pack', NULL, NULL, NULL, 0, NULL, NULL, NULL, '2017-07-11 19:31:49', '2017-07-11 19:31:49', NULL),
(1725, 8, 158, NULL, 0, NULL, 0, 6000, 'Pack', NULL, NULL, NULL, 0, NULL, NULL, NULL, '2017-07-11 19:31:50', '2017-07-11 19:31:50', NULL),
(1726, 8, 159, NULL, 0, NULL, 0, 0, 'Carton', NULL, NULL, NULL, 0, NULL, NULL, NULL, '2017-07-11 19:31:50', '2017-07-11 19:31:50', NULL),
(1727, 8, 160, NULL, 0, NULL, 0, 531000, 'Carton', NULL, NULL, NULL, 0, NULL, NULL, NULL, '2017-07-11 19:31:50', '2017-07-11 19:31:50', NULL),
(1728, 8, 161, NULL, 0, NULL, 0, 416000, 'Carton', NULL, NULL, NULL, 0, NULL, NULL, NULL, '2017-07-11 19:31:50', '2017-07-11 19:31:50', NULL),
(1729, 8, 162, NULL, 0, NULL, 0, 0, 'Carton', NULL, NULL, NULL, 0, NULL, NULL, NULL, '2017-07-11 19:31:50', '2017-07-11 19:31:50', NULL),
(1730, 8, 163, NULL, 0, NULL, 0, 185000, 'Dus', NULL, NULL, NULL, 0, NULL, NULL, NULL, '2017-07-11 19:31:50', '2017-07-11 19:31:50', NULL),
(1731, 8, 164, NULL, 0, NULL, 0, 950000, 'Dus', NULL, NULL, NULL, 0, NULL, NULL, NULL, '2017-07-11 19:31:50', '2017-07-11 19:31:50', NULL),
(1732, 8, 165, NULL, 0, NULL, 0, 135000, 'Carton', NULL, NULL, NULL, 0, NULL, NULL, NULL, '2017-07-11 19:31:50', '2017-07-11 19:31:50', NULL),
(1733, 8, 166, NULL, 0, NULL, 0, 325000, 'Pack', NULL, NULL, NULL, 0, NULL, NULL, NULL, '2017-07-11 19:31:50', '2017-07-11 19:31:50', NULL),
(1734, 8, 167, NULL, 0, NULL, 0, 81000, 'Dus', NULL, NULL, NULL, 0, NULL, NULL, NULL, '2017-07-11 19:31:50', '2017-07-11 19:31:50', NULL),
(1735, 8, 168, NULL, 0, NULL, 0, 275000, 'Carton', NULL, NULL, NULL, 0, NULL, NULL, NULL, '2017-07-11 19:31:50', '2017-07-11 19:31:50', NULL),
(1736, 8, 169, NULL, 0, NULL, 0, 200000, 'Dus', NULL, NULL, NULL, 0, NULL, NULL, NULL, '2017-07-11 19:31:50', '2017-07-11 19:31:50', NULL),
(1737, 8, 170, NULL, 0, NULL, 0, 213000, 'Carton', NULL, NULL, NULL, 0, NULL, NULL, NULL, '2017-07-11 19:31:50', '2017-07-11 19:31:50', NULL),
(1738, 8, 171, NULL, 0, NULL, 0, 1550000, 'Dus', NULL, NULL, NULL, 0, NULL, NULL, NULL, '2017-07-11 19:31:51', '2017-07-11 19:31:51', NULL),
(1739, 8, 172, NULL, 0, NULL, 0, 120000, 'Pack', NULL, NULL, NULL, 0, NULL, NULL, NULL, '2017-07-11 19:31:51', '2017-07-11 19:31:51', NULL),
(1740, 8, 173, NULL, 0, NULL, 0, 335000, 'Toples', NULL, NULL, NULL, 0, NULL, NULL, NULL, '2017-07-11 19:31:51', '2017-07-11 19:31:51', NULL),
(1741, 8, 174, NULL, 0, NULL, 0, 253000, 'Toples', NULL, NULL, NULL, 0, NULL, NULL, NULL, '2017-07-11 19:31:51', '2017-07-11 19:31:51', NULL),
(1742, 8, 175, NULL, 0, NULL, 0, 17500, 'Pack', NULL, NULL, NULL, 0, NULL, NULL, NULL, '2017-07-11 19:31:51', '2017-07-11 19:31:51', NULL),
(1743, 8, 176, NULL, 0, NULL, 0, 78000, 'Kaleng ', NULL, NULL, NULL, 0, NULL, NULL, NULL, '2017-07-11 19:31:51', '2017-07-11 19:31:51', NULL),
(1744, 8, 177, NULL, 0, NULL, 0, 108000, 'Botol', NULL, NULL, NULL, 0, NULL, NULL, NULL, '2017-07-11 19:31:51', '2017-07-11 19:31:51', NULL),
(1745, 8, 178, NULL, 0, NULL, 0, 35000, 'Pack', NULL, NULL, NULL, 0, NULL, NULL, NULL, '2017-07-11 19:31:51', '2017-07-11 19:31:51', NULL),
(1746, 8, 179, NULL, 0, NULL, 0, 36000, 'Pack', NULL, NULL, NULL, 0, NULL, NULL, NULL, '2017-07-11 19:31:51', '2017-07-11 19:31:51', NULL),
(1747, 8, 180, NULL, 0, NULL, 0, 19500, 'Pack', NULL, NULL, NULL, 0, NULL, NULL, NULL, '2017-07-11 19:31:52', '2017-07-11 19:31:52', NULL),
(1748, 8, 181, NULL, 0, NULL, 0, 0, 'Carton', NULL, NULL, NULL, 0, NULL, NULL, NULL, '2017-07-11 19:31:52', '2017-07-11 19:31:52', NULL),
(1749, 8, 182, NULL, 0, NULL, 0, 1020000, 'Dus', NULL, NULL, NULL, 0, NULL, NULL, NULL, '2017-07-11 19:31:52', '2017-07-11 19:31:52', NULL),
(1750, 8, 183, NULL, 0, NULL, 0, 105000, 'Botol', NULL, NULL, NULL, 0, NULL, NULL, NULL, '2017-07-11 19:31:52', '2017-07-11 19:31:52', NULL),
(1751, 8, 184, NULL, 0, NULL, 0, 108000, 'Pack', NULL, NULL, NULL, 0, NULL, NULL, NULL, '2017-07-11 19:31:52', '2017-07-11 19:31:52', NULL),
(1752, 8, 185, NULL, 0, NULL, 0, 0, 'Pack', NULL, NULL, NULL, 0, NULL, NULL, NULL, '2017-07-11 19:31:52', '2017-07-11 19:31:52', NULL),
(1753, 8, 186, NULL, 0, NULL, 0, 138000, 'Pack', NULL, NULL, NULL, 0, NULL, NULL, NULL, '2017-07-11 19:31:52', '2017-07-11 19:31:52', NULL),
(1754, 8, 187, NULL, 0, NULL, 0, 78000, 'Pack', NULL, NULL, NULL, 0, NULL, NULL, NULL, '2017-07-11 19:31:52', '2017-07-11 19:31:52', NULL),
(1755, 8, 188, NULL, 0, NULL, 0, 0, 'Toples', NULL, NULL, NULL, 0, NULL, NULL, NULL, '2017-07-11 19:31:52', '2017-07-11 19:31:52', NULL),
(1756, 8, 189, NULL, 0, NULL, 0, 253000, 'Botol', NULL, NULL, NULL, 0, NULL, NULL, NULL, '2017-07-11 19:31:52', '2017-07-11 19:31:52', NULL),
(1757, 8, 190, NULL, 0, NULL, 0, 45000, 'Pack', NULL, NULL, NULL, 0, NULL, NULL, NULL, '2017-07-11 19:31:52', '2017-07-11 19:31:52', NULL),
(1758, 8, 191, NULL, 0, NULL, 0, 14000, 'Botol', NULL, NULL, NULL, 0, NULL, NULL, NULL, '2017-07-11 19:31:52', '2017-07-11 19:31:52', NULL),
(1759, 8, 192, NULL, 0, NULL, 0, 12000, 'Botol', NULL, NULL, NULL, 0, NULL, NULL, NULL, '2017-07-11 19:31:52', '2017-07-11 19:31:52', NULL),
(1760, 8, 193, NULL, 0, NULL, 0, 15500, 'Botol', NULL, NULL, NULL, 0, NULL, NULL, NULL, '2017-07-11 19:31:53', '2017-07-11 19:31:53', NULL),
(1761, 8, 194, NULL, 0, NULL, 0, 13000, 'Botol', NULL, NULL, NULL, 0, NULL, NULL, NULL, '2017-07-11 19:31:53', '2017-07-11 19:31:53', NULL),
(1762, 8, 195, NULL, 0, NULL, 0, 18000, 'Botol', NULL, NULL, NULL, 0, NULL, NULL, NULL, '2017-07-11 19:31:53', '2017-07-11 19:31:53', NULL),
(1763, 8, 196, NULL, 0, NULL, 0, 33000, 'Pack', NULL, NULL, NULL, 0, NULL, NULL, NULL, '2017-07-11 19:31:53', '2017-07-11 19:31:53', NULL),
(1764, 8, 197, NULL, 0, NULL, 0, 18000, 'Kg', NULL, NULL, NULL, 0, NULL, NULL, NULL, '2017-07-11 19:31:53', '2017-07-11 19:31:53', NULL),
(1765, 8, 198, NULL, 0, NULL, 0, 60000, 'Pack', NULL, NULL, NULL, 0, NULL, NULL, NULL, '2017-07-11 19:31:53', '2017-07-11 19:31:53', NULL),
(1766, 8, 199, NULL, 0, NULL, 0, 120000, 'Pack', NULL, NULL, NULL, 0, NULL, NULL, NULL, '2017-07-11 19:31:53', '2017-07-11 19:31:53', NULL),
(1767, 8, 200, NULL, 0, NULL, 0, 16000, 'Kg', NULL, NULL, NULL, 0, NULL, NULL, NULL, '2017-07-11 19:31:53', '2017-07-11 19:31:53', NULL),
(1768, 8, 201, NULL, 0, NULL, 0, 193000, 'Toples', NULL, NULL, NULL, 0, NULL, NULL, NULL, '2017-07-11 19:31:53', '2017-07-11 19:31:53', NULL),
(1769, 8, 202, NULL, 0, NULL, 0, 150000, 'Pack', NULL, NULL, NULL, 0, NULL, NULL, NULL, '2017-07-11 19:31:53', '2017-07-11 19:31:53', NULL),
(1770, 8, 203, NULL, 0, NULL, 0, 130000, 'Pack', NULL, NULL, NULL, 0, NULL, NULL, NULL, '2017-07-11 19:31:53', '2017-07-11 19:31:53', NULL),
(1771, 8, 204, NULL, 0, NULL, 0, 85000, 'Botol', NULL, NULL, NULL, 0, NULL, NULL, NULL, '2017-07-11 19:31:53', '2017-07-11 19:31:53', NULL),
(1772, 8, 205, NULL, 0, NULL, 0, 127050, 'Pail', NULL, NULL, NULL, 0, NULL, NULL, NULL, '2017-07-11 19:31:53', '2017-07-11 19:31:53', NULL),
(1773, 8, 206, NULL, 0, NULL, 0, 127050, 'Pail', NULL, NULL, NULL, 0, NULL, NULL, NULL, '2017-07-11 19:31:54', '2017-07-11 19:31:54', NULL),
(1774, 8, 207, NULL, 0, NULL, 0, 146410, 'Pail', NULL, NULL, NULL, 0, NULL, NULL, NULL, '2017-07-11 19:31:54', '2017-07-11 19:31:54', NULL),
(1775, 8, 208, NULL, 0, NULL, 0, 330000, 'Pail', NULL, NULL, NULL, 0, NULL, NULL, NULL, '2017-07-11 19:31:54', '2017-07-11 19:31:54', NULL),
(1776, 8, 209, NULL, 0, NULL, 0, 330000, 'Pail', NULL, NULL, NULL, 0, NULL, NULL, NULL, '2017-07-11 19:31:54', '2017-07-11 19:31:54', NULL),
(1777, 8, 210, NULL, 0, NULL, 0, 0, 'Pack', NULL, NULL, NULL, 0, NULL, NULL, NULL, '2017-07-11 19:31:54', '2017-07-11 19:31:54', NULL),
(1778, 8, 211, NULL, 0, NULL, 0, 330000, 'Box', NULL, NULL, NULL, 0, NULL, NULL, NULL, '2017-07-11 19:31:54', '2017-07-11 19:31:54', NULL),
(1779, 8, 212, NULL, 0, NULL, 0, 330000, 'Box', NULL, NULL, NULL, 0, NULL, NULL, NULL, '2017-07-11 19:31:54', '2017-07-11 19:31:54', NULL),
(1780, 8, 213, NULL, 0, NULL, 0, 200000, 'Box', NULL, NULL, NULL, 0, NULL, NULL, NULL, '2017-07-11 19:31:54', '2017-07-11 19:31:54', NULL),
(1781, 8, 214, NULL, 0, NULL, 0, 120000, 'Box', NULL, NULL, NULL, 0, NULL, NULL, NULL, '2017-07-11 19:31:54', '2017-07-11 19:31:54', NULL),
(1782, 8, 215, NULL, 0, NULL, 0, 125000, 'Carton', NULL, NULL, NULL, 0, NULL, NULL, NULL, '2017-07-11 19:31:54', '2017-07-11 19:31:54', NULL),
(1783, 8, 216, NULL, 0, NULL, 0, 92500, 'Pack', NULL, NULL, NULL, 0, NULL, NULL, NULL, '2017-07-11 19:31:54', '2017-07-11 19:31:54', NULL),
(1784, 8, 217, NULL, 0, NULL, 0, 13000, 'Pack', NULL, NULL, NULL, 0, NULL, NULL, NULL, '2017-07-11 19:31:55', '2017-07-11 19:31:55', NULL),
(1785, 8, 218, NULL, 0, NULL, 0, 138000, 'Kg', NULL, NULL, NULL, 0, NULL, NULL, NULL, '2017-07-11 19:31:55', '2017-07-11 19:31:55', NULL),
(1786, 8, 219, NULL, 0, NULL, 0, 245000, 'Kg', NULL, NULL, NULL, 0, NULL, NULL, NULL, '2017-07-11 19:31:55', '2017-07-11 19:31:55', NULL),
(1787, 8, 220, NULL, 0, NULL, 0, 50000, 'Kg', NULL, NULL, NULL, 0, NULL, NULL, NULL, '2017-07-11 19:31:55', '2017-07-11 19:31:55', NULL),
(1788, 8, 221, NULL, 0, NULL, 0, 215000, 'Pack', NULL, NULL, NULL, 0, NULL, NULL, NULL, '2017-07-11 19:31:55', '2017-07-11 19:31:55', NULL),
(1789, 8, 222, NULL, 0, NULL, 0, 140000, 'pack', NULL, NULL, NULL, 0, NULL, NULL, NULL, '2017-07-11 19:31:55', '2017-07-11 19:31:55', NULL),
(1790, 8, 223, NULL, 0, NULL, 0, 68000, 'Pack', NULL, NULL, NULL, 0, NULL, NULL, NULL, '2017-07-11 19:31:55', '2017-07-11 19:31:55', NULL),
(1791, 8, 224, NULL, 0, NULL, 0, 30000, 'Pack ', NULL, NULL, NULL, 0, NULL, NULL, NULL, '2017-07-11 19:31:55', '2017-07-11 19:31:55', NULL),
(1792, 8, 225, NULL, 0, NULL, 0, 0, 'Carton', NULL, NULL, NULL, 0, NULL, NULL, NULL, '2017-07-11 19:31:55', '2017-07-11 19:31:55', NULL),
(1793, 8, 226, NULL, 0, NULL, 0, 50000, 'Kg', NULL, NULL, NULL, 0, NULL, NULL, NULL, '2017-07-11 19:31:55', '2017-07-11 19:31:55', NULL),
(1794, 8, 227, NULL, 0, NULL, 0, 80000, 'Drigen', NULL, NULL, NULL, 0, NULL, NULL, NULL, '2017-07-11 19:31:56', '2017-07-11 19:31:56', NULL),
(1795, 8, 228, NULL, 0, NULL, 0, 120000, 'Drigen', NULL, NULL, NULL, 0, NULL, NULL, NULL, '2017-07-11 19:31:56', '2017-07-11 19:31:56', NULL),
(1796, 8, 229, NULL, 0, NULL, 0, 230000, 'Drigen', NULL, NULL, NULL, 0, NULL, NULL, NULL, '2017-07-11 19:31:56', '2017-07-11 19:31:56', NULL),
(1797, 8, 230, NULL, 0, NULL, 0, 22000, 'Kg', NULL, NULL, NULL, 0, NULL, NULL, NULL, '2017-07-11 19:31:56', '2017-07-11 19:31:56', NULL),
(1798, 8, 231, NULL, 0, NULL, 0, 132000, 'Drigen', NULL, NULL, NULL, 0, NULL, NULL, NULL, '2017-07-11 19:31:56', '2017-07-11 19:31:56', NULL),
(1799, 8, 232, NULL, 0, NULL, 0, 0, 'Botol', NULL, NULL, NULL, 0, NULL, NULL, NULL, '2017-07-11 19:31:56', '2017-07-11 19:31:56', NULL),
(1800, 8, 233, NULL, 0, NULL, 0, 145000, 'Drigen', NULL, NULL, NULL, 0, NULL, NULL, NULL, '2017-07-11 19:31:56', '2017-07-11 19:31:56', NULL),
(1801, 8, 234, NULL, 0, NULL, 0, 135000, 'Drigen', NULL, NULL, NULL, 0, NULL, NULL, NULL, '2017-07-11 19:31:56', '2017-07-11 19:31:56', NULL),
(1802, 8, 235, NULL, 0, NULL, 0, 45000, 'Drigen', NULL, NULL, NULL, 0, NULL, NULL, NULL, '2017-07-11 19:31:57', '2017-07-11 19:31:57', NULL),
(1803, 8, 236, NULL, 0, NULL, 0, 78000, 'Pack', NULL, NULL, NULL, 0, NULL, NULL, NULL, '2017-07-11 19:31:57', '2017-07-11 19:31:57', NULL),
(1804, 8, 237, NULL, 0, NULL, 0, 147500, 'Drigen', NULL, NULL, NULL, 0, NULL, NULL, NULL, '2017-07-11 19:31:57', '2017-07-11 19:31:57', NULL),
(1805, 8, 238, NULL, 0, NULL, 0, 120000, 'Drigen', NULL, NULL, NULL, 0, NULL, NULL, NULL, '2017-07-11 19:31:57', '2017-07-11 19:31:57', NULL),
(1806, 8, 239, NULL, 0, NULL, 0, 125000, 'Drigen', NULL, NULL, NULL, 0, NULL, NULL, NULL, '2017-07-11 19:31:57', '2017-07-11 19:31:57', NULL);
INSERT INTO `item_central_detail` (`id`, `item_central_id`, `item_id`, `item_name`, `quantity`, `quantity_actual`, `quantity_stock`, `price`, `uom`, `nota_number`, `date`, `spend_by`, `total`, `created_by`, `updated_by`, `deleted_by`, `created_at`, `updated_at`, `deleted_at`) VALUES
(1807, 8, 240, NULL, 0, NULL, 0, 125000, 'Drigen', NULL, NULL, NULL, 0, NULL, NULL, NULL, '2017-07-11 19:31:57', '2017-07-11 19:31:57', NULL),
(1808, 8, 241, NULL, 0, NULL, 0, 125000, 'Drigen', NULL, NULL, NULL, 0, NULL, NULL, NULL, '2017-07-11 19:31:57', '2017-07-11 19:31:57', NULL),
(1809, 8, 242, NULL, 0, NULL, 0, 0, 'Meter2', NULL, NULL, NULL, 0, NULL, NULL, NULL, '2017-07-11 19:31:58', '2017-07-11 19:31:58', NULL),
(1810, 8, 243, NULL, 0, NULL, 0, 0, 'Meter2', NULL, NULL, NULL, 0, NULL, NULL, NULL, '2017-07-11 19:31:58', '2017-07-11 19:31:58', NULL),
(1811, 8, 244, NULL, 0, NULL, 0, 0, 'Meter2', NULL, NULL, NULL, 0, NULL, NULL, NULL, '2017-07-11 19:31:58', '2017-07-11 19:31:58', NULL),
(1812, 8, 245, NULL, 0, NULL, 0, 0, 'Meter2', NULL, NULL, NULL, 0, NULL, NULL, NULL, '2017-07-11 19:31:58', '2017-07-11 19:31:58', NULL),
(1813, 9, 2, NULL, 1, 33, 0, 395000, 'Pcs', NULL, NULL, NULL, 13035000, NULL, NULL, NULL, '2017-07-13 18:01:52', '2017-04-13 20:19:52', NULL),
(1814, 9, 3, NULL, 2, 4, 0, 15000, 'Pcs', NULL, NULL, NULL, 60000, NULL, NULL, NULL, '2017-07-13 18:01:53', '2017-04-13 20:19:52', NULL),
(1815, 9, 4, NULL, 3, 0, 0, 55000, 'Pack', NULL, NULL, NULL, 0, NULL, NULL, NULL, '2017-07-13 18:01:53', '2017-04-13 20:19:52', NULL),
(1816, 9, 5, NULL, 4, 0, 0, 35000, 'Pcs', NULL, NULL, NULL, 0, NULL, NULL, NULL, '2017-07-13 18:01:53', '2017-04-13 20:19:52', NULL),
(1817, 9, 6, NULL, 5, 0, 0, 60000, 'Pcs', NULL, NULL, NULL, 0, NULL, NULL, NULL, '2017-07-13 18:01:53', '2017-04-13 20:19:52', NULL),
(1818, 9, 7, NULL, 6, 0, 0, 11000, 'Pcs', NULL, NULL, NULL, 0, NULL, NULL, NULL, '2017-07-13 18:01:53', '2017-04-13 20:19:53', NULL),
(1819, 9, 8, NULL, 7, 0, 0, 15000, 'Pcs', NULL, NULL, NULL, 0, NULL, NULL, NULL, '2017-07-13 18:01:53', '2017-04-13 20:19:53', NULL),
(1820, 9, 9, NULL, 8, 0, 0, 1150000, 'Carton', NULL, NULL, NULL, 0, NULL, NULL, NULL, '2017-07-13 18:01:53', '2017-04-13 20:19:53', NULL),
(1821, 9, 11, NULL, 10, 0, 0, 1250000, 'Carton', NULL, NULL, NULL, 0, NULL, NULL, NULL, '2017-07-13 18:01:53', '2017-04-13 20:19:53', NULL),
(1822, 9, 13, NULL, 12, 0, 0, 60000, 'Lusin', NULL, NULL, NULL, 0, NULL, NULL, NULL, '2017-07-13 18:01:53', '2017-04-13 20:19:53', NULL),
(1823, 9, 14, NULL, 13, 0, 0, 425000, 'Carton', NULL, NULL, NULL, 0, NULL, NULL, NULL, '2017-07-13 18:01:53', '2017-04-13 20:19:53', NULL),
(1824, 9, 15, NULL, 14, 0, 0, 395000, 'Dus', NULL, NULL, NULL, 0, NULL, NULL, NULL, '2017-07-13 18:01:54', '2017-04-13 20:19:53', NULL),
(1825, 9, 16, NULL, 15, 0, 0, 270000, 'Pack', NULL, NULL, NULL, 0, NULL, NULL, NULL, '2017-07-13 18:01:54', '2017-04-13 20:19:53', NULL),
(1826, 9, 17, NULL, 17, 0, 0, 120000, 'Pcs', NULL, NULL, NULL, 0, NULL, NULL, NULL, '2017-07-13 18:01:54', '2017-04-13 20:19:53', NULL),
(1827, 9, 18, NULL, 18, 0, 0, 100000, 'Pack', NULL, NULL, NULL, 0, NULL, NULL, NULL, '2017-07-13 18:01:54', '2017-04-13 20:19:53', NULL),
(1828, 9, 19, NULL, 19, 0, 0, 2200000, 'Carton', NULL, NULL, NULL, 0, NULL, NULL, NULL, '2017-07-13 18:01:54', '2017-04-13 20:19:53', NULL),
(1829, 9, 20, NULL, 20, 0, 0, 20000, 'Pcs', NULL, NULL, NULL, 0, NULL, NULL, NULL, '2017-07-13 18:01:54', '2017-04-13 20:19:53', NULL),
(1830, 9, 21, NULL, 21, 0, 0, 175000, 'Pcs', NULL, NULL, NULL, 0, NULL, NULL, NULL, '2017-07-13 18:01:54', '2017-04-13 20:19:53', NULL),
(1831, 9, 22, NULL, 22, 0, 0, 1100000, 'Pcs', NULL, NULL, NULL, 0, NULL, NULL, NULL, '2017-07-13 18:01:54', '2017-04-13 20:19:53', NULL),
(1832, 9, 23, NULL, 23, 0, 0, 70000, 'Pcs', NULL, NULL, NULL, 0, NULL, NULL, NULL, '2017-07-13 18:01:54', '2017-04-13 20:19:53', NULL),
(1833, 9, 24, NULL, 24, 0, 0, 75000, 'Pcs', NULL, NULL, NULL, 0, NULL, NULL, NULL, '2017-07-13 18:01:54', '2017-04-13 20:19:53', NULL),
(1834, 9, 25, NULL, 25, 0, 0, 250000, 'Carton', NULL, NULL, NULL, 0, NULL, NULL, NULL, '2017-07-13 18:01:54', '2017-04-13 20:19:53', NULL),
(1835, 9, 26, NULL, 26, 0, 0, 250000, 'Carton', NULL, NULL, NULL, 0, NULL, NULL, NULL, '2017-07-13 18:01:55', '2017-04-13 20:19:54', NULL),
(1836, 9, 28, NULL, 28, 0, 0, 300000, 'Roll', NULL, NULL, NULL, 0, NULL, NULL, NULL, '2017-07-13 18:01:55', '2017-04-13 20:19:54', NULL),
(1837, 9, 29, NULL, 29, 0, 0, 70000, 'Lusin', NULL, NULL, NULL, 0, NULL, NULL, NULL, '2017-07-13 18:01:55', '2017-04-13 20:19:54', NULL),
(1838, 9, 30, NULL, 30, 0, 0, 1600000, 'Pcs', NULL, NULL, NULL, 0, NULL, NULL, NULL, '2017-07-13 18:01:55', '2017-04-13 20:19:54', NULL),
(1839, 9, 31, NULL, 31, 0, 0, 1100000, 'Pcs', NULL, NULL, NULL, 0, NULL, NULL, NULL, '2017-07-13 18:01:55', '2017-04-13 20:19:54', NULL),
(1840, 9, 32, NULL, 32, 0, 0, 9000, 'Pcs', NULL, NULL, NULL, 0, NULL, NULL, NULL, '2017-07-13 18:01:55', '2017-04-13 20:19:54', NULL),
(1841, 9, 33, NULL, 33, 0, 0, 710000, 'Carton', NULL, NULL, NULL, 0, NULL, NULL, NULL, '2017-07-13 18:01:55', '2017-04-13 20:19:54', NULL),
(1842, 9, 34, NULL, 34, 0, 0, 60000, 'Pcs', NULL, NULL, NULL, 0, NULL, NULL, NULL, '2017-07-13 18:01:55', '2017-04-13 20:19:54', NULL),
(1843, 9, 35, NULL, 36, 0, 0, 53000, 'Pcs', NULL, NULL, NULL, 0, NULL, NULL, NULL, '2017-07-13 18:01:55', '2017-04-13 20:19:54', NULL),
(1844, 9, 36, NULL, 37, 0, 0, 53000, 'Pcs', NULL, NULL, NULL, 0, NULL, NULL, NULL, '2017-07-13 18:01:55', '2017-04-13 20:19:54', NULL),
(1845, 9, 37, NULL, 38, 0, 0, 20000, 'Pcs', NULL, NULL, NULL, 0, NULL, NULL, NULL, '2017-07-13 18:01:55', '2017-04-13 20:19:54', NULL),
(1846, 9, 39, NULL, 40, 0, 0, 16000, 'Pack', NULL, NULL, NULL, 0, NULL, NULL, NULL, '2017-07-13 18:01:55', '2017-04-13 20:19:54', NULL),
(1847, 9, 40, NULL, 41, 0, 0, 16000, 'Pack', NULL, NULL, NULL, 0, NULL, NULL, NULL, '2017-07-13 18:01:55', '2017-04-13 20:19:54', NULL),
(1848, 9, 41, NULL, 42, 0, 0, 23500, 'Pack', NULL, NULL, NULL, 0, NULL, NULL, NULL, '2017-07-13 18:01:55', '2017-04-13 20:19:54', NULL),
(1849, 9, 42, NULL, 43, 0, 0, 13000, 'Pack', NULL, NULL, NULL, 0, NULL, NULL, NULL, '2017-07-13 18:01:56', '2017-04-13 20:19:55', NULL),
(1850, 9, 43, NULL, 44, 0, 0, 13000, 'Pack', NULL, NULL, NULL, 0, NULL, NULL, NULL, '2017-07-13 18:01:56', '2017-04-13 20:19:55', NULL),
(1851, 9, 44, NULL, 45, 0, 0, 145000, 'Roll', NULL, NULL, NULL, 0, NULL, NULL, NULL, '2017-07-13 18:01:56', '2017-04-13 20:19:55', NULL),
(1852, 9, 45, NULL, 46, 0, 0, 100000, 'Pack', NULL, NULL, NULL, 0, NULL, NULL, NULL, '2017-07-13 18:01:56', '2017-04-13 20:19:55', NULL),
(1853, 9, 46, NULL, 47, 0, 0, 200000, 'Pcs', NULL, NULL, NULL, 0, NULL, NULL, NULL, '2017-07-13 18:01:56', '2017-04-13 20:19:55', NULL),
(1854, 9, 47, NULL, 48, 0, 0, 70000, 'Carton', NULL, NULL, NULL, 0, NULL, NULL, NULL, '2017-07-13 18:01:56', '2017-04-13 20:19:55', NULL),
(1855, 9, 48, NULL, 49, 0, 0, 21500, 'Pack', NULL, NULL, NULL, 0, NULL, NULL, NULL, '2017-07-13 18:01:56', '2017-04-13 20:19:55', NULL),
(1856, 9, 49, NULL, 50, 0, 0, 60000, 'Lusin', NULL, NULL, NULL, 0, NULL, NULL, NULL, '2017-07-13 18:01:56', '2017-04-13 20:19:55', NULL),
(1857, 9, 50, NULL, 51, 0, 0, 400000, 'Carton', NULL, NULL, NULL, 0, NULL, NULL, NULL, '2017-07-13 18:01:56', '2017-04-13 20:19:55', NULL),
(1858, 9, 51, NULL, 52, 0, 0, 70000, 'Set', NULL, NULL, NULL, 0, NULL, NULL, NULL, '2017-07-13 18:01:57', '2017-04-13 20:19:55', NULL),
(1859, 9, 52, NULL, 53, 0, 0, 430000, 'Carton', NULL, NULL, NULL, 0, NULL, NULL, NULL, '2017-07-13 18:01:57', '2017-04-13 20:19:55', NULL),
(1860, 9, 53, NULL, 54, 0, 0, 85000, 'Pcs', NULL, NULL, NULL, 0, NULL, NULL, NULL, '2017-07-13 18:01:57', '2017-04-13 20:19:55', NULL),
(1861, 9, 54, NULL, 55, 0, 0, 20000, 'Pack', NULL, NULL, NULL, 0, NULL, NULL, NULL, '2017-07-13 18:01:57', '2017-04-13 20:19:55', NULL),
(1862, 9, 55, NULL, 56, 0, 0, 18000, 'Pack', NULL, NULL, NULL, 0, NULL, NULL, NULL, '2017-07-13 18:01:57', '2017-04-13 20:19:55', NULL),
(1863, 9, 56, NULL, 57, 0, 0, 448000, 'Pcs', NULL, NULL, NULL, 0, NULL, NULL, NULL, '2017-07-13 18:01:57', '2017-04-13 20:19:55', NULL),
(1864, 9, 57, NULL, 58, 0, 0, 476000, 'Pcs', NULL, NULL, NULL, 0, NULL, NULL, NULL, '2017-07-13 18:01:57', '2017-04-13 20:19:55', NULL),
(1865, 9, 58, NULL, 59, 0, 0, 566000, 'Pcs', NULL, NULL, NULL, 0, NULL, NULL, NULL, '2017-07-13 18:01:57', '2017-04-13 20:19:55', NULL),
(1866, 9, 59, NULL, 60, 0, 0, 70000, 'Pcs', NULL, NULL, NULL, 0, NULL, NULL, NULL, '2017-07-13 18:01:57', '2017-04-13 20:19:56', NULL),
(1867, 9, 60, NULL, 61, 0, 0, 70000, 'Pcs', NULL, NULL, NULL, 0, NULL, NULL, NULL, '2017-07-13 18:01:57', '2017-04-13 20:19:56', NULL),
(1868, 9, 61, NULL, 62, 0, 0, 70000, 'Pcs', NULL, NULL, NULL, 0, NULL, NULL, NULL, '2017-07-13 18:01:57', '2017-04-13 20:19:56', NULL),
(1869, 9, 62, NULL, 63, 0, 0, 160000, 'Pack', NULL, NULL, NULL, 0, NULL, NULL, NULL, '2017-07-13 18:01:57', '2017-04-13 20:19:56', NULL),
(1870, 9, 63, NULL, 64, 0, 0, 70000, 'Pcs', NULL, NULL, NULL, 0, NULL, NULL, NULL, '2017-07-13 18:01:57', '2017-04-13 20:19:56', NULL),
(1871, 9, 64, NULL, 65, 0, 0, 21000, 'Lusin', NULL, NULL, NULL, 0, NULL, NULL, NULL, '2017-07-13 18:01:57', '2017-04-13 20:19:56', NULL),
(1872, 9, 65, NULL, 66, 0, 0, 8000, 'Lusin', NULL, NULL, NULL, 0, NULL, NULL, NULL, '2017-07-13 18:01:57', '2017-04-13 20:19:56', NULL),
(1873, 9, 66, NULL, 67, 0, 0, 20000, 'Pack', NULL, NULL, NULL, 0, NULL, NULL, NULL, '2017-07-13 18:01:58', '2017-04-13 20:19:56', NULL),
(1874, 9, 67, NULL, 68, 0, 0, 13000, 'Pack', NULL, NULL, NULL, 0, NULL, NULL, NULL, '2017-07-13 18:01:58', '2017-04-13 20:19:56', NULL),
(1875, 9, 68, NULL, 69, 0, 0, 20000, 'Pcs', NULL, NULL, NULL, 0, NULL, NULL, NULL, '2017-07-13 18:01:58', '2017-04-13 20:19:56', NULL),
(1876, 9, 10, NULL, 0, NULL, 0, 600000, 'Carton', NULL, NULL, NULL, 0, NULL, NULL, NULL, '2017-07-13 18:01:58', '2017-07-13 18:01:58', NULL),
(1877, 9, 12, NULL, 0, NULL, 0, 666666, 'Carton', NULL, NULL, NULL, 0, NULL, NULL, NULL, '2017-07-13 18:01:58', '2017-07-13 18:01:58', NULL),
(1878, 9, 27, NULL, 0, NULL, 0, 0, 'Carton', NULL, NULL, NULL, 0, NULL, NULL, NULL, '2017-07-13 18:01:58', '2017-07-13 18:01:58', NULL),
(1879, 9, 38, NULL, 0, NULL, 0, 0, 'Pack', NULL, NULL, NULL, 0, NULL, NULL, NULL, '2017-07-13 18:01:58', '2017-07-13 18:01:58', NULL),
(1880, 9, 69, NULL, 0, NULL, 0, 175000, 'Pcs', NULL, NULL, NULL, 0, NULL, NULL, NULL, '2017-07-13 18:01:58', '2017-07-13 18:01:58', NULL),
(1881, 9, 70, NULL, 0, NULL, 0, 150000, 'Pcs', NULL, NULL, NULL, 0, NULL, NULL, NULL, '2017-07-13 18:01:58', '2017-07-13 18:01:58', NULL),
(1882, 9, 71, NULL, 0, NULL, 0, 25000, 'Pcs', NULL, NULL, NULL, 0, NULL, NULL, NULL, '2017-07-13 18:01:58', '2017-07-13 18:01:58', NULL),
(1883, 9, 72, NULL, 0, NULL, 0, 680000, 'Pcs', NULL, NULL, NULL, 0, NULL, NULL, NULL, '2017-07-13 18:01:58', '2017-07-13 18:01:58', NULL),
(1884, 9, 73, NULL, 0, NULL, 0, 720000, 'Pcs', NULL, NULL, NULL, 0, NULL, NULL, NULL, '2017-07-13 18:01:58', '2017-07-13 18:01:58', NULL),
(1885, 9, 74, NULL, 0, NULL, 0, 130000, 'Pcs', NULL, NULL, NULL, 0, NULL, NULL, NULL, '2017-07-13 18:01:58', '2017-07-13 18:01:58', NULL),
(1886, 9, 75, NULL, 0, NULL, 0, 120000, 'Pcs', NULL, NULL, NULL, 0, NULL, NULL, NULL, '2017-07-13 18:01:58', '2017-07-13 18:01:58', NULL),
(1887, 9, 76, NULL, 0, NULL, 0, 120000, 'Pcs', NULL, NULL, NULL, 0, NULL, NULL, NULL, '2017-07-13 18:01:58', '2017-07-13 18:01:58', NULL),
(1888, 9, 77, NULL, 0, NULL, 0, 120000, 'Pcs', NULL, NULL, NULL, 0, NULL, NULL, NULL, '2017-07-13 18:01:58', '2017-07-13 18:01:58', NULL),
(1889, 9, 78, NULL, 0, NULL, 0, 120000, 'Pcs', NULL, NULL, NULL, 0, NULL, NULL, NULL, '2017-07-13 18:01:58', '2017-07-13 18:01:58', NULL),
(1890, 9, 79, NULL, 0, NULL, 0, 120000, 'Pcs', NULL, NULL, NULL, 0, NULL, NULL, NULL, '2017-07-13 18:01:59', '2017-07-13 18:01:59', NULL),
(1891, 9, 80, NULL, 0, NULL, 0, 120000, 'Pcs', NULL, NULL, NULL, 0, NULL, NULL, NULL, '2017-07-13 18:01:59', '2017-07-13 18:01:59', NULL),
(1892, 9, 81, NULL, 0, NULL, 0, 83000, 'Pcs', NULL, NULL, NULL, 0, NULL, NULL, NULL, '2017-07-13 18:01:59', '2017-07-13 18:01:59', NULL),
(1893, 9, 82, NULL, 0, NULL, 0, 85000, 'Pcs', NULL, NULL, NULL, 0, NULL, NULL, NULL, '2017-07-13 18:01:59', '2017-07-13 18:01:59', NULL),
(1894, 9, 83, NULL, 0, NULL, 0, 17500, 'Pcs', NULL, NULL, NULL, 0, NULL, NULL, NULL, '2017-07-13 18:01:59', '2017-07-13 18:01:59', NULL),
(1895, 9, 84, NULL, 0, NULL, 0, 185000, 'Pcs', NULL, NULL, NULL, 0, NULL, NULL, NULL, '2017-07-13 18:01:59', '2017-07-13 18:01:59', NULL),
(1896, 9, 85, NULL, 0, NULL, 0, 23000, 'Lusin', NULL, NULL, NULL, 0, NULL, NULL, NULL, '2017-07-13 18:01:59', '2017-07-13 18:01:59', NULL),
(1897, 9, 86, NULL, 0, NULL, 0, 25000, 'Lusin', NULL, NULL, NULL, 0, NULL, NULL, NULL, '2017-07-13 18:01:59', '2017-07-13 18:01:59', NULL),
(1898, 9, 87, NULL, 0, NULL, 0, 100000, 'Pcs', NULL, NULL, NULL, 0, NULL, NULL, NULL, '2017-07-13 18:01:59', '2017-07-13 18:01:59', NULL),
(1899, 9, 88, NULL, 0, NULL, 0, 45000, 'Pcs', NULL, NULL, NULL, 0, NULL, NULL, NULL, '2017-07-13 18:01:59', '2017-07-13 18:01:59', NULL),
(1900, 9, 89, NULL, 0, NULL, 0, 45000, 'Pcs', NULL, NULL, NULL, 0, NULL, NULL, NULL, '2017-07-13 18:02:00', '2017-07-13 18:02:00', NULL),
(1901, 9, 90, NULL, 0, NULL, 0, 45000, 'Pcs', NULL, NULL, NULL, 0, NULL, NULL, NULL, '2017-07-13 18:02:00', '2017-07-13 18:02:00', NULL),
(1902, 9, 91, NULL, 0, NULL, 0, 45000, 'Pcs', NULL, NULL, NULL, 0, NULL, NULL, NULL, '2017-07-13 18:02:00', '2017-07-13 18:02:00', NULL),
(1903, 9, 92, NULL, 0, NULL, 0, 45000, 'Pcs', NULL, NULL, NULL, 0, NULL, NULL, NULL, '2017-07-13 18:02:00', '2017-07-13 18:02:00', NULL),
(1904, 9, 93, NULL, 0, NULL, 0, 45000, 'Pcs', NULL, NULL, NULL, 0, NULL, NULL, NULL, '2017-07-13 18:02:00', '2017-07-13 18:02:00', NULL),
(1905, 9, 94, NULL, 0, NULL, 0, 200000, 'Pcs', NULL, NULL, NULL, 0, NULL, NULL, NULL, '2017-07-13 18:02:00', '2017-07-13 18:02:00', NULL),
(1906, 9, 96, NULL, 0, NULL, 0, 100000, 'Pcs', NULL, NULL, NULL, 0, NULL, NULL, NULL, '2017-07-13 18:02:00', '2017-07-13 18:02:00', NULL),
(1907, 9, 97, NULL, 0, NULL, 0, 100000, 'Pcs', NULL, NULL, NULL, 0, NULL, NULL, NULL, '2017-07-13 18:02:00', '2017-07-13 18:02:00', NULL),
(1908, 9, 98, NULL, 0, NULL, 0, 100000, 'Pcs', NULL, NULL, NULL, 0, NULL, NULL, NULL, '2017-07-13 18:02:00', '2017-07-13 18:02:00', NULL),
(1909, 9, 99, NULL, 0, NULL, 0, 95000, 'Pcs', NULL, NULL, NULL, 0, NULL, NULL, NULL, '2017-07-13 18:02:00', '2017-07-13 18:02:00', NULL),
(1910, 9, 100, NULL, 0, NULL, 0, 95000, 'Pcs', NULL, NULL, NULL, 0, NULL, NULL, NULL, '2017-07-13 18:02:00', '2017-07-13 18:02:00', NULL),
(1911, 9, 101, NULL, 0, NULL, 0, 95000, 'Pcs', NULL, NULL, NULL, 0, NULL, NULL, NULL, '2017-07-13 18:02:01', '2017-07-13 18:02:01', NULL),
(1912, 9, 102, NULL, 0, NULL, 0, 95000, 'Pcs', NULL, NULL, NULL, 0, NULL, NULL, NULL, '2017-07-13 18:02:01', '2017-07-13 18:02:01', NULL),
(1913, 9, 103, NULL, 0, NULL, 0, 95000, 'Pcs', NULL, NULL, NULL, 0, NULL, NULL, NULL, '2017-07-13 18:02:01', '2017-07-13 18:02:01', NULL),
(1914, 9, 104, NULL, 0, NULL, 0, 95000, 'Pcs', NULL, NULL, NULL, 0, NULL, NULL, NULL, '2017-07-13 18:02:01', '2017-07-13 18:02:01', NULL),
(1915, 9, 105, NULL, 0, NULL, 0, 0, 'Pcs', NULL, NULL, NULL, 0, NULL, NULL, NULL, '2017-07-13 18:02:01', '2017-07-13 18:02:01', NULL),
(1916, 9, 106, NULL, 0, NULL, 0, 75000, 'Pcs', NULL, NULL, NULL, 0, NULL, NULL, NULL, '2017-07-13 18:02:01', '2017-07-13 18:02:01', NULL),
(1917, 9, 107, NULL, 0, NULL, 0, 58000, 'Pcs', NULL, NULL, NULL, 0, NULL, NULL, NULL, '2017-07-13 18:02:01', '2017-07-13 18:02:01', NULL),
(1918, 9, 108, NULL, 0, NULL, 0, 140000, 'Pcs', NULL, NULL, NULL, 0, NULL, NULL, NULL, '2017-07-13 18:02:01', '2017-07-13 18:02:01', NULL),
(1919, 9, 109, NULL, 0, NULL, 0, 17500, 'Pcs', NULL, NULL, NULL, 0, NULL, NULL, NULL, '2017-07-13 18:02:01', '2017-07-13 18:02:01', NULL),
(1920, 9, 110, NULL, 0, NULL, 0, 60000, 'Pcs', NULL, NULL, NULL, 0, NULL, NULL, NULL, '2017-07-13 18:02:01', '2017-07-13 18:02:01', NULL),
(1921, 9, 111, NULL, 0, NULL, 0, 15000, 'Pcs', NULL, NULL, NULL, 0, NULL, NULL, NULL, '2017-07-13 18:02:01', '2017-07-13 18:02:01', NULL),
(1922, 9, 112, NULL, 0, NULL, 0, 15000, 'Pcs', NULL, NULL, NULL, 0, NULL, NULL, NULL, '2017-07-13 18:02:01', '2017-07-13 18:02:01', NULL),
(1923, 9, 113, NULL, 0, NULL, 0, 15000, 'Pcs', NULL, NULL, NULL, 0, NULL, NULL, NULL, '2017-07-13 18:02:01', '2017-07-13 18:02:01', NULL),
(1924, 9, 114, NULL, 0, NULL, 0, 22000, 'Pcs', NULL, NULL, NULL, 0, NULL, NULL, NULL, '2017-07-13 18:02:01', '2017-07-13 18:02:01', NULL),
(1925, 9, 115, NULL, 0, NULL, 0, 17000, 'Pcs', NULL, NULL, NULL, 0, NULL, NULL, NULL, '2017-07-13 18:02:01', '2017-07-13 18:02:01', NULL),
(1926, 9, 116, NULL, 0, NULL, 0, 100000, 'Pcs', NULL, NULL, NULL, 0, NULL, NULL, NULL, '2017-07-13 18:02:02', '2017-07-13 18:02:02', NULL),
(1927, 9, 117, NULL, 0, NULL, 0, 1050000, 'Unit', NULL, NULL, NULL, 0, NULL, NULL, NULL, '2017-07-13 18:02:02', '2017-07-13 18:02:02', NULL),
(1928, 9, 309, NULL, 0, NULL, 0, 500000, 'Unit', NULL, NULL, NULL, 0, NULL, NULL, NULL, '2017-07-13 18:02:02', '2017-07-13 18:02:02', NULL),
(1929, 9, 310, NULL, 0, NULL, 0, 1750000, 'Pcs', NULL, NULL, NULL, 0, NULL, NULL, NULL, '2017-07-13 18:02:02', '2017-07-13 18:02:02', NULL),
(1930, 9, 118, NULL, 2, 5, 0, 145000, 'Pack', NULL, NULL, NULL, 725000, NULL, NULL, NULL, '2017-07-13 18:02:02', '2017-04-13 20:19:56', NULL),
(1931, 9, 120, NULL, 33, 0, 0, 230000, 'Pack', NULL, NULL, NULL, 0, NULL, NULL, NULL, '2017-07-13 18:02:02', '2017-04-13 20:19:56', NULL),
(1932, 9, 121, NULL, 3, 0, 0, 315000, 'Pack', NULL, NULL, NULL, 0, NULL, NULL, NULL, '2017-07-13 18:02:02', '2017-04-13 20:19:56', NULL),
(1933, 9, 122, NULL, 0, NULL, 0, 176000, 'Pack', NULL, NULL, NULL, 0, NULL, NULL, NULL, '2017-07-13 18:02:02', '2017-07-13 18:02:02', NULL),
(1934, 9, 123, NULL, 0, NULL, 0, 230000, 'Pack', NULL, NULL, NULL, 0, NULL, NULL, NULL, '2017-07-13 18:02:02', '2017-07-13 18:02:02', NULL),
(1935, 9, 124, NULL, 0, NULL, 0, 193000, 'Pack', NULL, NULL, NULL, 0, NULL, NULL, NULL, '2017-07-13 18:02:02', '2017-07-13 18:02:02', NULL),
(1936, 9, 125, NULL, 0, NULL, 0, 193000, 'Pack', NULL, NULL, NULL, 0, NULL, NULL, NULL, '2017-07-13 18:02:02', '2017-07-13 18:02:02', NULL),
(1937, 9, 126, NULL, 0, NULL, 0, 0, 'Pack', NULL, NULL, NULL, 0, NULL, NULL, NULL, '2017-07-13 18:02:02', '2017-07-13 18:02:02', NULL),
(1938, 9, 127, NULL, 0, NULL, 0, 172500, 'Pack', NULL, NULL, NULL, 0, NULL, NULL, NULL, '2017-07-13 18:02:03', '2017-07-13 18:02:03', NULL),
(1939, 9, 128, NULL, 0, NULL, 0, 145000, 'Pack', NULL, NULL, NULL, 0, NULL, NULL, NULL, '2017-07-13 18:02:03', '2017-07-13 18:02:03', NULL),
(1940, 9, 129, NULL, 0, NULL, 0, 210000, 'Botol', NULL, NULL, NULL, 0, NULL, NULL, NULL, '2017-07-13 18:02:03', '2017-07-13 18:02:03', NULL),
(1941, 9, 130, NULL, 0, NULL, 0, 121000, 'Botol', NULL, NULL, NULL, 0, NULL, NULL, NULL, '2017-07-13 18:02:03', '2017-07-13 18:02:03', NULL),
(1942, 9, 131, NULL, 0, NULL, 0, 121000, 'Botol', NULL, NULL, NULL, 0, NULL, NULL, NULL, '2017-07-13 18:02:03', '2017-07-13 18:02:03', NULL),
(1943, 9, 132, NULL, 0, NULL, 0, 121000, 'Botol', NULL, NULL, NULL, 0, NULL, NULL, NULL, '2017-07-13 18:02:03', '2017-07-13 18:02:03', NULL),
(1944, 9, 134, NULL, 0, NULL, 0, 121000, 'Botol', NULL, NULL, NULL, 0, NULL, NULL, NULL, '2017-07-13 18:02:03', '2017-07-13 18:02:03', NULL),
(1945, 9, 135, NULL, 0, NULL, 0, 121000, 'Botol', NULL, NULL, NULL, 0, NULL, NULL, NULL, '2017-07-13 18:02:03', '2017-07-13 18:02:03', NULL),
(1946, 9, 136, NULL, 0, NULL, 0, 121000, 'Botol', NULL, NULL, NULL, 0, NULL, NULL, NULL, '2017-07-13 18:02:03', '2017-07-13 18:02:03', NULL),
(1947, 9, 137, NULL, 0, NULL, 0, 121000, 'Botol', NULL, NULL, NULL, 0, NULL, NULL, NULL, '2017-07-13 18:02:03', '2017-07-13 18:02:03', NULL),
(1948, 9, 138, NULL, 0, NULL, 0, 121000, 'Botol', NULL, NULL, NULL, 0, NULL, NULL, NULL, '2017-07-13 18:02:04', '2017-07-13 18:02:04', NULL),
(1949, 9, 139, NULL, 0, NULL, 0, 121000, 'Botol', NULL, NULL, NULL, 0, NULL, NULL, NULL, '2017-07-13 18:02:04', '2017-07-13 18:02:04', NULL),
(1950, 9, 140, NULL, 0, NULL, 0, 121000, 'Botol', NULL, NULL, NULL, 0, NULL, NULL, NULL, '2017-07-13 18:02:04', '2017-07-13 18:02:04', NULL),
(1951, 9, 141, NULL, 0, NULL, 0, 265100, 'Botol', NULL, NULL, NULL, 0, NULL, NULL, NULL, '2017-07-13 18:02:04', '2017-07-13 18:02:04', NULL),
(1952, 9, 142, NULL, 0, NULL, 0, 183500, 'Botol', NULL, NULL, NULL, 0, NULL, NULL, NULL, '2017-07-13 18:02:04', '2017-07-13 18:02:04', NULL),
(1953, 9, 143, NULL, 0, NULL, 0, 183500, 'Botol', NULL, NULL, NULL, 0, NULL, NULL, NULL, '2017-07-13 18:02:04', '2017-07-13 18:02:04', NULL),
(1954, 9, 144, NULL, 0, NULL, 0, 183500, 'Drigen', NULL, NULL, NULL, 0, NULL, NULL, NULL, '2017-07-13 18:02:04', '2017-07-13 18:02:04', NULL),
(1955, 9, 145, NULL, 0, NULL, 0, 183500, 'Drigen', NULL, NULL, NULL, 0, NULL, NULL, NULL, '2017-07-13 18:02:04', '2017-07-13 18:02:04', NULL),
(1956, 9, 146, NULL, 0, NULL, 0, 183500, 'Drigen', NULL, NULL, NULL, 0, NULL, NULL, NULL, '2017-07-13 18:02:04', '2017-07-13 18:02:04', NULL),
(1957, 9, 147, NULL, 0, NULL, 0, 182000, 'Pack', NULL, NULL, NULL, 0, NULL, NULL, NULL, '2017-07-13 18:02:04', '2017-07-13 18:02:04', NULL),
(1958, 9, 148, NULL, 0, NULL, 0, 259000, 'Pack', NULL, NULL, NULL, 0, NULL, NULL, NULL, '2017-07-13 18:02:04', '2017-07-13 18:02:04', NULL),
(1959, 9, 149, NULL, 0, NULL, 0, 120000, 'Pack', NULL, NULL, NULL, 0, NULL, NULL, NULL, '2017-07-13 18:02:04', '2017-07-13 18:02:04', NULL),
(1960, 9, 150, NULL, 0, NULL, 0, 50000, 'Pack', NULL, NULL, NULL, 0, NULL, NULL, NULL, '2017-07-13 18:02:04', '2017-07-13 18:02:04', NULL),
(1961, 9, 151, NULL, 0, NULL, 0, 250000, 'Carton', NULL, NULL, NULL, 0, NULL, NULL, NULL, '2017-07-13 18:02:05', '2017-07-13 18:02:05', NULL),
(1962, 9, 152, NULL, 0, NULL, 0, 10000, 'Kg', NULL, NULL, NULL, 0, NULL, NULL, NULL, '2017-07-13 18:02:05', '2017-07-13 18:02:05', NULL),
(1963, 9, 153, NULL, 0, NULL, 0, 120000, 'Dus', NULL, NULL, NULL, 0, NULL, NULL, NULL, '2017-07-13 18:02:05', '2017-07-13 18:02:05', NULL),
(1964, 9, 154, NULL, 0, NULL, 0, 55000, 'Pack', NULL, NULL, NULL, 0, NULL, NULL, NULL, '2017-07-13 18:02:05', '2017-07-13 18:02:05', NULL),
(1965, 9, 155, NULL, 0, NULL, 0, 0, 'Pack', NULL, NULL, NULL, 0, NULL, NULL, NULL, '2017-07-13 18:02:05', '2017-07-13 18:02:05', NULL),
(1966, 9, 156, NULL, 0, NULL, 0, 19500, 'Pack', NULL, NULL, NULL, 0, NULL, NULL, NULL, '2017-07-13 18:02:05', '2017-07-13 18:02:05', NULL),
(1967, 9, 157, NULL, 0, NULL, 0, 15000, 'Pack', NULL, NULL, NULL, 0, NULL, NULL, NULL, '2017-07-13 18:02:05', '2017-07-13 18:02:05', NULL),
(1968, 9, 158, NULL, 0, NULL, 0, 6000, 'Pack', NULL, NULL, NULL, 0, NULL, NULL, NULL, '2017-07-13 18:02:05', '2017-07-13 18:02:05', NULL),
(1969, 9, 159, NULL, 0, NULL, 0, 0, 'Carton', NULL, NULL, NULL, 0, NULL, NULL, NULL, '2017-07-13 18:02:05', '2017-07-13 18:02:05', NULL),
(1970, 9, 160, NULL, 0, NULL, 0, 531000, 'Carton', NULL, NULL, NULL, 0, NULL, NULL, NULL, '2017-07-13 18:02:05', '2017-07-13 18:02:05', NULL),
(1971, 9, 161, NULL, 0, NULL, 0, 416000, 'Carton', NULL, NULL, NULL, 0, NULL, NULL, NULL, '2017-07-13 18:02:05', '2017-07-13 18:02:05', NULL),
(1972, 9, 162, NULL, 0, NULL, 0, 0, 'Carton', NULL, NULL, NULL, 0, NULL, NULL, NULL, '2017-07-13 18:02:05', '2017-07-13 18:02:05', NULL),
(1973, 9, 163, NULL, 0, NULL, 0, 185000, 'Dus', NULL, NULL, NULL, 0, NULL, NULL, NULL, '2017-07-13 18:02:05', '2017-07-13 18:02:05', NULL),
(1974, 9, 164, NULL, 0, NULL, 0, 950000, 'Dus', NULL, NULL, NULL, 0, NULL, NULL, NULL, '2017-07-13 18:02:05', '2017-07-13 18:02:05', NULL),
(1975, 9, 165, NULL, 0, NULL, 0, 135000, 'Carton', NULL, NULL, NULL, 0, NULL, NULL, NULL, '2017-07-13 18:02:05', '2017-07-13 18:02:05', NULL),
(1976, 9, 166, NULL, 0, NULL, 0, 325000, 'Pack', NULL, NULL, NULL, 0, NULL, NULL, NULL, '2017-07-13 18:02:06', '2017-07-13 18:02:06', NULL),
(1977, 9, 167, NULL, 0, NULL, 0, 81000, 'Dus', NULL, NULL, NULL, 0, NULL, NULL, NULL, '2017-07-13 18:02:06', '2017-07-13 18:02:06', NULL),
(1978, 9, 168, NULL, 0, NULL, 0, 275000, 'Carton', NULL, NULL, NULL, 0, NULL, NULL, NULL, '2017-07-13 18:02:06', '2017-07-13 18:02:06', NULL),
(1979, 9, 169, NULL, 0, NULL, 0, 200000, 'Dus', NULL, NULL, NULL, 0, NULL, NULL, NULL, '2017-07-13 18:02:06', '2017-07-13 18:02:06', NULL),
(1980, 9, 170, NULL, 0, NULL, 0, 213000, 'Carton', NULL, NULL, NULL, 0, NULL, NULL, NULL, '2017-07-13 18:02:06', '2017-07-13 18:02:06', NULL),
(1981, 9, 171, NULL, 0, NULL, 0, 1550000, 'Dus', NULL, NULL, NULL, 0, NULL, NULL, NULL, '2017-07-13 18:02:06', '2017-07-13 18:02:06', NULL),
(1982, 9, 172, NULL, 0, NULL, 0, 120000, 'Pack', NULL, NULL, NULL, 0, NULL, NULL, NULL, '2017-07-13 18:02:06', '2017-07-13 18:02:06', NULL),
(1983, 9, 173, NULL, 0, NULL, 0, 335000, 'Toples', NULL, NULL, NULL, 0, NULL, NULL, NULL, '2017-07-13 18:02:06', '2017-07-13 18:02:06', NULL),
(1984, 9, 174, NULL, 0, NULL, 0, 253000, 'Toples', NULL, NULL, NULL, 0, NULL, NULL, NULL, '2017-07-13 18:02:06', '2017-07-13 18:02:06', NULL),
(1985, 9, 175, NULL, 0, NULL, 0, 17500, 'Pack', NULL, NULL, NULL, 0, NULL, NULL, NULL, '2017-07-13 18:02:06', '2017-07-13 18:02:06', NULL),
(1986, 9, 176, NULL, 0, NULL, 0, 78000, 'Kaleng ', NULL, NULL, NULL, 0, NULL, NULL, NULL, '2017-07-13 18:02:06', '2017-07-13 18:02:06', NULL),
(1987, 9, 177, NULL, 0, NULL, 0, 108000, 'Botol', NULL, NULL, NULL, 0, NULL, NULL, NULL, '2017-07-13 18:02:07', '2017-07-13 18:02:07', NULL),
(1988, 9, 178, NULL, 0, NULL, 0, 35000, 'Pack', NULL, NULL, NULL, 0, NULL, NULL, NULL, '2017-07-13 18:02:07', '2017-07-13 18:02:07', NULL),
(1989, 9, 179, NULL, 0, NULL, 0, 36000, 'Pack', NULL, NULL, NULL, 0, NULL, NULL, NULL, '2017-07-13 18:02:07', '2017-07-13 18:02:07', NULL),
(1990, 9, 180, NULL, 0, NULL, 0, 19500, 'Pack', NULL, NULL, NULL, 0, NULL, NULL, NULL, '2017-07-13 18:02:07', '2017-07-13 18:02:07', NULL),
(1991, 9, 181, NULL, 0, NULL, 0, 0, 'Carton', NULL, NULL, NULL, 0, NULL, NULL, NULL, '2017-07-13 18:02:07', '2017-07-13 18:02:07', NULL),
(1992, 9, 182, NULL, 0, NULL, 0, 1020000, 'Dus', NULL, NULL, NULL, 0, NULL, NULL, NULL, '2017-07-13 18:02:07', '2017-07-13 18:02:07', NULL),
(1993, 9, 183, NULL, 0, NULL, 0, 105000, 'Botol', NULL, NULL, NULL, 0, NULL, NULL, NULL, '2017-07-13 18:02:07', '2017-07-13 18:02:07', NULL),
(1994, 9, 184, NULL, 0, NULL, 0, 108000, 'Pack', NULL, NULL, NULL, 0, NULL, NULL, NULL, '2017-07-13 18:02:07', '2017-07-13 18:02:07', NULL),
(1995, 9, 185, NULL, 0, NULL, 0, 0, 'Pack', NULL, NULL, NULL, 0, NULL, NULL, NULL, '2017-07-13 18:02:07', '2017-07-13 18:02:07', NULL),
(1996, 9, 186, NULL, 0, NULL, 0, 138000, 'Pack', NULL, NULL, NULL, 0, NULL, NULL, NULL, '2017-07-13 18:02:07', '2017-07-13 18:02:07', NULL),
(1997, 9, 187, NULL, 0, NULL, 0, 78000, 'Pack', NULL, NULL, NULL, 0, NULL, NULL, NULL, '2017-07-13 18:02:08', '2017-07-13 18:02:08', NULL),
(1998, 9, 188, NULL, 0, NULL, 0, 0, 'Toples', NULL, NULL, NULL, 0, NULL, NULL, NULL, '2017-07-13 18:02:08', '2017-07-13 18:02:08', NULL),
(1999, 9, 189, NULL, 0, NULL, 0, 253000, 'Botol', NULL, NULL, NULL, 0, NULL, NULL, NULL, '2017-07-13 18:02:08', '2017-07-13 18:02:08', NULL),
(2000, 9, 190, NULL, 0, NULL, 0, 45000, 'Pack', NULL, NULL, NULL, 0, NULL, NULL, NULL, '2017-07-13 18:02:08', '2017-07-13 18:02:08', NULL),
(2001, 9, 191, NULL, 0, NULL, 0, 14000, 'Botol', NULL, NULL, NULL, 0, NULL, NULL, NULL, '2017-07-13 18:02:08', '2017-07-13 18:02:08', NULL),
(2002, 9, 192, NULL, 0, NULL, 0, 12000, 'Botol', NULL, NULL, NULL, 0, NULL, NULL, NULL, '2017-07-13 18:02:08', '2017-07-13 18:02:08', NULL),
(2003, 9, 193, NULL, 0, NULL, 0, 15500, 'Botol', NULL, NULL, NULL, 0, NULL, NULL, NULL, '2017-07-13 18:02:09', '2017-07-13 18:02:09', NULL),
(2004, 9, 194, NULL, 0, NULL, 0, 13000, 'Botol', NULL, NULL, NULL, 0, NULL, NULL, NULL, '2017-07-13 18:02:09', '2017-07-13 18:02:09', NULL),
(2005, 9, 195, NULL, 0, NULL, 0, 18000, 'Botol', NULL, NULL, NULL, 0, NULL, NULL, NULL, '2017-07-13 18:02:09', '2017-07-13 18:02:09', NULL),
(2006, 9, 196, NULL, 0, NULL, 0, 33000, 'Pack', NULL, NULL, NULL, 0, NULL, NULL, NULL, '2017-07-13 18:02:09', '2017-07-13 18:02:09', NULL),
(2007, 9, 197, NULL, 0, NULL, 0, 18000, 'Kg', NULL, NULL, NULL, 0, NULL, NULL, NULL, '2017-07-13 18:02:09', '2017-07-13 18:02:09', NULL),
(2008, 9, 198, NULL, 0, NULL, 0, 60000, 'Pack', NULL, NULL, NULL, 0, NULL, NULL, NULL, '2017-07-13 18:02:09', '2017-07-13 18:02:09', NULL),
(2009, 9, 199, NULL, 0, NULL, 0, 120000, 'Pack', NULL, NULL, NULL, 0, NULL, NULL, NULL, '2017-07-13 18:02:09', '2017-07-13 18:02:09', NULL),
(2010, 9, 200, NULL, 0, NULL, 0, 16000, 'Kg', NULL, NULL, NULL, 0, NULL, NULL, NULL, '2017-07-13 18:02:09', '2017-07-13 18:02:09', NULL),
(2011, 9, 201, NULL, 0, NULL, 0, 193000, 'Toples', NULL, NULL, NULL, 0, NULL, NULL, NULL, '2017-07-13 18:02:09', '2017-07-13 18:02:09', NULL),
(2012, 9, 202, NULL, 0, NULL, 0, 150000, 'Pack', NULL, NULL, NULL, 0, NULL, NULL, NULL, '2017-07-13 18:02:09', '2017-07-13 18:02:09', NULL),
(2013, 9, 203, NULL, 0, NULL, 0, 130000, 'Pack', NULL, NULL, NULL, 0, NULL, NULL, NULL, '2017-07-13 18:02:10', '2017-07-13 18:02:10', NULL),
(2014, 9, 204, NULL, 0, NULL, 0, 85000, 'Botol', NULL, NULL, NULL, 0, NULL, NULL, NULL, '2017-07-13 18:02:10', '2017-07-13 18:02:10', NULL),
(2015, 9, 205, NULL, 0, NULL, 0, 127050, 'Pail', NULL, NULL, NULL, 0, NULL, NULL, NULL, '2017-07-13 18:02:10', '2017-07-13 18:02:10', NULL),
(2016, 9, 206, NULL, 0, NULL, 0, 127050, 'Pail', NULL, NULL, NULL, 0, NULL, NULL, NULL, '2017-07-13 18:02:10', '2017-07-13 18:02:10', NULL),
(2017, 9, 207, NULL, 0, NULL, 0, 146410, 'Pail', NULL, NULL, NULL, 0, NULL, NULL, NULL, '2017-07-13 18:02:10', '2017-07-13 18:02:10', NULL),
(2018, 9, 208, NULL, 0, NULL, 0, 330000, 'Pail', NULL, NULL, NULL, 0, NULL, NULL, NULL, '2017-07-13 18:02:10', '2017-07-13 18:02:10', NULL),
(2019, 9, 209, NULL, 0, NULL, 0, 330000, 'Pail', NULL, NULL, NULL, 0, NULL, NULL, NULL, '2017-07-13 18:02:10', '2017-07-13 18:02:10', NULL),
(2020, 9, 210, NULL, 0, NULL, 0, 0, 'Pack', NULL, NULL, NULL, 0, NULL, NULL, NULL, '2017-07-13 18:02:11', '2017-07-13 18:02:11', NULL),
(2021, 9, 211, NULL, 0, NULL, 0, 330000, 'Box', NULL, NULL, NULL, 0, NULL, NULL, NULL, '2017-07-13 18:02:11', '2017-07-13 18:02:11', NULL),
(2022, 9, 212, NULL, 0, NULL, 0, 330000, 'Box', NULL, NULL, NULL, 0, NULL, NULL, NULL, '2017-07-13 18:02:11', '2017-07-13 18:02:11', NULL),
(2023, 9, 213, NULL, 0, NULL, 0, 200000, 'Box', NULL, NULL, NULL, 0, NULL, NULL, NULL, '2017-07-13 18:02:11', '2017-07-13 18:02:11', NULL),
(2024, 9, 214, NULL, 0, NULL, 0, 120000, 'Box', NULL, NULL, NULL, 0, NULL, NULL, NULL, '2017-07-13 18:02:11', '2017-07-13 18:02:11', NULL),
(2025, 9, 215, NULL, 0, NULL, 0, 125000, 'Carton', NULL, NULL, NULL, 0, NULL, NULL, NULL, '2017-07-13 18:02:11', '2017-07-13 18:02:11', NULL),
(2026, 9, 216, NULL, 0, NULL, 0, 92500, 'Pack', NULL, NULL, NULL, 0, NULL, NULL, NULL, '2017-07-13 18:02:11', '2017-07-13 18:02:11', NULL),
(2027, 9, 217, NULL, 0, NULL, 0, 13000, 'Pack', NULL, NULL, NULL, 0, NULL, NULL, NULL, '2017-07-13 18:02:12', '2017-07-13 18:02:12', NULL),
(2028, 9, 218, NULL, 0, NULL, 0, 138000, 'Kg', NULL, NULL, NULL, 0, NULL, NULL, NULL, '2017-07-13 18:02:12', '2017-07-13 18:02:12', NULL),
(2029, 9, 219, NULL, 0, NULL, 0, 245000, 'Kg', NULL, NULL, NULL, 0, NULL, NULL, NULL, '2017-07-13 18:02:12', '2017-07-13 18:02:12', NULL),
(2030, 9, 220, NULL, 0, NULL, 0, 50000, 'Kg', NULL, NULL, NULL, 0, NULL, NULL, NULL, '2017-07-13 18:02:12', '2017-07-13 18:02:12', NULL),
(2031, 9, 221, NULL, 0, NULL, 0, 215000, 'Pack', NULL, NULL, NULL, 0, NULL, NULL, NULL, '2017-07-13 18:02:12', '2017-07-13 18:02:12', NULL),
(2032, 9, 222, NULL, 0, NULL, 0, 140000, 'pack', NULL, NULL, NULL, 0, NULL, NULL, NULL, '2017-07-13 18:02:12', '2017-07-13 18:02:12', NULL),
(2033, 9, 223, NULL, 0, NULL, 0, 68000, 'Pack', NULL, NULL, NULL, 0, NULL, NULL, NULL, '2017-07-13 18:02:12', '2017-07-13 18:02:12', NULL),
(2034, 9, 224, NULL, 0, NULL, 0, 30000, 'Pack ', NULL, NULL, NULL, 0, NULL, NULL, NULL, '2017-07-13 18:02:12', '2017-07-13 18:02:12', NULL),
(2035, 9, 225, NULL, 0, NULL, 0, 0, 'Carton', NULL, NULL, NULL, 0, NULL, NULL, NULL, '2017-07-13 18:02:12', '2017-07-13 18:02:12', NULL),
(2036, 9, 226, NULL, 0, NULL, 0, 50000, 'Kg', NULL, NULL, NULL, 0, NULL, NULL, NULL, '2017-07-13 18:02:13', '2017-07-13 18:02:13', NULL),
(2037, 9, 227, NULL, 0, NULL, 0, 80000, 'Drigen', NULL, NULL, NULL, 0, NULL, NULL, NULL, '2017-07-13 18:02:13', '2017-07-13 18:02:13', NULL),
(2038, 9, 228, NULL, 0, NULL, 0, 120000, 'Drigen', NULL, NULL, NULL, 0, NULL, NULL, NULL, '2017-07-13 18:02:13', '2017-07-13 18:02:13', NULL),
(2039, 9, 229, NULL, 0, NULL, 0, 230000, 'Drigen', NULL, NULL, NULL, 0, NULL, NULL, NULL, '2017-07-13 18:02:13', '2017-07-13 18:02:13', NULL),
(2040, 9, 230, NULL, 0, NULL, 0, 22000, 'Kg', NULL, NULL, NULL, 0, NULL, NULL, NULL, '2017-07-13 18:02:13', '2017-07-13 18:02:13', NULL),
(2041, 9, 231, NULL, 0, NULL, 0, 132000, 'Drigen', NULL, NULL, NULL, 0, NULL, NULL, NULL, '2017-07-13 18:02:13', '2017-07-13 18:02:13', NULL),
(2042, 9, 232, NULL, 0, NULL, 0, 0, 'Botol', NULL, NULL, NULL, 0, NULL, NULL, NULL, '2017-07-13 18:02:13', '2017-07-13 18:02:13', NULL),
(2043, 9, 233, NULL, 0, NULL, 0, 145000, 'Drigen', NULL, NULL, NULL, 0, NULL, NULL, NULL, '2017-07-13 18:02:14', '2017-07-13 18:02:14', NULL),
(2044, 9, 234, NULL, 0, NULL, 0, 135000, 'Drigen', NULL, NULL, NULL, 0, NULL, NULL, NULL, '2017-07-13 18:02:14', '2017-07-13 18:02:14', NULL),
(2045, 9, 235, NULL, 0, NULL, 0, 45000, 'Drigen', NULL, NULL, NULL, 0, NULL, NULL, NULL, '2017-07-13 18:02:14', '2017-07-13 18:02:14', NULL),
(2046, 9, 236, NULL, 0, NULL, 0, 78000, 'Pack', NULL, NULL, NULL, 0, NULL, NULL, NULL, '2017-07-13 18:02:14', '2017-07-13 18:02:14', NULL),
(2047, 9, 237, NULL, 0, NULL, 0, 147500, 'Drigen', NULL, NULL, NULL, 0, NULL, NULL, NULL, '2017-07-13 18:02:14', '2017-07-13 18:02:14', NULL),
(2048, 9, 238, NULL, 0, NULL, 0, 120000, 'Drigen', NULL, NULL, NULL, 0, NULL, NULL, NULL, '2017-07-13 18:02:14', '2017-07-13 18:02:14', NULL),
(2049, 9, 239, NULL, 0, NULL, 0, 125000, 'Drigen', NULL, NULL, NULL, 0, NULL, NULL, NULL, '2017-07-13 18:02:14', '2017-07-13 18:02:14', NULL),
(2050, 9, 240, NULL, 0, NULL, 0, 125000, 'Drigen', NULL, NULL, NULL, 0, NULL, NULL, NULL, '2017-07-13 18:02:14', '2017-07-13 18:02:14', NULL),
(2051, 9, 241, NULL, 0, NULL, 0, 125000, 'Drigen', NULL, NULL, NULL, 0, NULL, NULL, NULL, '2017-07-13 18:02:14', '2017-07-13 18:02:14', NULL),
(2052, 9, 242, NULL, 0, NULL, 0, 0, 'Meter2', NULL, NULL, NULL, 0, NULL, NULL, NULL, '2017-07-13 18:02:14', '2017-07-13 18:02:14', NULL),
(2053, 9, 243, NULL, 0, NULL, 0, 0, 'Meter2', NULL, NULL, NULL, 0, NULL, NULL, NULL, '2017-07-13 18:02:14', '2017-07-13 18:02:14', NULL),
(2054, 9, 244, NULL, 0, NULL, 0, 0, 'Meter2', NULL, NULL, NULL, 0, NULL, NULL, NULL, '2017-07-13 18:02:15', '2017-07-13 18:02:15', NULL),
(2055, 9, 245, NULL, 0, NULL, 0, 0, 'Meter2', NULL, NULL, NULL, 0, NULL, NULL, NULL, '2017-07-13 18:02:15', '2017-07-13 18:02:15', NULL);

--
-- Triggers `item_central_detail`
--
DELIMITER $$
CREATE TRIGGER `total_ic_insert` AFTER INSERT ON `item_central_detail` FOR EACH ROW BEGIN

IF EXISTS (SELECT id FROM item_central WHERE id IN (NEW.item_central_id)) THEN

UPDATE item_central SET total_item_central= (SELECT IFNULL(SUM(quantity*price),0) FROM item_central_detail WHERE item_central_id IN (NEW.item_central_id)
AND item_central_detail.item_central_id=item_central.id), total_invoice= (SELECT IFNULL(SUM(quantity_actual*price),0) FROM item_central_detail WHERE item_central_id IN (NEW.item_central_id)
AND item_central_detail.item_central_id=item_central.id) WHERE item_central.id IN (NEW.item_central_id);

END IF;

END
$$
DELIMITER ;
DELIMITER $$
CREATE TRIGGER `total_ic_update` AFTER UPDATE ON `item_central_detail` FOR EACH ROW BEGIN

IF EXISTS (SELECT id FROM item_central WHERE id IN (NEW.item_central_id)) THEN

UPDATE item_central SET total_item_central= (SELECT IFNULL(SUM(quantity*price),0) FROM item_central_detail WHERE item_central_id IN (NEW.item_central_id)
AND item_central_detail.item_central_id=item_central.id), total_invoice= (SELECT IFNULL(SUM(quantity_actual*price),0) FROM item_central_detail WHERE item_central_id IN (NEW.item_central_id)
AND item_central_detail.item_central_id=item_central.id) WHERE item_central.id IN (NEW.item_central_id);

END IF;

END
$$
DELIMITER ;

-- --------------------------------------------------------

--
-- Table structure for table `item_central_import`
--

CREATE TABLE `item_central_import` (
  `id` int(10) UNSIGNED NOT NULL,
  `item_name` varchar(255) COLLATE utf8_unicode_ci DEFAULT NULL,
  `quantity` double DEFAULT NULL,
  `stock` double DEFAULT NULL
) ENGINE=InnoDB DEFAULT CHARSET=utf8 COLLATE=utf8_unicode_ci;

-- --------------------------------------------------------

--
-- Table structure for table `item_type`
--

CREATE TABLE `item_type` (
  `id` int(10) UNSIGNED NOT NULL,
  `type_name` varchar(255) COLLATE utf8_unicode_ci NOT NULL,
  `type_desc` varchar(255) COLLATE utf8_unicode_ci NOT NULL,
  `created_by` int(10) UNSIGNED DEFAULT NULL,
  `updated_by` int(10) UNSIGNED DEFAULT NULL,
  `deleted_by` int(10) UNSIGNED DEFAULT NULL,
  `created_at` timestamp NULL DEFAULT NULL,
  `updated_at` timestamp NULL DEFAULT NULL,
  `deleted_at` timestamp NULL DEFAULT NULL
) ENGINE=InnoDB DEFAULT CHARSET=utf8 COLLATE=utf8_unicode_ci;

--
-- Dumping data for table `item_type`
--

INSERT INTO `item_type` (`id`, `type_name`, `type_desc`, `created_by`, `updated_by`, `deleted_by`, `created_at`, `updated_at`, `deleted_at`) VALUES
(1, 'Item Central', 'Item Central', 1, NULL, NULL, '2017-05-03 17:41:25', '2017-05-03 17:41:25', NULL),
(2, 'Cashbond', 'Cashbond', 1, 1, NULL, '2017-05-03 17:41:39', '2017-05-22 01:13:51', NULL),
(3, 'Invoice', 'Invoice', NULL, NULL, NULL, NULL, NULL, NULL);

-- --------------------------------------------------------

--
-- Table structure for table `migrations`
--

CREATE TABLE `migrations` (
  `id` int(10) UNSIGNED NOT NULL,
  `migration` varchar(255) COLLATE utf8_unicode_ci NOT NULL,
  `batch` int(11) NOT NULL
) ENGINE=InnoDB DEFAULT CHARSET=utf8 COLLATE=utf8_unicode_ci;

--
-- Dumping data for table `migrations`
--

INSERT INTO `migrations` (`id`, `migration`, `batch`) VALUES
(1, '2014_10_12_000000_create_users_table', 1),
(2, '2014_10_12_100000_create_password_resets_table', 1),
(3, '2016_10_12_025055_create_roles_table', 1),
(4, '2016_10_12_025203_create_users_roles_table', 1),
(5, '2016_11_20_063657_create_foods_table', 1),
(6, '2016_11_20_063738_create_drinks_table', 1),
(7, '2016_11_23_063827_create_events_table', 2),
(8, '2016_11_23_063904_create_event_images_table', 2),
(9, '2017_05_02_071527_create_module_table', 3),
(10, '2017_05_02_071550_create_action_table', 3);

-- --------------------------------------------------------

--
-- Table structure for table `module`
--

CREATE TABLE `module` (
  `id` int(10) UNSIGNED NOT NULL,
  `name` varchar(255) COLLATE utf8_unicode_ci NOT NULL,
  `description` varchar(255) COLLATE utf8_unicode_ci DEFAULT NULL,
  `created_at` timestamp NULL DEFAULT NULL,
  `updated_at` timestamp NULL DEFAULT NULL,
  `deleted_at` timestamp NULL DEFAULT NULL
) ENGINE=InnoDB DEFAULT CHARSET=utf8 COLLATE=utf8_unicode_ci;

--
-- Dumping data for table `module`
--

INSERT INTO `module` (`id`, `name`, `description`, `created_at`, `updated_at`, `deleted_at`) VALUES
(1, 'user', 'Manajemen User', '2017-05-02 01:44:36', '2017-05-02 01:45:34', NULL),
(2, 'module', 'Module', NULL, NULL, NULL),
(3, 'action', 'Action', NULL, NULL, NULL),
(4, 'privilege', 'Privilege', NULL, NULL, NULL),
(5, 'item_central', 'item_central', '2017-05-02 18:06:01', '2017-05-02 18:06:01', NULL),
(6, 'item', 'item', '2017-05-02 18:06:17', '2017-05-02 18:06:17', NULL),
(7, 'item_category', 'item_category', '2017-05-02 18:06:32', '2017-05-02 18:06:32', NULL),
(8, 'item_type', 'item_type', '2017-05-03 17:37:39', '2017-05-03 17:37:39', NULL),
(9, 'revenue', 'revenue', '2017-05-19 01:38:17', '2017-05-19 01:38:17', NULL),
(10, 'cashbond', 'cashbond', '2017-05-19 01:39:02', '2017-05-19 01:39:02', NULL),
(11, 'cashbondbank', 'cashbondbank', '2017-05-19 01:39:10', '2017-05-19 01:39:10', NULL),
(12, 'invoice', 'invoice', '2017-05-19 01:39:23', '2017-05-19 01:39:23', NULL),
(13, 'invoicedirect', 'invoicedirect', '2017-05-19 01:39:30', '2017-05-19 01:39:30', NULL),
(14, 'item_central_bank', 'item_central_bank', '2017-05-19 01:39:56', '2017-05-19 01:39:56', NULL),
(15, 'cashbond_payroll', 'cashbond_payroll', '2017-05-19 01:40:06', '2017-05-19 01:40:06', NULL),
(16, 'payroll', 'payroll', '2017-05-19 01:40:15', '2017-05-19 01:40:15', NULL),
(17, 'franchise_fee', 'franchise_fee', '2017-05-19 01:40:23', '2017-05-19 01:40:23', NULL),
(18, 'employee', 'employee', '2017-05-19 01:40:30', '2017-05-19 01:40:30', NULL),
(19, 'invoice_type', 'invoice_type', '2017-05-19 01:41:08', '2017-05-19 01:41:08', NULL),
(20, 'vendor', 'vendor', '2017-05-19 01:41:16', '2017-05-19 01:41:16', NULL),
(21, 'branch', 'branch', '2017-05-25 19:32:13', '2017-05-25 19:32:13', NULL),
(22, 'vendoritem', 'vendoritem', '2017-07-05 19:02:47', '2017-07-05 19:02:47', NULL);

-- --------------------------------------------------------

--
-- Table structure for table `month`
--

CREATE TABLE `month` (
  `id` int(10) UNSIGNED NOT NULL,
  `month_name` varchar(255) COLLATE utf8_unicode_ci NOT NULL,
  `created_by` int(10) UNSIGNED DEFAULT NULL,
  `updated_by` int(10) UNSIGNED DEFAULT NULL,
  `deleted_by` int(10) UNSIGNED DEFAULT NULL,
  `created_at` timestamp NULL DEFAULT NULL,
  `updated_at` timestamp NULL DEFAULT NULL,
  `deleted_at` timestamp NULL DEFAULT NULL
) ENGINE=InnoDB DEFAULT CHARSET=utf8 COLLATE=utf8_unicode_ci;

--
-- Dumping data for table `month`
--

INSERT INTO `month` (`id`, `month_name`, `created_by`, `updated_by`, `deleted_by`, `created_at`, `updated_at`, `deleted_at`) VALUES
(1, 'January', NULL, NULL, NULL, NULL, NULL, NULL),
(2, 'February', NULL, NULL, NULL, NULL, NULL, NULL),
(3, 'March', NULL, NULL, NULL, NULL, NULL, NULL),
(4, 'April', NULL, NULL, NULL, NULL, NULL, NULL),
(5, 'May', NULL, NULL, NULL, NULL, NULL, NULL),
(6, 'June', NULL, NULL, NULL, NULL, NULL, NULL),
(7, 'July', NULL, NULL, NULL, NULL, NULL, NULL),
(8, 'August', NULL, NULL, NULL, NULL, NULL, NULL),
(9, 'September', NULL, NULL, NULL, NULL, NULL, NULL),
(10, 'October', NULL, NULL, NULL, NULL, NULL, NULL),
(11, 'November', NULL, NULL, NULL, NULL, NULL, NULL),
(12, 'December', NULL, NULL, NULL, NULL, NULL, NULL);

-- --------------------------------------------------------

--
-- Table structure for table `payroll`
--

CREATE TABLE `payroll` (
  `id` int(10) UNSIGNED NOT NULL,
  `month` varchar(255) COLLATE utf8_unicode_ci DEFAULT NULL,
  `year` varchar(255) COLLATE utf8_unicode_ci DEFAULT NULL,
  `total_salary` double DEFAULT NULL,
  `default_work_days` int(11) DEFAULT NULL,
  `approved` bit(1) DEFAULT NULL,
  `paid` bit(1) DEFAULT NULL,
  `approved_date` date DEFAULT NULL,
  `paid_date` date DEFAULT NULL,
  `branch_id` int(10) UNSIGNED NOT NULL,
  `attachment_receipt` varchar(255) COLLATE utf8_unicode_ci DEFAULT NULL,
  `status` int(11) NOT NULL DEFAULT '0',
  `comment` varchar(255) COLLATE utf8_unicode_ci DEFAULT NULL,
  `created_by` int(10) UNSIGNED DEFAULT NULL,
  `updated_by` int(10) UNSIGNED DEFAULT NULL,
  `deleted_by` int(10) UNSIGNED DEFAULT NULL,
  `created_at` timestamp NULL DEFAULT NULL,
  `updated_at` timestamp NULL DEFAULT NULL,
  `deleted_at` timestamp NULL DEFAULT NULL
) ENGINE=InnoDB DEFAULT CHARSET=utf8 COLLATE=utf8_unicode_ci;

--
-- Dumping data for table `payroll`
--

INSERT INTO `payroll` (`id`, `month`, `year`, `total_salary`, `default_work_days`, `approved`, `paid`, `approved_date`, `paid_date`, `branch_id`, `attachment_receipt`, `status`, `comment`, `created_by`, `updated_by`, `deleted_by`, `created_at`, `updated_at`, `deleted_at`) VALUES
(1, 'July', '2017', NULL, 25, NULL, NULL, NULL, NULL, 1, NULL, 0, 'Test', 1, 1, NULL, '2017-07-16 21:29:13', '2017-07-16 21:29:13', NULL),
(2, 'July', '2017', NULL, 25, NULL, NULL, NULL, NULL, 1, NULL, 0, 'Test 21', 1, 1, NULL, '2017-07-16 21:37:47', '2017-07-16 21:37:47', NULL),
(3, 'July', '2017', NULL, 24, NULL, NULL, NULL, NULL, 1, NULL, 0, 'Test', 1, 1, NULL, '2017-07-16 22:53:35', '2017-07-16 22:53:35', NULL),
(4, 'July', '2017', NULL, 23, NULL, NULL, '2017-08-16', NULL, 1, NULL, 3, 'Test', 1, 1, NULL, '2017-07-16 23:21:55', '2017-08-15 21:20:40', NULL),
(5, 'April', '2017', NULL, 56, NULL, NULL, NULL, NULL, 1, NULL, 0, 'gfhf ghg', 1, 1, NULL, '2017-09-26 23:52:45', '2017-09-26 23:52:45', NULL),
(6, 'March', '2017', NULL, 25, NULL, NULL, NULL, NULL, 1, NULL, 0, 'Test', 1, 1, NULL, '2017-09-27 19:12:15', '2017-09-27 19:12:15', NULL),
(7, 'July', '2017', NULL, 25, NULL, NULL, NULL, NULL, 1, NULL, 0, 'Test', 1, 1, NULL, '2017-09-27 19:12:48', '2017-09-27 19:12:48', NULL);

-- --------------------------------------------------------

--
-- Table structure for table `payroll_detail`
--

CREATE TABLE `payroll_detail` (
  `id` int(10) UNSIGNED NOT NULL,
  `payroll_id` int(10) UNSIGNED NOT NULL,
  `employee_id` int(10) UNSIGNED NOT NULL,
  `workdays` int(11) DEFAULT NULL,
  `slr_basic` int(11) DEFAULT NULL,
  `slr_transport` double DEFAULT NULL,
  `slr_tunjangan_makan` double DEFAULT NULL,
  `additional_cost` double DEFAULT NULL,
  `add_cost_desc` varchar(255) COLLATE utf8_unicode_ci DEFAULT NULL,
  `slr_cashbond` double DEFAULT NULL,
  `boarding_house` double DEFAULT NULL,
  `slr_thr` double DEFAULT NULL,
  `slr_pot_deposit` double DEFAULT NULL,
  `slr_peng_deposit` double DEFAULT NULL,
  `slr_total` double DEFAULT NULL,
  `slr_thp` double DEFAULT NULL,
  `created_by` int(10) UNSIGNED DEFAULT NULL,
  `updated_by` int(10) UNSIGNED DEFAULT NULL,
  `deleted_by` int(10) UNSIGNED DEFAULT NULL,
  `created_at` timestamp NULL DEFAULT NULL,
  `updated_at` timestamp NULL DEFAULT NULL,
  `deleted_at` timestamp NULL DEFAULT NULL
) ENGINE=InnoDB DEFAULT CHARSET=utf8 COLLATE=utf8_unicode_ci;

--
-- Dumping data for table `payroll_detail`
--

INSERT INTO `payroll_detail` (`id`, `payroll_id`, `employee_id`, `workdays`, `slr_basic`, `slr_transport`, `slr_tunjangan_makan`, `additional_cost`, `add_cost_desc`, `slr_cashbond`, `boarding_house`, `slr_thr`, `slr_pot_deposit`, `slr_peng_deposit`, `slr_total`, `slr_thp`, `created_by`, `updated_by`, `deleted_by`, `created_at`, `updated_at`, `deleted_at`) VALUES
(1, 2, 1, 23, 4000000, 200000, 300000, 0, '', 1400000, 100000, 100000, 500000, 150000, 4430000, 2430000, NULL, 1, NULL, '2017-07-16 22:51:58', '2017-07-16 22:52:31', '2017-07-16 22:52:31'),
(2, 2, 2, 23, 3000000, 0, 0, 0, '', 2, 0, 0, 0, 0, 2760000, 2759998, NULL, 1, NULL, '2017-07-16 22:51:58', '2017-07-16 22:52:31', '2017-07-16 22:52:31'),
(3, 2, 3, 23, 2400000, 0, 0, 0, '', 3, 0, 0, 0, 0, 2208000, 2207997, NULL, 1, NULL, '2017-07-16 22:51:58', '2017-07-16 22:52:31', '2017-07-16 22:52:31'),
(4, 2, 4, 23, 2400000, 0, 0, 0, '', 4, 0, 0, 0, 0, 2208000, 2207996, NULL, 1, NULL, '2017-07-16 22:51:58', '2017-07-16 22:52:31', '2017-07-16 22:52:31'),
(5, 2, 5, 23, 2300000, 0, 0, 0, '', 5, 0, 0, 0, 0, 2116000, 2115995, NULL, 1, NULL, '2017-07-16 22:51:58', '2017-07-16 22:52:31', '2017-07-16 22:52:31'),
(6, 2, 6, 23, 1800000, 0, 0, 0, '', 6, 0, 0, 0, 0, 1656000, 1655994, NULL, 1, NULL, '2017-07-16 22:51:58', '2017-07-16 22:52:31', '2017-07-16 22:52:31'),
(7, 2, 7, 23, 1800000, 0, 0, 0, '', 7, 0, 0, 0, 0, 1656000, 1655993, NULL, 1, NULL, '2017-07-16 22:51:58', '2017-07-16 22:52:31', '2017-07-16 22:52:31'),
(8, 2, 8, 23, 1800000, 0, 0, 0, '', 8, 0, 0, 0, 0, 1656000, 1655992, NULL, 1, NULL, '2017-07-16 22:51:58', '2017-07-16 22:52:31', '2017-07-16 22:52:31'),
(9, 2, 9, 23, 1800000, 0, 0, 0, '', 9, 0, 0, 0, 0, 1656000, 1655991, NULL, 1, NULL, '2017-07-16 22:51:58', '2017-07-16 22:52:31', '2017-07-16 22:52:31'),
(10, 2, 10, 23, 1800000, 0, 0, 0, '', 10, 0, 0, 0, 0, 1656000, 1655990, NULL, 1, NULL, '2017-07-16 22:51:58', '2017-07-16 22:52:31', '2017-07-16 22:52:31'),
(11, 2, 11, 23, 1800000, 0, 0, 0, '', 11, 0, 0, 0, 0, 1656000, 1655989, NULL, 1, NULL, '2017-07-16 22:51:58', '2017-07-16 22:52:31', '2017-07-16 22:52:31'),
(12, 2, 12, 23, 1800000, 0, 0, 0, '', 12, 0, 0, 0, 0, 1656000, 1655988, NULL, 1, NULL, '2017-07-16 22:51:58', '2017-07-16 22:52:31', '2017-07-16 22:52:31'),
(13, 2, 13, 23, 1800000, 0, 0, 0, '', 13, 0, 0, 0, 0, 1656000, 1655987, NULL, 1, NULL, '2017-07-16 22:51:58', '2017-07-16 22:52:31', '2017-07-16 22:52:31'),
(14, 2, 14, 23, 1800000, 0, 0, 0, '', 14, 0, 0, 0, 0, 1656000, 1655986, NULL, 1, NULL, '2017-07-16 22:51:58', '2017-07-16 22:52:31', '2017-07-16 22:52:31'),
(15, 2, 15, 23, 2400000, 0, 0, 0, '', 15, 0, 0, 0, 0, 2208000, 2207985, NULL, 1, NULL, '2017-07-16 22:51:58', '2017-07-16 22:52:31', '2017-07-16 22:52:31'),
(16, 2, 16, 23, 1800000, 0, 0, 0, '', 16, 0, 0, 0, 0, 1656000, 1655984, NULL, 1, NULL, '2017-07-16 22:51:58', '2017-07-16 22:52:31', '2017-07-16 22:52:31'),
(17, 2, 17, 23, 1800000, 0, 0, 0, '', 17, 0, 0, 0, 0, 1656000, 1655983, NULL, 1, NULL, '2017-07-16 22:51:58', '2017-07-16 22:52:31', '2017-07-16 22:52:31'),
(18, 2, 18, 23, 2100000, 0, 0, 0, '', 18, 0, 0, 0, 0, 1932000, 1931982, NULL, 1, NULL, '2017-07-16 22:51:59', '2017-07-16 22:52:31', '2017-07-16 22:52:31'),
(19, 2, 19, 23, 1800000, 0, 0, 0, '', 19, 0, 0, 0, 0, 1656000, 1655981, NULL, 1, NULL, '2017-07-16 22:51:59', '2017-07-16 22:52:31', '2017-07-16 22:52:31'),
(20, 2, 20, 23, 1800000, 0, 0, 0, '', 20, 0, 0, 0, 0, 1656000, 1655980, NULL, 1, NULL, '2017-07-16 22:51:59', '2017-07-16 22:52:31', '2017-07-16 22:52:31'),
(21, 2, 21, 23, 1800000, 0, 0, 0, '', 21, 0, 0, 0, 0, 1656000, 1655979, NULL, 1, NULL, '2017-07-16 22:51:59', '2017-07-16 22:52:31', '2017-07-16 22:52:31'),
(22, 2, 22, 23, 1800000, 0, 0, 0, '', 22, 0, 0, 0, 0, 1656000, 1655978, NULL, 1, NULL, '2017-07-16 22:51:59', '2017-07-16 22:52:31', '2017-07-16 22:52:31'),
(23, 2, 23, 23, 1800000, 0, 0, 0, '', 23, 0, 0, 0, 0, 1656000, 1655977, NULL, 1, NULL, '2017-07-16 22:51:59', '2017-07-16 22:52:31', '2017-07-16 22:52:31'),
(24, 2, 24, 23, 1800000, 0, 0, 0, '', 24, 0, 0, 0, 0, 1656000, 1655976, NULL, 1, NULL, '2017-07-16 22:51:59', '2017-07-16 22:52:31', '2017-07-16 22:52:31'),
(25, 2, 1, 23, 4000000, 200000, 300000, 300000, '', 1400000, 100000, 100000, 500000, 150000, 4430000, 2130000, NULL, 1, NULL, '2017-07-16 22:52:31', '2017-07-16 22:52:31', NULL),
(26, 2, 2, 23, 3000000, 0, 0, 0, '', 2, 0, 0, 0, 0, 2760000, 2759998, NULL, 1, NULL, '2017-07-16 22:52:31', '2017-07-16 22:52:31', NULL),
(27, 2, 3, 23, 2400000, 0, 0, 0, '', 3, 0, 0, 0, 0, 2208000, 2207997, NULL, 1, NULL, '2017-07-16 22:52:31', '2017-07-16 22:52:31', NULL),
(28, 2, 4, 23, 2400000, 0, 0, 0, '', 4, 0, 0, 0, 0, 2208000, 2207996, NULL, 1, NULL, '2017-07-16 22:52:31', '2017-07-16 22:52:31', NULL),
(29, 2, 5, 23, 2300000, 0, 0, 0, '', 5, 0, 0, 0, 0, 2116000, 2115995, NULL, 1, NULL, '2017-07-16 22:52:31', '2017-07-16 22:52:31', NULL),
(30, 2, 6, 23, 1800000, 0, 0, 0, '', 6, 0, 0, 0, 0, 1656000, 1655994, NULL, 1, NULL, '2017-07-16 22:52:31', '2017-07-16 22:52:31', NULL),
(31, 2, 7, 23, 1800000, 0, 0, 0, '', 7, 0, 0, 0, 0, 1656000, 1655993, NULL, 1, NULL, '2017-07-16 22:52:31', '2017-07-16 22:52:31', NULL),
(32, 2, 8, 23, 1800000, 0, 0, 0, '', 8, 0, 0, 0, 0, 1656000, 1655992, NULL, 1, NULL, '2017-07-16 22:52:31', '2017-07-16 22:52:31', NULL),
(33, 2, 9, 23, 1800000, 0, 0, 0, '', 9, 0, 0, 0, 0, 1656000, 1655991, NULL, 1, NULL, '2017-07-16 22:52:31', '2017-07-16 22:52:31', NULL),
(34, 2, 10, 23, 1800000, 0, 0, 0, '', 10, 0, 0, 0, 0, 1656000, 1655990, NULL, 1, NULL, '2017-07-16 22:52:31', '2017-07-16 22:52:31', NULL),
(35, 2, 11, 23, 1800000, 0, 0, 0, '', 11, 0, 0, 0, 0, 1656000, 1655989, NULL, 1, NULL, '2017-07-16 22:52:31', '2017-07-16 22:52:31', NULL),
(36, 2, 12, 23, 1800000, 0, 0, 0, '', 12, 0, 0, 0, 0, 1656000, 1655988, NULL, 1, NULL, '2017-07-16 22:52:31', '2017-07-16 22:52:31', NULL),
(37, 2, 13, 23, 1800000, 0, 0, 0, '', 13, 0, 0, 0, 0, 1656000, 1655987, NULL, 1, NULL, '2017-07-16 22:52:31', '2017-07-16 22:52:31', NULL),
(38, 2, 14, 23, 1800000, 0, 0, 0, '', 14, 0, 0, 0, 0, 1656000, 1655986, NULL, 1, NULL, '2017-07-16 22:52:31', '2017-07-16 22:52:31', NULL),
(39, 2, 15, 23, 2400000, 0, 0, 0, '', 15, 0, 0, 0, 0, 2208000, 2207985, NULL, 1, NULL, '2017-07-16 22:52:31', '2017-07-16 22:52:31', NULL),
(40, 2, 16, 23, 1800000, 0, 0, 0, '', 16, 0, 0, 0, 0, 1656000, 1655984, NULL, 1, NULL, '2017-07-16 22:52:32', '2017-07-16 22:52:32', NULL),
(41, 2, 17, 23, 1800000, 0, 0, 0, '', 17, 0, 0, 0, 0, 1656000, 1655983, NULL, 1, NULL, '2017-07-16 22:52:32', '2017-07-16 22:52:32', NULL),
(42, 2, 18, 23, 2100000, 0, 0, 0, '', 18, 0, 0, 0, 0, 1932000, 1931982, NULL, 1, NULL, '2017-07-16 22:52:32', '2017-07-16 22:52:32', NULL),
(43, 2, 19, 23, 1800000, 0, 0, 0, '', 19, 0, 0, 0, 0, 1656000, 1655981, NULL, 1, NULL, '2017-07-16 22:52:32', '2017-07-16 22:52:32', NULL),
(44, 2, 20, 23, 1800000, 0, 0, 0, '', 20, 0, 0, 0, 0, 1656000, 1655980, NULL, 1, NULL, '2017-07-16 22:52:32', '2017-07-16 22:52:32', NULL),
(45, 2, 21, 23, 1800000, 0, 0, 0, '', 21, 0, 0, 0, 0, 1656000, 1655979, NULL, 1, NULL, '2017-07-16 22:52:32', '2017-07-16 22:52:32', NULL),
(46, 2, 22, 23, 1800000, 0, 0, 0, '', 22, 0, 0, 0, 0, 1656000, 1655978, NULL, 1, NULL, '2017-07-16 22:52:32', '2017-07-16 22:52:32', NULL),
(47, 2, 23, 23, 1800000, 0, 0, 0, '', 23, 0, 0, 0, 0, 1656000, 1655977, NULL, 1, NULL, '2017-07-16 22:52:32', '2017-07-16 22:52:32', NULL),
(48, 2, 24, 23, 1800000, 0, 0, 0, '', 24, 0, 0, 0, 0, 1656000, 1655976, NULL, 1, NULL, '2017-07-16 22:52:32', '2017-07-16 22:52:32', NULL),
(49, 7, 1, 0, 4000000, 0, 0, 0, '', 13000001, 0, 0, 0, 0, 0, -13000001, NULL, 1, NULL, '2017-09-27 19:12:59', '2017-09-27 19:12:59', NULL),
(50, 7, 2, 0, 3000000, 0, 0, 0, '', 11000002, 0, 0, 0, 0, 0, -11000002, NULL, 1, NULL, '2017-09-27 19:12:59', '2017-09-27 19:12:59', NULL),
(51, 7, 3, 0, 2400000, 0, 0, 0, '', 9600003, 0, 0, 0, 0, 0, -9600003, NULL, 1, NULL, '2017-09-27 19:12:59', '2017-09-27 19:12:59', NULL),
(52, 7, 4, 0, 2400000, 0, 0, 0, '', 9600004, 0, 0, 0, 0, 0, -9600004, NULL, 1, NULL, '2017-09-27 19:12:59', '2017-09-27 19:12:59', NULL),
(53, 7, 5, 0, 2300000, 0, 0, 0, '', 9200005, 0, 0, 0, 0, 0, -9200005, NULL, 1, NULL, '2017-09-27 19:12:59', '2017-09-27 19:12:59', NULL),
(54, 7, 6, 0, 1800000, 0, 0, 0, '', 7200006, 0, 0, 0, 0, 0, -7200006, NULL, 1, NULL, '2017-09-27 19:12:59', '2017-09-27 19:12:59', NULL),
(55, 7, 7, 0, 1800000, 0, 0, 0, '', 7200007, 0, 0, 0, 0, 0, -7200007, NULL, 1, NULL, '2017-09-27 19:12:59', '2017-09-27 19:12:59', NULL),
(56, 7, 8, 0, 1800000, 0, 0, 0, '', 7200008, 0, 0, 0, 0, 0, -7200008, NULL, 1, NULL, '2017-09-27 19:12:59', '2017-09-27 19:12:59', NULL),
(57, 7, 9, 0, 1800000, 0, 0, 0, '', 7200009, 0, 0, 0, 0, 0, -7200009, NULL, 1, NULL, '2017-09-27 19:12:59', '2017-09-27 19:12:59', NULL),
(58, 7, 10, 0, 1800000, 0, 0, 0, '', 7200010, 0, 0, 0, 0, 0, -7200010, NULL, 1, NULL, '2017-09-27 19:12:59', '2017-09-27 19:12:59', NULL),
(59, 7, 11, 0, 1800000, 0, 0, 0, '', 7200011, 0, 0, 0, 0, 0, -7200011, NULL, 1, NULL, '2017-09-27 19:12:59', '2017-09-27 19:12:59', NULL),
(60, 7, 12, 0, 1800000, 0, 0, 0, '', 7200012, 0, 0, 0, 0, 0, -7200012, NULL, 1, NULL, '2017-09-27 19:12:59', '2017-09-27 19:12:59', NULL),
(61, 7, 13, 0, 1800000, 0, 0, 0, '', 7200013, 0, 0, 0, 0, 0, -7200013, NULL, 1, NULL, '2017-09-27 19:12:59', '2017-09-27 19:12:59', NULL),
(62, 7, 14, 0, 1800000, 0, 0, 0, '', 7200014, 0, 0, 0, 0, 0, -7200014, NULL, 1, NULL, '2017-09-27 19:12:59', '2017-09-27 19:12:59', NULL),
(63, 7, 15, 0, 2400000, 0, 0, 0, '', 9600015, 0, 0, 0, 0, 0, -9600015, NULL, 1, NULL, '2017-09-27 19:13:00', '2017-09-27 19:13:00', NULL),
(64, 7, 16, 0, 1800000, 0, 0, 0, '', 7200016, 0, 0, 0, 0, 0, -7200016, NULL, 1, NULL, '2017-09-27 19:13:00', '2017-09-27 19:13:00', NULL),
(65, 7, 17, 0, 1800000, 0, 0, 0, '', 7200017, 0, 0, 0, 0, 0, -7200017, NULL, 1, NULL, '2017-09-27 19:13:00', '2017-09-27 19:13:00', NULL),
(66, 7, 18, 0, 2100000, 0, 0, 0, '', 8400018, 0, 0, 0, 0, 0, -8400018, NULL, 1, NULL, '2017-09-27 19:13:00', '2017-09-27 19:13:00', NULL),
(67, 7, 19, 0, 1800000, 0, 0, 0, '', 7200019, 0, 0, 0, 0, 0, -7200019, NULL, 1, NULL, '2017-09-27 19:13:00', '2017-09-27 19:13:00', NULL),
(68, 7, 20, 0, 1800000, 0, 0, 0, '', 7200020, 0, 0, 0, 0, 0, -7200020, NULL, 1, NULL, '2017-09-27 19:13:00', '2017-09-27 19:13:00', NULL),
(69, 7, 21, 0, 1800000, 0, 0, 0, '', 53800021, 0, 0, 0, 0, 0, -53800021, NULL, 1, NULL, '2017-09-27 19:13:00', '2017-09-27 19:13:00', NULL),
(70, 7, 22, 0, 1800000, 0, 0, 0, '', 1800022, 0, 0, 0, 0, 0, -1800022, NULL, 1, NULL, '2017-09-27 19:13:00', '2017-09-27 19:13:00', NULL),
(71, 7, 23, 0, 1800000, 0, 0, 0, '', 1800023, 0, 0, 0, 0, 0, -1800023, NULL, 1, NULL, '2017-09-27 19:13:00', '2017-09-27 19:13:00', NULL),
(72, 7, 24, 0, 1800000, 0, 0, 0, '', 1800024, 0, 0, 0, 0, 0, -1800024, NULL, 1, NULL, '2017-09-27 19:13:00', '2017-09-27 19:13:00', NULL);

-- --------------------------------------------------------

--
-- Table structure for table `privilege`
--

CREATE TABLE `privilege` (
  `id` int(10) UNSIGNED NOT NULL,
  `user_id` int(10) UNSIGNED NOT NULL,
  `module_id` int(10) UNSIGNED NOT NULL,
  `action_id` int(10) UNSIGNED NOT NULL,
  `created_at` timestamp NULL DEFAULT NULL,
  `updated_at` timestamp NULL DEFAULT NULL,
  `deleted_at` timestamp NULL DEFAULT NULL
) ENGINE=InnoDB DEFAULT CHARSET=utf8 COLLATE=utf8_unicode_ci;

--
-- Dumping data for table `privilege`
--

INSERT INTO `privilege` (`id`, `user_id`, `module_id`, `action_id`, `created_at`, `updated_at`, `deleted_at`) VALUES
(1, 1, 1, 1, '2017-05-02 02:06:51', '2017-05-02 02:45:30', '2017-05-02 02:45:30'),
(2, 1, 1, 2, '2017-05-02 02:06:51', '2017-05-02 02:45:30', '2017-05-02 02:45:30'),
(3, 1, 1, 3, '2017-05-02 02:06:51', '2017-05-02 02:45:30', '2017-05-02 02:45:30'),
(4, 1, 1, 4, '2017-05-02 02:06:51', '2017-05-02 02:45:30', '2017-05-02 02:45:30'),
(5, 1, 2, 1, '2017-05-02 02:45:42', '2017-05-02 02:45:50', '2017-05-02 02:45:50'),
(6, 1, 2, 2, '2017-05-02 02:45:42', '2017-05-02 02:45:50', '2017-05-02 02:45:50'),
(7, 1, 2, 3, '2017-05-02 02:45:42', '2017-05-02 02:45:50', '2017-05-02 02:45:50'),
(8, 1, 3, 1, '2017-05-02 02:45:50', '2017-05-02 18:04:07', '2017-05-02 18:04:07'),
(9, 1, 3, 2, '2017-05-02 02:45:50', '2017-05-02 18:04:07', '2017-05-02 18:04:07'),
(10, 1, 3, 3, '2017-05-02 02:45:50', '2017-05-02 18:04:07', '2017-05-02 18:04:07'),
(11, 1, 3, 4, '2017-05-02 02:45:50', '2017-05-02 18:04:07', '2017-05-02 18:04:07'),
(12, 1, 4, 1, NULL, '2017-05-02 18:04:07', '2017-05-02 18:04:07'),
(13, 1, 4, 2, NULL, '2017-05-02 18:04:07', '2017-05-02 18:04:07'),
(14, 1, 4, 3, NULL, '2017-05-02 18:04:07', '2017-05-02 18:04:07'),
(15, 1, 4, 4, NULL, '2017-05-02 18:04:07', '2017-05-02 18:04:07'),
(16, 1, 1, 1, '2017-05-02 18:04:07', '2017-05-02 18:06:55', '2017-05-02 18:06:55'),
(17, 1, 1, 2, '2017-05-02 18:04:07', '2017-05-02 18:06:55', '2017-05-02 18:06:55'),
(18, 1, 1, 3, '2017-05-02 18:04:08', '2017-05-02 18:06:55', '2017-05-02 18:06:55'),
(19, 1, 1, 4, '2017-05-02 18:04:08', '2017-05-02 18:06:55', '2017-05-02 18:06:55'),
(20, 1, 2, 1, '2017-05-02 18:04:08', '2017-05-02 18:06:55', '2017-05-02 18:06:55'),
(21, 1, 2, 2, '2017-05-02 18:04:08', '2017-05-02 18:06:55', '2017-05-02 18:06:55'),
(22, 1, 2, 3, '2017-05-02 18:04:08', '2017-05-02 18:06:55', '2017-05-02 18:06:55'),
(23, 1, 2, 4, '2017-05-02 18:04:08', '2017-05-02 18:06:55', '2017-05-02 18:06:55'),
(24, 1, 3, 1, '2017-05-02 18:04:08', '2017-05-02 18:06:55', '2017-05-02 18:06:55'),
(25, 1, 3, 2, '2017-05-02 18:04:08', '2017-05-02 18:06:55', '2017-05-02 18:06:55'),
(26, 1, 3, 3, '2017-05-02 18:04:08', '2017-05-02 18:06:55', '2017-05-02 18:06:55'),
(27, 1, 3, 4, '2017-05-02 18:04:08', '2017-05-02 18:06:55', '2017-05-02 18:06:55'),
(28, 1, 4, 1, '2017-05-02 18:04:08', '2017-05-02 18:06:55', '2017-05-02 18:06:55'),
(29, 1, 4, 2, '2017-05-02 18:04:08', '2017-05-02 18:06:55', '2017-05-02 18:06:55'),
(30, 1, 4, 3, '2017-05-02 18:04:08', '2017-05-02 18:06:55', '2017-05-02 18:06:55'),
(31, 1, 4, 4, '2017-05-02 18:04:08', '2017-05-02 18:06:55', '2017-05-02 18:06:55'),
(32, 1, 1, 1, '2017-05-02 18:06:55', '2017-05-03 17:38:00', '2017-05-03 17:38:00'),
(33, 1, 1, 2, '2017-05-02 18:06:56', '2017-05-03 17:38:00', '2017-05-03 17:38:00'),
(34, 1, 1, 3, '2017-05-02 18:06:56', '2017-05-03 17:38:00', '2017-05-03 17:38:00'),
(35, 1, 1, 4, '2017-05-02 18:06:56', '2017-05-03 17:38:00', '2017-05-03 17:38:00'),
(36, 1, 2, 1, '2017-05-02 18:06:56', '2017-05-03 17:38:00', '2017-05-03 17:38:00'),
(37, 1, 2, 2, '2017-05-02 18:06:56', '2017-05-03 17:38:00', '2017-05-03 17:38:00'),
(38, 1, 2, 3, '2017-05-02 18:06:56', '2017-05-03 17:38:00', '2017-05-03 17:38:00'),
(39, 1, 2, 4, '2017-05-02 18:06:56', '2017-05-03 17:38:00', '2017-05-03 17:38:00'),
(40, 1, 3, 1, '2017-05-02 18:06:56', '2017-05-03 17:38:00', '2017-05-03 17:38:00'),
(41, 1, 3, 2, '2017-05-02 18:06:56', '2017-05-03 17:38:00', '2017-05-03 17:38:00'),
(42, 1, 3, 3, '2017-05-02 18:06:56', '2017-05-03 17:38:00', '2017-05-03 17:38:00'),
(43, 1, 3, 4, '2017-05-02 18:06:56', '2017-05-03 17:38:00', '2017-05-03 17:38:00'),
(44, 1, 4, 1, '2017-05-02 18:06:56', '2017-05-03 17:38:00', '2017-05-03 17:38:00'),
(45, 1, 4, 2, '2017-05-02 18:06:56', '2017-05-03 17:38:00', '2017-05-03 17:38:00'),
(46, 1, 4, 3, '2017-05-02 18:06:56', '2017-05-03 17:38:00', '2017-05-03 17:38:00'),
(47, 1, 4, 4, '2017-05-02 18:06:56', '2017-05-03 17:38:00', '2017-05-03 17:38:00'),
(48, 1, 5, 1, '2017-05-02 18:06:56', '2017-05-03 17:38:00', '2017-05-03 17:38:00'),
(49, 1, 5, 2, '2017-05-02 18:06:56', '2017-05-03 17:38:00', '2017-05-03 17:38:00'),
(50, 1, 5, 3, '2017-05-02 18:06:56', '2017-05-03 17:38:00', '2017-05-03 17:38:00'),
(51, 1, 5, 4, '2017-05-02 18:06:56', '2017-05-03 17:38:00', '2017-05-03 17:38:00'),
(52, 1, 6, 1, '2017-05-02 18:06:56', '2017-05-03 17:38:00', '2017-05-03 17:38:00'),
(53, 1, 6, 2, '2017-05-02 18:06:56', '2017-05-03 17:38:00', '2017-05-03 17:38:00'),
(54, 1, 6, 3, '2017-05-02 18:06:57', '2017-05-03 17:38:00', '2017-05-03 17:38:00'),
(55, 1, 6, 4, '2017-05-02 18:06:57', '2017-05-03 17:38:00', '2017-05-03 17:38:00'),
(56, 1, 7, 1, '2017-05-02 18:06:57', '2017-05-03 17:38:00', '2017-05-03 17:38:00'),
(57, 1, 7, 2, '2017-05-02 18:06:57', '2017-05-03 17:38:00', '2017-05-03 17:38:00'),
(58, 1, 7, 3, '2017-05-02 18:06:57', '2017-05-03 17:38:00', '2017-05-03 17:38:00'),
(59, 1, 7, 4, '2017-05-02 18:06:57', '2017-05-03 17:38:00', '2017-05-03 17:38:00'),
(60, 1, 1, 1, '2017-05-03 17:38:00', '2017-05-21 17:33:55', '2017-05-21 17:33:55'),
(61, 1, 1, 2, '2017-05-03 17:38:00', '2017-05-21 17:33:55', '2017-05-21 17:33:55'),
(62, 1, 1, 3, '2017-05-03 17:38:00', '2017-05-21 17:33:55', '2017-05-21 17:33:55'),
(63, 1, 1, 4, '2017-05-03 17:38:00', '2017-05-21 17:33:55', '2017-05-21 17:33:55'),
(64, 1, 2, 1, '2017-05-03 17:38:00', '2017-05-21 17:33:55', '2017-05-21 17:33:55'),
(65, 1, 2, 2, '2017-05-03 17:38:00', '2017-05-21 17:33:55', '2017-05-21 17:33:55'),
(66, 1, 2, 3, '2017-05-03 17:38:00', '2017-05-21 17:33:55', '2017-05-21 17:33:55'),
(67, 1, 2, 4, '2017-05-03 17:38:00', '2017-05-21 17:33:55', '2017-05-21 17:33:55'),
(68, 1, 3, 1, '2017-05-03 17:38:00', '2017-05-21 17:33:55', '2017-05-21 17:33:55'),
(69, 1, 3, 2, '2017-05-03 17:38:00', '2017-05-21 17:33:55', '2017-05-21 17:33:55'),
(70, 1, 3, 3, '2017-05-03 17:38:00', '2017-05-21 17:33:55', '2017-05-21 17:33:55'),
(71, 1, 3, 4, '2017-05-03 17:38:00', '2017-05-21 17:33:55', '2017-05-21 17:33:55'),
(72, 1, 4, 1, '2017-05-03 17:38:01', '2017-05-21 17:33:55', '2017-05-21 17:33:55'),
(73, 1, 4, 2, '2017-05-03 17:38:01', '2017-05-21 17:33:55', '2017-05-21 17:33:55'),
(74, 1, 4, 3, '2017-05-03 17:38:01', '2017-05-21 17:33:55', '2017-05-21 17:33:55'),
(75, 1, 4, 4, '2017-05-03 17:38:01', '2017-05-21 17:33:55', '2017-05-21 17:33:55'),
(76, 1, 5, 1, '2017-05-03 17:38:01', '2017-05-21 17:33:55', '2017-05-21 17:33:55'),
(77, 1, 5, 2, '2017-05-03 17:38:01', '2017-05-21 17:33:55', '2017-05-21 17:33:55'),
(78, 1, 5, 3, '2017-05-03 17:38:01', '2017-05-21 17:33:55', '2017-05-21 17:33:55'),
(79, 1, 5, 4, '2017-05-03 17:38:01', '2017-05-21 17:33:55', '2017-05-21 17:33:55'),
(80, 1, 6, 1, '2017-05-03 17:38:01', '2017-05-21 17:33:55', '2017-05-21 17:33:55'),
(81, 1, 6, 2, '2017-05-03 17:38:01', '2017-05-21 17:33:55', '2017-05-21 17:33:55'),
(82, 1, 6, 3, '2017-05-03 17:38:01', '2017-05-21 17:33:55', '2017-05-21 17:33:55'),
(83, 1, 6, 4, '2017-05-03 17:38:01', '2017-05-21 17:33:55', '2017-05-21 17:33:55'),
(84, 1, 7, 1, '2017-05-03 17:38:02', '2017-05-21 17:33:55', '2017-05-21 17:33:55'),
(85, 1, 7, 2, '2017-05-03 17:38:02', '2017-05-21 17:33:55', '2017-05-21 17:33:55'),
(86, 1, 7, 3, '2017-05-03 17:38:02', '2017-05-21 17:33:55', '2017-05-21 17:33:55'),
(87, 1, 7, 4, '2017-05-03 17:38:02', '2017-05-21 17:33:55', '2017-05-21 17:33:55'),
(88, 1, 8, 1, '2017-05-03 17:38:02', '2017-05-21 17:33:55', '2017-05-21 17:33:55'),
(89, 1, 8, 2, '2017-05-03 17:38:02', '2017-05-21 17:33:55', '2017-05-21 17:33:55'),
(90, 1, 8, 3, '2017-05-03 17:38:02', '2017-05-21 17:33:55', '2017-05-21 17:33:55'),
(91, 1, 8, 4, '2017-05-03 17:38:02', '2017-05-21 17:33:55', '2017-05-21 17:33:55'),
(92, 1, 1, 1, '2017-05-21 17:33:55', '2017-05-25 19:32:31', '2017-05-25 19:32:31'),
(93, 1, 1, 2, '2017-05-21 17:33:55', '2017-05-25 19:32:31', '2017-05-25 19:32:31'),
(94, 1, 1, 3, '2017-05-21 17:33:55', '2017-05-25 19:32:31', '2017-05-25 19:32:31'),
(95, 1, 1, 4, '2017-05-21 17:33:55', '2017-05-25 19:32:31', '2017-05-25 19:32:31'),
(96, 1, 2, 1, '2017-05-21 17:33:55', '2017-05-25 19:32:31', '2017-05-25 19:32:31'),
(97, 1, 2, 2, '2017-05-21 17:33:55', '2017-05-25 19:32:31', '2017-05-25 19:32:31'),
(98, 1, 2, 3, '2017-05-21 17:33:55', '2017-05-25 19:32:31', '2017-05-25 19:32:31'),
(99, 1, 2, 4, '2017-05-21 17:33:55', '2017-05-25 19:32:31', '2017-05-25 19:32:31'),
(100, 1, 3, 1, '2017-05-21 17:33:55', '2017-05-25 19:32:31', '2017-05-25 19:32:31'),
(101, 1, 3, 2, '2017-05-21 17:33:55', '2017-05-25 19:32:31', '2017-05-25 19:32:31'),
(102, 1, 3, 3, '2017-05-21 17:33:55', '2017-05-25 19:32:31', '2017-05-25 19:32:31'),
(103, 1, 3, 4, '2017-05-21 17:33:55', '2017-05-25 19:32:31', '2017-05-25 19:32:31'),
(104, 1, 4, 1, '2017-05-21 17:33:55', '2017-05-25 19:32:31', '2017-05-25 19:32:31'),
(105, 1, 4, 2, '2017-05-21 17:33:55', '2017-05-25 19:32:31', '2017-05-25 19:32:31'),
(106, 1, 4, 3, '2017-05-21 17:33:55', '2017-05-25 19:32:31', '2017-05-25 19:32:31'),
(107, 1, 4, 4, '2017-05-21 17:33:55', '2017-05-25 19:32:31', '2017-05-25 19:32:31'),
(108, 1, 5, 1, '2017-05-21 17:33:55', '2017-05-25 19:32:31', '2017-05-25 19:32:31'),
(109, 1, 5, 2, '2017-05-21 17:33:56', '2017-05-25 19:32:31', '2017-05-25 19:32:31'),
(110, 1, 5, 3, '2017-05-21 17:33:56', '2017-05-25 19:32:31', '2017-05-25 19:32:31'),
(111, 1, 5, 4, '2017-05-21 17:33:56', '2017-05-25 19:32:31', '2017-05-25 19:32:31'),
(112, 1, 6, 1, '2017-05-21 17:33:56', '2017-05-25 19:32:31', '2017-05-25 19:32:31'),
(113, 1, 6, 2, '2017-05-21 17:33:56', '2017-05-25 19:32:31', '2017-05-25 19:32:31'),
(114, 1, 6, 3, '2017-05-21 17:33:56', '2017-05-25 19:32:31', '2017-05-25 19:32:31'),
(115, 1, 6, 4, '2017-05-21 17:33:56', '2017-05-25 19:32:31', '2017-05-25 19:32:31'),
(116, 1, 7, 1, '2017-05-21 17:33:56', '2017-05-25 19:32:31', '2017-05-25 19:32:31'),
(117, 1, 7, 2, '2017-05-21 17:33:56', '2017-05-25 19:32:31', '2017-05-25 19:32:31'),
(118, 1, 7, 3, '2017-05-21 17:33:56', '2017-05-25 19:32:31', '2017-05-25 19:32:31'),
(119, 1, 7, 4, '2017-05-21 17:33:56', '2017-05-25 19:32:31', '2017-05-25 19:32:31'),
(120, 1, 8, 1, '2017-05-21 17:33:56', '2017-05-25 19:32:31', '2017-05-25 19:32:31'),
(121, 1, 8, 2, '2017-05-21 17:33:56', '2017-05-25 19:32:31', '2017-05-25 19:32:31'),
(122, 1, 8, 3, '2017-05-21 17:33:56', '2017-05-25 19:32:31', '2017-05-25 19:32:31'),
(123, 1, 8, 4, '2017-05-21 17:33:56', '2017-05-25 19:32:31', '2017-05-25 19:32:31'),
(124, 1, 9, 1, '2017-05-21 17:33:56', '2017-05-25 19:32:31', '2017-05-25 19:32:31'),
(125, 1, 9, 2, '2017-05-21 17:33:56', '2017-05-25 19:32:31', '2017-05-25 19:32:31'),
(126, 1, 9, 3, '2017-05-21 17:33:56', '2017-05-25 19:32:31', '2017-05-25 19:32:31'),
(127, 1, 9, 4, '2017-05-21 17:33:56', '2017-05-25 19:32:31', '2017-05-25 19:32:31'),
(128, 1, 10, 1, '2017-05-21 17:33:56', '2017-05-25 19:32:31', '2017-05-25 19:32:31'),
(129, 1, 10, 2, '2017-05-21 17:33:56', '2017-05-25 19:32:31', '2017-05-25 19:32:31'),
(130, 1, 10, 3, '2017-05-21 17:33:56', '2017-05-25 19:32:31', '2017-05-25 19:32:31'),
(131, 1, 10, 4, '2017-05-21 17:33:56', '2017-05-25 19:32:31', '2017-05-25 19:32:31'),
(132, 1, 11, 1, '2017-05-21 17:33:56', '2017-05-25 19:32:31', '2017-05-25 19:32:31'),
(133, 1, 11, 2, '2017-05-21 17:33:57', '2017-05-25 19:32:31', '2017-05-25 19:32:31'),
(134, 1, 11, 3, '2017-05-21 17:33:57', '2017-05-25 19:32:31', '2017-05-25 19:32:31'),
(135, 1, 11, 4, '2017-05-21 17:33:57', '2017-05-25 19:32:31', '2017-05-25 19:32:31'),
(136, 1, 12, 1, '2017-05-21 17:33:57', '2017-05-25 19:32:31', '2017-05-25 19:32:31'),
(137, 1, 12, 2, '2017-05-21 17:33:57', '2017-05-25 19:32:31', '2017-05-25 19:32:31'),
(138, 1, 12, 3, '2017-05-21 17:33:57', '2017-05-25 19:32:31', '2017-05-25 19:32:31'),
(139, 1, 12, 4, '2017-05-21 17:33:57', '2017-05-25 19:32:31', '2017-05-25 19:32:31'),
(140, 1, 13, 1, '2017-05-21 17:33:57', '2017-05-25 19:32:31', '2017-05-25 19:32:31'),
(141, 1, 13, 2, '2017-05-21 17:33:57', '2017-05-25 19:32:31', '2017-05-25 19:32:31'),
(142, 1, 13, 3, '2017-05-21 17:33:57', '2017-05-25 19:32:31', '2017-05-25 19:32:31'),
(143, 1, 13, 4, '2017-05-21 17:33:57', '2017-05-25 19:32:31', '2017-05-25 19:32:31'),
(144, 1, 14, 1, '2017-05-21 17:33:57', '2017-05-25 19:32:31', '2017-05-25 19:32:31'),
(145, 1, 14, 2, '2017-05-21 17:33:57', '2017-05-25 19:32:31', '2017-05-25 19:32:31'),
(146, 1, 14, 3, '2017-05-21 17:33:57', '2017-05-25 19:32:31', '2017-05-25 19:32:31'),
(147, 1, 14, 4, '2017-05-21 17:33:57', '2017-05-25 19:32:31', '2017-05-25 19:32:31'),
(148, 1, 15, 1, '2017-05-21 17:33:57', '2017-05-25 19:32:31', '2017-05-25 19:32:31'),
(149, 1, 15, 2, '2017-05-21 17:33:57', '2017-05-25 19:32:31', '2017-05-25 19:32:31'),
(150, 1, 15, 3, '2017-05-21 17:33:57', '2017-05-25 19:32:31', '2017-05-25 19:32:31'),
(151, 1, 15, 4, '2017-05-21 17:33:57', '2017-05-25 19:32:31', '2017-05-25 19:32:31'),
(152, 1, 16, 1, '2017-05-21 17:33:57', '2017-05-25 19:32:31', '2017-05-25 19:32:31'),
(153, 1, 16, 2, '2017-05-21 17:33:57', '2017-05-25 19:32:31', '2017-05-25 19:32:31'),
(154, 1, 16, 3, '2017-05-21 17:33:57', '2017-05-25 19:32:31', '2017-05-25 19:32:31'),
(155, 1, 16, 4, '2017-05-21 17:33:57', '2017-05-25 19:32:31', '2017-05-25 19:32:31'),
(156, 1, 17, 1, '2017-05-21 17:33:57', '2017-05-25 19:32:31', '2017-05-25 19:32:31'),
(157, 1, 17, 2, '2017-05-21 17:33:57', '2017-05-25 19:32:31', '2017-05-25 19:32:31'),
(158, 1, 17, 3, '2017-05-21 17:33:58', '2017-05-25 19:32:31', '2017-05-25 19:32:31'),
(159, 1, 17, 4, '2017-05-21 17:33:58', '2017-05-25 19:32:31', '2017-05-25 19:32:31'),
(160, 1, 18, 1, '2017-05-21 17:33:58', '2017-05-25 19:32:31', '2017-05-25 19:32:31'),
(161, 1, 18, 2, '2017-05-21 17:33:58', '2017-05-25 19:32:31', '2017-05-25 19:32:31'),
(162, 1, 18, 3, '2017-05-21 17:33:58', '2017-05-25 19:32:31', '2017-05-25 19:32:31'),
(163, 1, 18, 4, '2017-05-21 17:33:58', '2017-05-25 19:32:31', '2017-05-25 19:32:31'),
(164, 1, 19, 1, '2017-05-21 17:33:58', '2017-05-25 19:32:31', '2017-05-25 19:32:31'),
(165, 1, 19, 2, '2017-05-21 17:33:58', '2017-05-25 19:32:31', '2017-05-25 19:32:31'),
(166, 1, 19, 3, '2017-05-21 17:33:58', '2017-05-25 19:32:31', '2017-05-25 19:32:31'),
(167, 1, 19, 4, '2017-05-21 17:33:58', '2017-05-25 19:32:31', '2017-05-25 19:32:31'),
(168, 1, 20, 1, '2017-05-21 17:33:58', '2017-05-25 19:32:31', '2017-05-25 19:32:31'),
(169, 1, 20, 2, '2017-05-21 17:33:58', '2017-05-25 19:32:31', '2017-05-25 19:32:31'),
(170, 1, 20, 3, '2017-05-21 17:33:58', '2017-05-25 19:32:31', '2017-05-25 19:32:31'),
(171, 1, 20, 4, '2017-05-21 17:33:58', '2017-05-25 19:32:31', '2017-05-25 19:32:31'),
(208, 1, 1, 1, '2017-05-25 19:32:31', '2017-06-01 10:05:17', '2017-06-01 10:05:17'),
(209, 1, 1, 2, '2017-05-25 19:32:31', '2017-06-01 10:05:17', '2017-06-01 10:05:17'),
(210, 1, 1, 3, '2017-05-25 19:32:31', '2017-06-01 10:05:17', '2017-06-01 10:05:17'),
(211, 1, 1, 4, '2017-05-25 19:32:32', '2017-06-01 10:05:17', '2017-06-01 10:05:17'),
(212, 1, 2, 1, '2017-05-25 19:32:32', '2017-06-01 10:05:17', '2017-06-01 10:05:17'),
(213, 1, 2, 2, '2017-05-25 19:32:32', '2017-06-01 10:05:17', '2017-06-01 10:05:17'),
(214, 1, 2, 3, '2017-05-25 19:32:32', '2017-06-01 10:05:17', '2017-06-01 10:05:17'),
(215, 1, 2, 4, '2017-05-25 19:32:32', '2017-06-01 10:05:17', '2017-06-01 10:05:17'),
(216, 1, 3, 1, '2017-05-25 19:32:32', '2017-06-01 10:05:17', '2017-06-01 10:05:17'),
(217, 1, 3, 2, '2017-05-25 19:32:32', '2017-06-01 10:05:17', '2017-06-01 10:05:17'),
(218, 1, 3, 3, '2017-05-25 19:32:32', '2017-06-01 10:05:17', '2017-06-01 10:05:17'),
(219, 1, 3, 4, '2017-05-25 19:32:32', '2017-06-01 10:05:17', '2017-06-01 10:05:17'),
(220, 1, 4, 1, '2017-05-25 19:32:32', '2017-06-01 10:05:17', '2017-06-01 10:05:17'),
(221, 1, 4, 2, '2017-05-25 19:32:32', '2017-06-01 10:05:17', '2017-06-01 10:05:17'),
(222, 1, 4, 3, '2017-05-25 19:32:32', '2017-06-01 10:05:17', '2017-06-01 10:05:17'),
(223, 1, 4, 4, '2017-05-25 19:32:32', '2017-06-01 10:05:17', '2017-06-01 10:05:17'),
(224, 1, 5, 1, '2017-05-25 19:32:32', '2017-06-01 10:05:17', '2017-06-01 10:05:17'),
(225, 1, 5, 2, '2017-05-25 19:32:32', '2017-06-01 10:05:17', '2017-06-01 10:05:17'),
(226, 1, 5, 3, '2017-05-25 19:32:32', '2017-06-01 10:05:17', '2017-06-01 10:05:17'),
(227, 1, 5, 4, '2017-05-25 19:32:32', '2017-06-01 10:05:17', '2017-06-01 10:05:17'),
(228, 1, 6, 1, '2017-05-25 19:32:32', '2017-06-01 10:05:17', '2017-06-01 10:05:17'),
(229, 1, 6, 2, '2017-05-25 19:32:32', '2017-06-01 10:05:17', '2017-06-01 10:05:17'),
(230, 1, 6, 3, '2017-05-25 19:32:32', '2017-06-01 10:05:17', '2017-06-01 10:05:17'),
(231, 1, 6, 4, '2017-05-25 19:32:32', '2017-06-01 10:05:17', '2017-06-01 10:05:17'),
(232, 1, 7, 1, '2017-05-25 19:32:33', '2017-06-01 10:05:17', '2017-06-01 10:05:17'),
(233, 1, 7, 2, '2017-05-25 19:32:33', '2017-06-01 10:05:17', '2017-06-01 10:05:17'),
(234, 1, 7, 3, '2017-05-25 19:32:33', '2017-06-01 10:05:17', '2017-06-01 10:05:17'),
(235, 1, 7, 4, '2017-05-25 19:32:33', '2017-06-01 10:05:17', '2017-06-01 10:05:17'),
(236, 1, 8, 1, '2017-05-25 19:32:33', '2017-06-01 10:05:17', '2017-06-01 10:05:17'),
(237, 1, 8, 2, '2017-05-25 19:32:33', '2017-06-01 10:05:17', '2017-06-01 10:05:17'),
(238, 1, 8, 3, '2017-05-25 19:32:33', '2017-06-01 10:05:17', '2017-06-01 10:05:17'),
(239, 1, 8, 4, '2017-05-25 19:32:33', '2017-06-01 10:05:17', '2017-06-01 10:05:17'),
(240, 1, 9, 1, '2017-05-25 19:32:33', '2017-06-01 10:05:17', '2017-06-01 10:05:17'),
(241, 1, 9, 2, '2017-05-25 19:32:33', '2017-06-01 10:05:17', '2017-06-01 10:05:17'),
(242, 1, 9, 3, '2017-05-25 19:32:33', '2017-06-01 10:05:17', '2017-06-01 10:05:17'),
(243, 1, 9, 4, '2017-05-25 19:32:33', '2017-06-01 10:05:17', '2017-06-01 10:05:17'),
(244, 1, 10, 1, '2017-05-25 19:32:33', '2017-06-01 10:05:17', '2017-06-01 10:05:17'),
(245, 1, 10, 2, '2017-05-25 19:32:33', '2017-06-01 10:05:17', '2017-06-01 10:05:17'),
(246, 1, 10, 3, '2017-05-25 19:32:33', '2017-06-01 10:05:17', '2017-06-01 10:05:17'),
(247, 1, 10, 4, '2017-05-25 19:32:33', '2017-06-01 10:05:17', '2017-06-01 10:05:17'),
(248, 1, 11, 1, '2017-05-25 19:32:33', '2017-06-01 10:05:17', '2017-06-01 10:05:17'),
(249, 1, 11, 2, '2017-05-25 19:32:34', '2017-06-01 10:05:17', '2017-06-01 10:05:17'),
(250, 1, 11, 3, '2017-05-25 19:32:34', '2017-06-01 10:05:17', '2017-06-01 10:05:17'),
(251, 1, 11, 4, '2017-05-25 19:32:34', '2017-06-01 10:05:17', '2017-06-01 10:05:17'),
(252, 1, 12, 1, '2017-05-25 19:32:34', '2017-06-01 10:05:17', '2017-06-01 10:05:17'),
(253, 1, 12, 2, '2017-05-25 19:32:34', '2017-06-01 10:05:17', '2017-06-01 10:05:17'),
(254, 1, 12, 3, '2017-05-25 19:32:34', '2017-06-01 10:05:17', '2017-06-01 10:05:17'),
(255, 1, 12, 4, '2017-05-25 19:32:34', '2017-06-01 10:05:17', '2017-06-01 10:05:17'),
(256, 1, 13, 1, '2017-05-25 19:32:34', '2017-06-01 10:05:17', '2017-06-01 10:05:17'),
(257, 1, 13, 2, '2017-05-25 19:32:34', '2017-06-01 10:05:17', '2017-06-01 10:05:17'),
(258, 1, 13, 3, '2017-05-25 19:32:34', '2017-06-01 10:05:17', '2017-06-01 10:05:17'),
(259, 1, 13, 4, '2017-05-25 19:32:34', '2017-06-01 10:05:17', '2017-06-01 10:05:17'),
(260, 1, 14, 1, '2017-05-25 19:32:34', '2017-06-01 10:05:17', '2017-06-01 10:05:17'),
(261, 1, 14, 2, '2017-05-25 19:32:34', '2017-06-01 10:05:17', '2017-06-01 10:05:17'),
(262, 1, 14, 3, '2017-05-25 19:32:34', '2017-06-01 10:05:17', '2017-06-01 10:05:17'),
(263, 1, 14, 4, '2017-05-25 19:32:34', '2017-06-01 10:05:17', '2017-06-01 10:05:17'),
(264, 1, 15, 1, '2017-05-25 19:32:34', '2017-06-01 10:05:17', '2017-06-01 10:05:17'),
(265, 1, 15, 2, '2017-05-25 19:32:34', '2017-06-01 10:05:17', '2017-06-01 10:05:17'),
(266, 1, 15, 3, '2017-05-25 19:32:34', '2017-06-01 10:05:17', '2017-06-01 10:05:17'),
(267, 1, 15, 4, '2017-05-25 19:32:34', '2017-06-01 10:05:17', '2017-06-01 10:05:17'),
(268, 1, 16, 1, '2017-05-25 19:32:34', '2017-06-01 10:05:17', '2017-06-01 10:05:17'),
(269, 1, 16, 2, '2017-05-25 19:32:35', '2017-06-01 10:05:17', '2017-06-01 10:05:17'),
(270, 1, 16, 3, '2017-05-25 19:32:35', '2017-06-01 10:05:17', '2017-06-01 10:05:17'),
(271, 1, 16, 4, '2017-05-25 19:32:35', '2017-06-01 10:05:17', '2017-06-01 10:05:17'),
(272, 1, 17, 1, '2017-05-25 19:32:35', '2017-06-01 10:05:17', '2017-06-01 10:05:17'),
(273, 1, 17, 2, '2017-05-25 19:32:35', '2017-06-01 10:05:17', '2017-06-01 10:05:17'),
(274, 1, 17, 3, '2017-05-25 19:32:35', '2017-06-01 10:05:17', '2017-06-01 10:05:17'),
(275, 1, 17, 4, '2017-05-25 19:32:35', '2017-06-01 10:05:17', '2017-06-01 10:05:17'),
(276, 1, 18, 1, '2017-05-25 19:32:35', '2017-06-01 10:05:17', '2017-06-01 10:05:17'),
(277, 1, 18, 2, '2017-05-25 19:32:35', '2017-06-01 10:05:17', '2017-06-01 10:05:17'),
(278, 1, 18, 3, '2017-05-25 19:32:35', '2017-06-01 10:05:17', '2017-06-01 10:05:17'),
(279, 1, 18, 4, '2017-05-25 19:32:35', '2017-06-01 10:05:17', '2017-06-01 10:05:17'),
(280, 1, 19, 1, '2017-05-25 19:32:35', '2017-06-01 10:05:17', '2017-06-01 10:05:17'),
(281, 1, 19, 2, '2017-05-25 19:32:35', '2017-06-01 10:05:17', '2017-06-01 10:05:17'),
(282, 1, 19, 3, '2017-05-25 19:32:35', '2017-06-01 10:05:17', '2017-06-01 10:05:17'),
(283, 1, 19, 4, '2017-05-25 19:32:35', '2017-06-01 10:05:17', '2017-06-01 10:05:17'),
(284, 1, 20, 1, '2017-05-25 19:32:35', '2017-06-01 10:05:17', '2017-06-01 10:05:17'),
(285, 1, 20, 2, '2017-05-25 19:32:35', '2017-06-01 10:05:17', '2017-06-01 10:05:17'),
(286, 1, 20, 3, '2017-05-25 19:32:35', '2017-06-01 10:05:17', '2017-06-01 10:05:17'),
(287, 1, 20, 4, '2017-05-25 19:32:36', '2017-06-01 10:05:17', '2017-06-01 10:05:17'),
(288, 1, 21, 1, '2017-05-25 19:32:36', '2017-06-01 10:05:17', '2017-06-01 10:05:17'),
(289, 1, 21, 2, '2017-05-25 19:32:36', '2017-06-01 10:05:17', '2017-06-01 10:05:17'),
(290, 1, 21, 3, '2017-05-25 19:32:36', '2017-06-01 10:05:17', '2017-06-01 10:05:17'),
(291, 1, 21, 4, '2017-05-25 19:32:36', '2017-06-01 10:05:17', '2017-06-01 10:05:17'),
(327, 1, 1, 1, '2017-06-01 10:05:17', '2017-06-01 10:05:41', '2017-06-01 10:05:41'),
(328, 1, 1, 2, '2017-06-01 10:05:17', '2017-06-01 10:05:41', '2017-06-01 10:05:41'),
(329, 1, 1, 3, '2017-06-01 10:05:17', '2017-06-01 10:05:41', '2017-06-01 10:05:41'),
(330, 1, 1, 4, '2017-06-01 10:05:17', '2017-06-01 10:05:41', '2017-06-01 10:05:41'),
(331, 1, 2, 1, '2017-06-01 10:05:17', '2017-06-01 10:05:41', '2017-06-01 10:05:41'),
(332, 1, 2, 2, '2017-06-01 10:05:17', '2017-06-01 10:05:41', '2017-06-01 10:05:41'),
(333, 1, 2, 3, '2017-06-01 10:05:18', '2017-06-01 10:05:41', '2017-06-01 10:05:41'),
(334, 1, 2, 4, '2017-06-01 10:05:18', '2017-06-01 10:05:41', '2017-06-01 10:05:41'),
(335, 1, 3, 1, '2017-06-01 10:05:18', '2017-06-01 10:05:41', '2017-06-01 10:05:41'),
(336, 1, 3, 2, '2017-06-01 10:05:18', '2017-06-01 10:05:41', '2017-06-01 10:05:41'),
(337, 1, 3, 3, '2017-06-01 10:05:18', '2017-06-01 10:05:41', '2017-06-01 10:05:41'),
(338, 1, 3, 4, '2017-06-01 10:05:18', '2017-06-01 10:05:41', '2017-06-01 10:05:41'),
(339, 1, 4, 1, '2017-06-01 10:05:18', '2017-06-01 10:05:41', '2017-06-01 10:05:41'),
(340, 1, 4, 2, '2017-06-01 10:05:18', '2017-06-01 10:05:41', '2017-06-01 10:05:41'),
(341, 1, 4, 3, '2017-06-01 10:05:18', '2017-06-01 10:05:41', '2017-06-01 10:05:41'),
(342, 1, 4, 4, '2017-06-01 10:05:18', '2017-06-01 10:05:41', '2017-06-01 10:05:41'),
(343, 1, 5, 1, '2017-06-01 10:05:18', '2017-06-01 10:05:41', '2017-06-01 10:05:41'),
(344, 1, 5, 2, '2017-06-01 10:05:18', '2017-06-01 10:05:41', '2017-06-01 10:05:41'),
(345, 1, 5, 3, '2017-06-01 10:05:18', '2017-06-01 10:05:41', '2017-06-01 10:05:41'),
(346, 1, 5, 4, '2017-06-01 10:05:18', '2017-06-01 10:05:41', '2017-06-01 10:05:41'),
(347, 1, 6, 1, '2017-06-01 10:05:18', '2017-06-01 10:05:41', '2017-06-01 10:05:41'),
(348, 1, 6, 2, '2017-06-01 10:05:18', '2017-06-01 10:05:41', '2017-06-01 10:05:41'),
(349, 1, 6, 3, '2017-06-01 10:05:18', '2017-06-01 10:05:41', '2017-06-01 10:05:41'),
(350, 1, 6, 4, '2017-06-01 10:05:18', '2017-06-01 10:05:41', '2017-06-01 10:05:41'),
(351, 1, 7, 1, '2017-06-01 10:05:18', '2017-06-01 10:05:41', '2017-06-01 10:05:41'),
(352, 1, 7, 2, '2017-06-01 10:05:18', '2017-06-01 10:05:41', '2017-06-01 10:05:41'),
(353, 1, 7, 3, '2017-06-01 10:05:18', '2017-06-01 10:05:41', '2017-06-01 10:05:41'),
(354, 1, 7, 4, '2017-06-01 10:05:18', '2017-06-01 10:05:41', '2017-06-01 10:05:41'),
(355, 1, 8, 1, '2017-06-01 10:05:18', '2017-06-01 10:05:41', '2017-06-01 10:05:41'),
(356, 1, 8, 2, '2017-06-01 10:05:19', '2017-06-01 10:05:41', '2017-06-01 10:05:41'),
(357, 1, 8, 3, '2017-06-01 10:05:19', '2017-06-01 10:05:41', '2017-06-01 10:05:41'),
(358, 1, 8, 4, '2017-06-01 10:05:19', '2017-06-01 10:05:41', '2017-06-01 10:05:41'),
(359, 1, 9, 1, '2017-06-01 10:05:19', '2017-06-01 10:05:41', '2017-06-01 10:05:41'),
(360, 1, 9, 2, '2017-06-01 10:05:19', '2017-06-01 10:05:41', '2017-06-01 10:05:41'),
(361, 1, 9, 3, '2017-06-01 10:05:19', '2017-06-01 10:05:41', '2017-06-01 10:05:41'),
(362, 1, 9, 4, '2017-06-01 10:05:19', '2017-06-01 10:05:41', '2017-06-01 10:05:41'),
(363, 1, 10, 3, '2017-06-01 10:05:19', '2017-06-01 10:05:41', '2017-06-01 10:05:41'),
(364, 1, 10, 4, '2017-06-01 10:05:19', '2017-06-01 10:05:41', '2017-06-01 10:05:41'),
(365, 1, 11, 1, '2017-06-01 10:05:19', '2017-06-01 10:05:41', '2017-06-01 10:05:41'),
(366, 1, 11, 2, '2017-06-01 10:05:19', '2017-06-01 10:05:41', '2017-06-01 10:05:41'),
(367, 1, 11, 3, '2017-06-01 10:05:19', '2017-06-01 10:05:41', '2017-06-01 10:05:41'),
(368, 1, 11, 4, '2017-06-01 10:05:19', '2017-06-01 10:05:41', '2017-06-01 10:05:41'),
(369, 1, 12, 1, '2017-06-01 10:05:19', '2017-06-01 10:05:41', '2017-06-01 10:05:41'),
(370, 1, 12, 2, '2017-06-01 10:05:19', '2017-06-01 10:05:41', '2017-06-01 10:05:41'),
(371, 1, 12, 3, '2017-06-01 10:05:20', '2017-06-01 10:05:41', '2017-06-01 10:05:41'),
(372, 1, 12, 4, '2017-06-01 10:05:20', '2017-06-01 10:05:41', '2017-06-01 10:05:41'),
(373, 1, 13, 1, '2017-06-01 10:05:20', '2017-06-01 10:05:41', '2017-06-01 10:05:41'),
(374, 1, 13, 2, '2017-06-01 10:05:20', '2017-06-01 10:05:41', '2017-06-01 10:05:41'),
(375, 1, 13, 3, '2017-06-01 10:05:20', '2017-06-01 10:05:41', '2017-06-01 10:05:41'),
(376, 1, 13, 4, '2017-06-01 10:05:20', '2017-06-01 10:05:41', '2017-06-01 10:05:41'),
(377, 1, 14, 1, '2017-06-01 10:05:20', '2017-06-01 10:05:41', '2017-06-01 10:05:41'),
(378, 1, 14, 2, '2017-06-01 10:05:20', '2017-06-01 10:05:41', '2017-06-01 10:05:41'),
(379, 1, 14, 3, '2017-06-01 10:05:20', '2017-06-01 10:05:41', '2017-06-01 10:05:41'),
(380, 1, 14, 4, '2017-06-01 10:05:20', '2017-06-01 10:05:41', '2017-06-01 10:05:41'),
(381, 1, 15, 1, '2017-06-01 10:05:20', '2017-06-01 10:05:41', '2017-06-01 10:05:41'),
(382, 1, 15, 2, '2017-06-01 10:05:20', '2017-06-01 10:05:41', '2017-06-01 10:05:41'),
(383, 1, 15, 3, '2017-06-01 10:05:20', '2017-06-01 10:05:41', '2017-06-01 10:05:41'),
(384, 1, 15, 4, '2017-06-01 10:05:20', '2017-06-01 10:05:41', '2017-06-01 10:05:41'),
(385, 1, 16, 1, '2017-06-01 10:05:20', '2017-06-01 10:05:41', '2017-06-01 10:05:41'),
(386, 1, 16, 2, '2017-06-01 10:05:20', '2017-06-01 10:05:41', '2017-06-01 10:05:41'),
(387, 1, 16, 3, '2017-06-01 10:05:20', '2017-06-01 10:05:41', '2017-06-01 10:05:41'),
(388, 1, 16, 4, '2017-06-01 10:05:21', '2017-06-01 10:05:41', '2017-06-01 10:05:41'),
(389, 1, 17, 1, '2017-06-01 10:05:21', '2017-06-01 10:05:41', '2017-06-01 10:05:41'),
(390, 1, 17, 2, '2017-06-01 10:05:21', '2017-06-01 10:05:41', '2017-06-01 10:05:41'),
(391, 1, 17, 3, '2017-06-01 10:05:21', '2017-06-01 10:05:41', '2017-06-01 10:05:41'),
(392, 1, 17, 4, '2017-06-01 10:05:21', '2017-06-01 10:05:41', '2017-06-01 10:05:41'),
(393, 1, 18, 1, '2017-06-01 10:05:21', '2017-06-01 10:05:41', '2017-06-01 10:05:41'),
(394, 1, 18, 2, '2017-06-01 10:05:21', '2017-06-01 10:05:41', '2017-06-01 10:05:41'),
(395, 1, 18, 3, '2017-06-01 10:05:21', '2017-06-01 10:05:41', '2017-06-01 10:05:41'),
(396, 1, 18, 4, '2017-06-01 10:05:21', '2017-06-01 10:05:41', '2017-06-01 10:05:41'),
(397, 1, 19, 1, '2017-06-01 10:05:21', '2017-06-01 10:05:41', '2017-06-01 10:05:41'),
(398, 1, 19, 2, '2017-06-01 10:05:21', '2017-06-01 10:05:41', '2017-06-01 10:05:41'),
(399, 1, 19, 3, '2017-06-01 10:05:21', '2017-06-01 10:05:41', '2017-06-01 10:05:41'),
(400, 1, 19, 4, '2017-06-01 10:05:21', '2017-06-01 10:05:41', '2017-06-01 10:05:41'),
(401, 1, 20, 1, '2017-06-01 10:05:21', '2017-06-01 10:05:41', '2017-06-01 10:05:41'),
(402, 1, 20, 2, '2017-06-01 10:05:21', '2017-06-01 10:05:41', '2017-06-01 10:05:41'),
(403, 1, 20, 3, '2017-06-01 10:05:21', '2017-06-01 10:05:41', '2017-06-01 10:05:41'),
(404, 1, 20, 4, '2017-06-01 10:05:21', '2017-06-01 10:05:41', '2017-06-01 10:05:41'),
(405, 1, 21, 1, '2017-06-01 10:05:21', '2017-06-01 10:05:41', '2017-06-01 10:05:41'),
(406, 1, 21, 2, '2017-06-01 10:05:21', '2017-06-01 10:05:41', '2017-06-01 10:05:41'),
(407, 1, 21, 3, '2017-06-01 10:05:21', '2017-06-01 10:05:41', '2017-06-01 10:05:41'),
(408, 1, 21, 4, '2017-06-01 10:05:21', '2017-06-01 10:05:41', '2017-06-01 10:05:41'),
(409, 1, 1, 1, '2017-06-01 10:05:41', '2017-06-01 10:08:18', '2017-06-01 10:08:18'),
(410, 1, 1, 2, '2017-06-01 10:05:41', '2017-06-01 10:08:18', '2017-06-01 10:08:18'),
(411, 1, 1, 3, '2017-06-01 10:05:41', '2017-06-01 10:08:18', '2017-06-01 10:08:18'),
(412, 1, 1, 4, '2017-06-01 10:05:41', '2017-06-01 10:08:18', '2017-06-01 10:08:18'),
(413, 1, 2, 1, '2017-06-01 10:05:41', '2017-06-01 10:08:18', '2017-06-01 10:08:18'),
(414, 1, 2, 2, '2017-06-01 10:05:41', '2017-06-01 10:08:18', '2017-06-01 10:08:18'),
(415, 1, 2, 3, '2017-06-01 10:05:41', '2017-06-01 10:08:18', '2017-06-01 10:08:18'),
(416, 1, 2, 4, '2017-06-01 10:05:41', '2017-06-01 10:08:18', '2017-06-01 10:08:18'),
(417, 1, 3, 1, '2017-06-01 10:05:41', '2017-06-01 10:08:18', '2017-06-01 10:08:18'),
(418, 1, 3, 2, '2017-06-01 10:05:41', '2017-06-01 10:08:18', '2017-06-01 10:08:18'),
(419, 1, 3, 3, '2017-06-01 10:05:41', '2017-06-01 10:08:18', '2017-06-01 10:08:18'),
(420, 1, 3, 4, '2017-06-01 10:05:41', '2017-06-01 10:08:18', '2017-06-01 10:08:18'),
(421, 1, 4, 1, '2017-06-01 10:05:41', '2017-06-01 10:08:18', '2017-06-01 10:08:18'),
(422, 1, 4, 2, '2017-06-01 10:05:41', '2017-06-01 10:08:18', '2017-06-01 10:08:18'),
(423, 1, 4, 3, '2017-06-01 10:05:41', '2017-06-01 10:08:18', '2017-06-01 10:08:18'),
(424, 1, 4, 4, '2017-06-01 10:05:41', '2017-06-01 10:08:18', '2017-06-01 10:08:18'),
(425, 1, 5, 1, '2017-06-01 10:05:41', '2017-06-01 10:08:18', '2017-06-01 10:08:18'),
(426, 1, 5, 2, '2017-06-01 10:05:41', '2017-06-01 10:08:18', '2017-06-01 10:08:18'),
(427, 1, 5, 3, '2017-06-01 10:05:41', '2017-06-01 10:08:18', '2017-06-01 10:08:18'),
(428, 1, 5, 4, '2017-06-01 10:05:41', '2017-06-01 10:08:18', '2017-06-01 10:08:18'),
(429, 1, 6, 1, '2017-06-01 10:05:42', '2017-06-01 10:08:18', '2017-06-01 10:08:18'),
(430, 1, 6, 2, '2017-06-01 10:05:42', '2017-06-01 10:08:18', '2017-06-01 10:08:18'),
(431, 1, 6, 3, '2017-06-01 10:05:42', '2017-06-01 10:08:18', '2017-06-01 10:08:18'),
(432, 1, 6, 4, '2017-06-01 10:05:42', '2017-06-01 10:08:18', '2017-06-01 10:08:18'),
(433, 1, 7, 1, '2017-06-01 10:05:42', '2017-06-01 10:08:18', '2017-06-01 10:08:18'),
(434, 1, 7, 2, '2017-06-01 10:05:42', '2017-06-01 10:08:18', '2017-06-01 10:08:18'),
(435, 1, 7, 3, '2017-06-01 10:05:42', '2017-06-01 10:08:18', '2017-06-01 10:08:18'),
(436, 1, 7, 4, '2017-06-01 10:05:42', '2017-06-01 10:08:18', '2017-06-01 10:08:18'),
(437, 1, 8, 1, '2017-06-01 10:05:42', '2017-06-01 10:08:18', '2017-06-01 10:08:18'),
(438, 1, 8, 2, '2017-06-01 10:05:42', '2017-06-01 10:08:18', '2017-06-01 10:08:18'),
(439, 1, 8, 3, '2017-06-01 10:05:42', '2017-06-01 10:08:18', '2017-06-01 10:08:18'),
(440, 1, 8, 4, '2017-06-01 10:05:42', '2017-06-01 10:08:18', '2017-06-01 10:08:18'),
(441, 1, 9, 1, '2017-06-01 10:05:42', '2017-06-01 10:08:18', '2017-06-01 10:08:18'),
(442, 1, 9, 2, '2017-06-01 10:05:42', '2017-06-01 10:08:18', '2017-06-01 10:08:18'),
(443, 1, 9, 3, '2017-06-01 10:05:42', '2017-06-01 10:08:18', '2017-06-01 10:08:18'),
(444, 1, 9, 4, '2017-06-01 10:05:42', '2017-06-01 10:08:18', '2017-06-01 10:08:18'),
(445, 1, 10, 1, '2017-06-01 10:05:42', '2017-06-01 10:08:18', '2017-06-01 10:08:18'),
(446, 1, 10, 2, '2017-06-01 10:05:42', '2017-06-01 10:08:18', '2017-06-01 10:08:18'),
(447, 1, 10, 3, '2017-06-01 10:05:42', '2017-06-01 10:08:18', '2017-06-01 10:08:18'),
(448, 1, 10, 4, '2017-06-01 10:05:42', '2017-06-01 10:08:18', '2017-06-01 10:08:18'),
(449, 1, 11, 1, '2017-06-01 10:05:42', '2017-06-01 10:08:18', '2017-06-01 10:08:18'),
(450, 1, 11, 2, '2017-06-01 10:05:42', '2017-06-01 10:08:18', '2017-06-01 10:08:18'),
(451, 1, 11, 3, '2017-06-01 10:05:43', '2017-06-01 10:08:18', '2017-06-01 10:08:18'),
(452, 1, 11, 4, '2017-06-01 10:05:43', '2017-06-01 10:08:18', '2017-06-01 10:08:18'),
(453, 1, 12, 1, '2017-06-01 10:05:43', '2017-06-01 10:08:18', '2017-06-01 10:08:18'),
(454, 1, 12, 2, '2017-06-01 10:05:43', '2017-06-01 10:08:18', '2017-06-01 10:08:18'),
(455, 1, 12, 3, '2017-06-01 10:05:43', '2017-06-01 10:08:18', '2017-06-01 10:08:18'),
(456, 1, 12, 4, '2017-06-01 10:05:43', '2017-06-01 10:08:18', '2017-06-01 10:08:18'),
(457, 1, 13, 1, '2017-06-01 10:05:43', '2017-06-01 10:08:18', '2017-06-01 10:08:18'),
(458, 1, 13, 2, '2017-06-01 10:05:43', '2017-06-01 10:08:18', '2017-06-01 10:08:18'),
(459, 1, 13, 3, '2017-06-01 10:05:43', '2017-06-01 10:08:18', '2017-06-01 10:08:18'),
(460, 1, 13, 4, '2017-06-01 10:05:43', '2017-06-01 10:08:18', '2017-06-01 10:08:18'),
(461, 1, 14, 1, '2017-06-01 10:05:43', '2017-06-01 10:08:18', '2017-06-01 10:08:18'),
(462, 1, 14, 2, '2017-06-01 10:05:43', '2017-06-01 10:08:18', '2017-06-01 10:08:18'),
(463, 1, 14, 3, '2017-06-01 10:05:43', '2017-06-01 10:08:18', '2017-06-01 10:08:18'),
(464, 1, 14, 4, '2017-06-01 10:05:43', '2017-06-01 10:08:18', '2017-06-01 10:08:18'),
(465, 1, 15, 1, '2017-06-01 10:05:43', '2017-06-01 10:08:18', '2017-06-01 10:08:18'),
(466, 1, 15, 2, '2017-06-01 10:05:43', '2017-06-01 10:08:18', '2017-06-01 10:08:18'),
(467, 1, 15, 3, '2017-06-01 10:05:43', '2017-06-01 10:08:18', '2017-06-01 10:08:18'),
(468, 1, 15, 4, '2017-06-01 10:05:43', '2017-06-01 10:08:18', '2017-06-01 10:08:18'),
(469, 1, 16, 1, '2017-06-01 10:05:43', '2017-06-01 10:08:18', '2017-06-01 10:08:18'),
(470, 1, 16, 2, '2017-06-01 10:05:43', '2017-06-01 10:08:18', '2017-06-01 10:08:18'),
(471, 1, 16, 3, '2017-06-01 10:05:43', '2017-06-01 10:08:18', '2017-06-01 10:08:18'),
(472, 1, 16, 4, '2017-06-01 10:05:43', '2017-06-01 10:08:18', '2017-06-01 10:08:18'),
(473, 1, 17, 1, '2017-06-01 10:05:43', '2017-06-01 10:08:18', '2017-06-01 10:08:18'),
(474, 1, 17, 2, '2017-06-01 10:05:43', '2017-06-01 10:08:18', '2017-06-01 10:08:18'),
(475, 1, 17, 3, '2017-06-01 10:05:43', '2017-06-01 10:08:18', '2017-06-01 10:08:18'),
(476, 1, 17, 4, '2017-06-01 10:05:43', '2017-06-01 10:08:18', '2017-06-01 10:08:18'),
(477, 1, 18, 1, '2017-06-01 10:05:43', '2017-06-01 10:08:18', '2017-06-01 10:08:18'),
(478, 1, 18, 2, '2017-06-01 10:05:43', '2017-06-01 10:08:18', '2017-06-01 10:08:18'),
(479, 1, 18, 3, '2017-06-01 10:05:43', '2017-06-01 10:08:18', '2017-06-01 10:08:18'),
(480, 1, 18, 4, '2017-06-01 10:05:43', '2017-06-01 10:08:18', '2017-06-01 10:08:18'),
(481, 1, 19, 1, '2017-06-01 10:05:44', '2017-06-01 10:08:18', '2017-06-01 10:08:18'),
(482, 1, 19, 2, '2017-06-01 10:05:44', '2017-06-01 10:08:18', '2017-06-01 10:08:18'),
(483, 1, 19, 3, '2017-06-01 10:05:44', '2017-06-01 10:08:18', '2017-06-01 10:08:18'),
(484, 1, 19, 4, '2017-06-01 10:05:44', '2017-06-01 10:08:18', '2017-06-01 10:08:18'),
(485, 1, 20, 1, '2017-06-01 10:05:44', '2017-06-01 10:08:18', '2017-06-01 10:08:18'),
(486, 1, 20, 2, '2017-06-01 10:05:44', '2017-06-01 10:08:18', '2017-06-01 10:08:18'),
(487, 1, 20, 3, '2017-06-01 10:05:44', '2017-06-01 10:08:18', '2017-06-01 10:08:18'),
(488, 1, 20, 4, '2017-06-01 10:05:44', '2017-06-01 10:08:18', '2017-06-01 10:08:18'),
(489, 1, 21, 1, '2017-06-01 10:05:44', '2017-06-01 10:08:18', '2017-06-01 10:08:18'),
(490, 1, 21, 2, '2017-06-01 10:05:44', '2017-06-01 10:08:18', '2017-06-01 10:08:18'),
(491, 1, 21, 3, '2017-06-01 10:05:44', '2017-06-01 10:08:18', '2017-06-01 10:08:18'),
(492, 1, 21, 4, '2017-06-01 10:05:44', '2017-06-01 10:08:18', '2017-06-01 10:08:18'),
(493, 1, 1, 1, '2017-06-01 10:08:18', '2017-06-01 10:08:33', '2017-06-01 10:08:33'),
(494, 1, 1, 2, '2017-06-01 10:08:18', '2017-06-01 10:08:33', '2017-06-01 10:08:33'),
(495, 1, 1, 3, '2017-06-01 10:08:18', '2017-06-01 10:08:33', '2017-06-01 10:08:33'),
(496, 1, 1, 4, '2017-06-01 10:08:18', '2017-06-01 10:08:33', '2017-06-01 10:08:33'),
(497, 1, 2, 1, '2017-06-01 10:08:18', '2017-06-01 10:08:33', '2017-06-01 10:08:33'),
(498, 1, 2, 2, '2017-06-01 10:08:18', '2017-06-01 10:08:33', '2017-06-01 10:08:33'),
(499, 1, 2, 3, '2017-06-01 10:08:18', '2017-06-01 10:08:33', '2017-06-01 10:08:33'),
(500, 1, 2, 4, '2017-06-01 10:08:18', '2017-06-01 10:08:33', '2017-06-01 10:08:33'),
(501, 1, 3, 1, '2017-06-01 10:08:18', '2017-06-01 10:08:33', '2017-06-01 10:08:33'),
(502, 1, 3, 2, '2017-06-01 10:08:18', '2017-06-01 10:08:33', '2017-06-01 10:08:33'),
(503, 1, 3, 3, '2017-06-01 10:08:18', '2017-06-01 10:08:33', '2017-06-01 10:08:33'),
(504, 1, 3, 4, '2017-06-01 10:08:18', '2017-06-01 10:08:33', '2017-06-01 10:08:33'),
(505, 1, 4, 1, '2017-06-01 10:08:18', '2017-06-01 10:08:33', '2017-06-01 10:08:33'),
(506, 1, 4, 2, '2017-06-01 10:08:18', '2017-06-01 10:08:33', '2017-06-01 10:08:33'),
(507, 1, 4, 3, '2017-06-01 10:08:19', '2017-06-01 10:08:33', '2017-06-01 10:08:33'),
(508, 1, 4, 4, '2017-06-01 10:08:19', '2017-06-01 10:08:33', '2017-06-01 10:08:33'),
(509, 1, 5, 1, '2017-06-01 10:08:19', '2017-06-01 10:08:33', '2017-06-01 10:08:33'),
(510, 1, 5, 2, '2017-06-01 10:08:19', '2017-06-01 10:08:33', '2017-06-01 10:08:33'),
(511, 1, 5, 3, '2017-06-01 10:08:19', '2017-06-01 10:08:33', '2017-06-01 10:08:33'),
(512, 1, 5, 4, '2017-06-01 10:08:19', '2017-06-01 10:08:33', '2017-06-01 10:08:33'),
(513, 1, 6, 1, '2017-06-01 10:08:19', '2017-06-01 10:08:33', '2017-06-01 10:08:33'),
(514, 1, 6, 2, '2017-06-01 10:08:19', '2017-06-01 10:08:33', '2017-06-01 10:08:33'),
(515, 1, 6, 3, '2017-06-01 10:08:19', '2017-06-01 10:08:33', '2017-06-01 10:08:33'),
(516, 1, 6, 4, '2017-06-01 10:08:19', '2017-06-01 10:08:33', '2017-06-01 10:08:33'),
(517, 1, 7, 1, '2017-06-01 10:08:19', '2017-06-01 10:08:33', '2017-06-01 10:08:33'),
(518, 1, 7, 2, '2017-06-01 10:08:19', '2017-06-01 10:08:33', '2017-06-01 10:08:33'),
(519, 1, 7, 3, '2017-06-01 10:08:19', '2017-06-01 10:08:33', '2017-06-01 10:08:33'),
(520, 1, 7, 4, '2017-06-01 10:08:19', '2017-06-01 10:08:33', '2017-06-01 10:08:33'),
(521, 1, 8, 1, '2017-06-01 10:08:19', '2017-06-01 10:08:33', '2017-06-01 10:08:33'),
(522, 1, 8, 2, '2017-06-01 10:08:19', '2017-06-01 10:08:33', '2017-06-01 10:08:33'),
(523, 1, 8, 3, '2017-06-01 10:08:19', '2017-06-01 10:08:33', '2017-06-01 10:08:33'),
(524, 1, 8, 4, '2017-06-01 10:08:19', '2017-06-01 10:08:33', '2017-06-01 10:08:33'),
(525, 1, 9, 1, '2017-06-01 10:08:19', '2017-06-01 10:08:33', '2017-06-01 10:08:33'),
(526, 1, 9, 2, '2017-06-01 10:08:19', '2017-06-01 10:08:33', '2017-06-01 10:08:33'),
(527, 1, 9, 3, '2017-06-01 10:08:19', '2017-06-01 10:08:33', '2017-06-01 10:08:33'),
(528, 1, 9, 4, '2017-06-01 10:08:19', '2017-06-01 10:08:33', '2017-06-01 10:08:33'),
(529, 1, 10, 1, '2017-06-01 10:08:19', '2017-06-01 10:08:33', '2017-06-01 10:08:33'),
(530, 1, 10, 2, '2017-06-01 10:08:19', '2017-06-01 10:08:33', '2017-06-01 10:08:33'),
(531, 1, 10, 3, '2017-06-01 10:08:19', '2017-06-01 10:08:33', '2017-06-01 10:08:33'),
(532, 1, 10, 4, '2017-06-01 10:08:20', '2017-06-01 10:08:33', '2017-06-01 10:08:33'),
(533, 1, 10, 5, '2017-06-01 10:08:20', '2017-06-01 10:08:33', '2017-06-01 10:08:33'),
(537, 1, 11, 1, '2017-06-01 10:08:20', '2017-06-01 10:08:33', '2017-06-01 10:08:33'),
(538, 1, 11, 2, '2017-06-01 10:08:20', '2017-06-01 10:08:33', '2017-06-01 10:08:33'),
(539, 1, 11, 3, '2017-06-01 10:08:20', '2017-06-01 10:08:33', '2017-06-01 10:08:33'),
(540, 1, 11, 4, '2017-06-01 10:08:20', '2017-06-01 10:08:33', '2017-06-01 10:08:33'),
(541, 1, 12, 1, '2017-06-01 10:08:20', '2017-06-01 10:08:33', '2017-06-01 10:08:33'),
(542, 1, 12, 2, '2017-06-01 10:08:20', '2017-06-01 10:08:33', '2017-06-01 10:08:33'),
(543, 1, 12, 3, '2017-06-01 10:08:20', '2017-06-01 10:08:33', '2017-06-01 10:08:33'),
(544, 1, 12, 4, '2017-06-01 10:08:20', '2017-06-01 10:08:33', '2017-06-01 10:08:33'),
(545, 1, 13, 1, '2017-06-01 10:08:20', '2017-06-01 10:08:33', '2017-06-01 10:08:33'),
(546, 1, 13, 2, '2017-06-01 10:08:20', '2017-06-01 10:08:33', '2017-06-01 10:08:33'),
(547, 1, 13, 3, '2017-06-01 10:08:20', '2017-06-01 10:08:33', '2017-06-01 10:08:33'),
(548, 1, 13, 4, '2017-06-01 10:08:20', '2017-06-01 10:08:33', '2017-06-01 10:08:33'),
(549, 1, 14, 1, '2017-06-01 10:08:20', '2017-06-01 10:08:33', '2017-06-01 10:08:33'),
(550, 1, 14, 2, '2017-06-01 10:08:20', '2017-06-01 10:08:33', '2017-06-01 10:08:33'),
(551, 1, 14, 3, '2017-06-01 10:08:20', '2017-06-01 10:08:33', '2017-06-01 10:08:33'),
(552, 1, 14, 4, '2017-06-01 10:08:20', '2017-06-01 10:08:33', '2017-06-01 10:08:33'),
(553, 1, 15, 1, '2017-06-01 10:08:20', '2017-06-01 10:08:33', '2017-06-01 10:08:33'),
(554, 1, 15, 2, '2017-06-01 10:08:20', '2017-06-01 10:08:33', '2017-06-01 10:08:33'),
(555, 1, 15, 3, '2017-06-01 10:08:21', '2017-06-01 10:08:33', '2017-06-01 10:08:33'),
(556, 1, 15, 4, '2017-06-01 10:08:21', '2017-06-01 10:08:33', '2017-06-01 10:08:33'),
(557, 1, 16, 1, '2017-06-01 10:08:21', '2017-06-01 10:08:33', '2017-06-01 10:08:33'),
(558, 1, 16, 2, '2017-06-01 10:08:21', '2017-06-01 10:08:33', '2017-06-01 10:08:33'),
(559, 1, 16, 3, '2017-06-01 10:08:21', '2017-06-01 10:08:33', '2017-06-01 10:08:33'),
(560, 1, 16, 4, '2017-06-01 10:08:21', '2017-06-01 10:08:33', '2017-06-01 10:08:33'),
(561, 1, 17, 1, '2017-06-01 10:08:21', '2017-06-01 10:08:33', '2017-06-01 10:08:33'),
(562, 1, 17, 2, '2017-06-01 10:08:21', '2017-06-01 10:08:33', '2017-06-01 10:08:33'),
(563, 1, 17, 3, '2017-06-01 10:08:21', '2017-06-01 10:08:33', '2017-06-01 10:08:33'),
(564, 1, 17, 4, '2017-06-01 10:08:21', '2017-06-01 10:08:33', '2017-06-01 10:08:33'),
(565, 1, 18, 1, '2017-06-01 10:08:21', '2017-06-01 10:08:33', '2017-06-01 10:08:33'),
(566, 1, 18, 2, '2017-06-01 10:08:21', '2017-06-01 10:08:33', '2017-06-01 10:08:33'),
(567, 1, 18, 3, '2017-06-01 10:08:21', '2017-06-01 10:08:33', '2017-06-01 10:08:33'),
(568, 1, 18, 4, '2017-06-01 10:08:21', '2017-06-01 10:08:33', '2017-06-01 10:08:33'),
(569, 1, 19, 1, '2017-06-01 10:08:21', '2017-06-01 10:08:33', '2017-06-01 10:08:33'),
(570, 1, 19, 2, '2017-06-01 10:08:21', '2017-06-01 10:08:33', '2017-06-01 10:08:33'),
(571, 1, 19, 3, '2017-06-01 10:08:21', '2017-06-01 10:08:33', '2017-06-01 10:08:33'),
(572, 1, 19, 4, '2017-06-01 10:08:21', '2017-06-01 10:08:33', '2017-06-01 10:08:33'),
(573, 1, 20, 1, '2017-06-01 10:08:21', '2017-06-01 10:08:33', '2017-06-01 10:08:33'),
(574, 1, 20, 2, '2017-06-01 10:08:21', '2017-06-01 10:08:33', '2017-06-01 10:08:33'),
(575, 1, 20, 3, '2017-06-01 10:08:21', '2017-06-01 10:08:33', '2017-06-01 10:08:33'),
(576, 1, 20, 4, '2017-06-01 10:08:21', '2017-06-01 10:08:33', '2017-06-01 10:08:33'),
(577, 1, 21, 1, '2017-06-01 10:08:21', '2017-06-01 10:08:33', '2017-06-01 10:08:33'),
(578, 1, 21, 2, '2017-06-01 10:08:21', '2017-06-01 10:08:33', '2017-06-01 10:08:33'),
(579, 1, 21, 3, '2017-06-01 10:08:21', '2017-06-01 10:08:33', '2017-06-01 10:08:33'),
(580, 1, 21, 4, '2017-06-01 10:08:21', '2017-06-01 10:08:33', '2017-06-01 10:08:33'),
(581, 1, 1, 1, '2017-06-01 10:08:33', '2017-06-01 10:08:47', '2017-06-01 10:08:47'),
(582, 1, 1, 2, '2017-06-01 10:08:33', '2017-06-01 10:08:47', '2017-06-01 10:08:47'),
(583, 1, 1, 3, '2017-06-01 10:08:33', '2017-06-01 10:08:47', '2017-06-01 10:08:47'),
(584, 1, 1, 4, '2017-06-01 10:08:34', '2017-06-01 10:08:47', '2017-06-01 10:08:47'),
(585, 1, 2, 1, '2017-06-01 10:08:34', '2017-06-01 10:08:47', '2017-06-01 10:08:47'),
(586, 1, 2, 2, '2017-06-01 10:08:34', '2017-06-01 10:08:47', '2017-06-01 10:08:47'),
(587, 1, 2, 3, '2017-06-01 10:08:34', '2017-06-01 10:08:47', '2017-06-01 10:08:47'),
(588, 1, 2, 4, '2017-06-01 10:08:34', '2017-06-01 10:08:47', '2017-06-01 10:08:47'),
(589, 1, 3, 1, '2017-06-01 10:08:34', '2017-06-01 10:08:47', '2017-06-01 10:08:47'),
(590, 1, 3, 2, '2017-06-01 10:08:34', '2017-06-01 10:08:47', '2017-06-01 10:08:47'),
(591, 1, 3, 3, '2017-06-01 10:08:34', '2017-06-01 10:08:47', '2017-06-01 10:08:47'),
(592, 1, 3, 4, '2017-06-01 10:08:34', '2017-06-01 10:08:47', '2017-06-01 10:08:47'),
(593, 1, 4, 1, '2017-06-01 10:08:34', '2017-06-01 10:08:47', '2017-06-01 10:08:47'),
(594, 1, 4, 2, '2017-06-01 10:08:34', '2017-06-01 10:08:47', '2017-06-01 10:08:47'),
(595, 1, 4, 3, '2017-06-01 10:08:34', '2017-06-01 10:08:47', '2017-06-01 10:08:47'),
(596, 1, 4, 4, '2017-06-01 10:08:34', '2017-06-01 10:08:47', '2017-06-01 10:08:47'),
(597, 1, 5, 1, '2017-06-01 10:08:34', '2017-06-01 10:08:47', '2017-06-01 10:08:47'),
(598, 1, 5, 2, '2017-06-01 10:08:34', '2017-06-01 10:08:47', '2017-06-01 10:08:47'),
(599, 1, 5, 3, '2017-06-01 10:08:34', '2017-06-01 10:08:47', '2017-06-01 10:08:47'),
(600, 1, 5, 4, '2017-06-01 10:08:34', '2017-06-01 10:08:47', '2017-06-01 10:08:47'),
(601, 1, 6, 1, '2017-06-01 10:08:34', '2017-06-01 10:08:47', '2017-06-01 10:08:47'),
(602, 1, 6, 2, '2017-06-01 10:08:34', '2017-06-01 10:08:47', '2017-06-01 10:08:47'),
(603, 1, 6, 3, '2017-06-01 10:08:34', '2017-06-01 10:08:47', '2017-06-01 10:08:47'),
(604, 1, 6, 4, '2017-06-01 10:08:34', '2017-06-01 10:08:47', '2017-06-01 10:08:47'),
(605, 1, 7, 1, '2017-06-01 10:08:34', '2017-06-01 10:08:47', '2017-06-01 10:08:47'),
(606, 1, 7, 2, '2017-06-01 10:08:35', '2017-06-01 10:08:47', '2017-06-01 10:08:47'),
(607, 1, 7, 3, '2017-06-01 10:08:35', '2017-06-01 10:08:47', '2017-06-01 10:08:47'),
(608, 1, 7, 4, '2017-06-01 10:08:35', '2017-06-01 10:08:47', '2017-06-01 10:08:47'),
(609, 1, 8, 1, '2017-06-01 10:08:35', '2017-06-01 10:08:47', '2017-06-01 10:08:47'),
(610, 1, 8, 2, '2017-06-01 10:08:35', '2017-06-01 10:08:47', '2017-06-01 10:08:47'),
(611, 1, 8, 3, '2017-06-01 10:08:35', '2017-06-01 10:08:47', '2017-06-01 10:08:47'),
(612, 1, 8, 4, '2017-06-01 10:08:35', '2017-06-01 10:08:47', '2017-06-01 10:08:47'),
(613, 1, 9, 1, '2017-06-01 10:08:35', '2017-06-01 10:08:47', '2017-06-01 10:08:47'),
(614, 1, 9, 2, '2017-06-01 10:08:35', '2017-06-01 10:08:47', '2017-06-01 10:08:47'),
(615, 1, 9, 3, '2017-06-01 10:08:35', '2017-06-01 10:08:47', '2017-06-01 10:08:47'),
(616, 1, 9, 4, '2017-06-01 10:08:35', '2017-06-01 10:08:47', '2017-06-01 10:08:47'),
(617, 1, 10, 1, '2017-06-01 10:08:35', '2017-06-01 10:08:47', '2017-06-01 10:08:47'),
(618, 1, 10, 2, '2017-06-01 10:08:35', '2017-06-01 10:08:47', '2017-06-01 10:08:47'),
(619, 1, 10, 3, '2017-06-01 10:08:35', '2017-06-01 10:08:47', '2017-06-01 10:08:47'),
(620, 1, 10, 4, '2017-06-01 10:08:35', '2017-06-01 10:08:47', '2017-06-01 10:08:47'),
(621, 1, 10, 5, '2017-06-01 10:08:35', '2017-06-01 10:08:47', '2017-06-01 10:08:47'),
(624, 1, 11, 1, '2017-06-01 10:08:36', '2017-06-01 10:08:47', '2017-06-01 10:08:47'),
(625, 1, 11, 2, '2017-06-01 10:08:36', '2017-06-01 10:08:47', '2017-06-01 10:08:47'),
(626, 1, 11, 3, '2017-06-01 10:08:36', '2017-06-01 10:08:47', '2017-06-01 10:08:47'),
(627, 1, 11, 4, '2017-06-01 10:08:36', '2017-06-01 10:08:47', '2017-06-01 10:08:47'),
(628, 1, 12, 1, '2017-06-01 10:08:36', '2017-06-01 10:08:47', '2017-06-01 10:08:47'),
(629, 1, 12, 2, '2017-06-01 10:08:36', '2017-06-01 10:08:47', '2017-06-01 10:08:47'),
(630, 1, 12, 3, '2017-06-01 10:08:36', '2017-06-01 10:08:47', '2017-06-01 10:08:47'),
(631, 1, 12, 4, '2017-06-01 10:08:36', '2017-06-01 10:08:47', '2017-06-01 10:08:47'),
(632, 1, 13, 1, '2017-06-01 10:08:36', '2017-06-01 10:08:47', '2017-06-01 10:08:47'),
(633, 1, 13, 2, '2017-06-01 10:08:36', '2017-06-01 10:08:47', '2017-06-01 10:08:47'),
(634, 1, 13, 3, '2017-06-01 10:08:36', '2017-06-01 10:08:47', '2017-06-01 10:08:47'),
(635, 1, 13, 4, '2017-06-01 10:08:36', '2017-06-01 10:08:47', '2017-06-01 10:08:47'),
(636, 1, 14, 1, '2017-06-01 10:08:37', '2017-06-01 10:08:47', '2017-06-01 10:08:47'),
(637, 1, 14, 2, '2017-06-01 10:08:37', '2017-06-01 10:08:47', '2017-06-01 10:08:47'),
(638, 1, 14, 3, '2017-06-01 10:08:37', '2017-06-01 10:08:47', '2017-06-01 10:08:47'),
(639, 1, 14, 4, '2017-06-01 10:08:37', '2017-06-01 10:08:47', '2017-06-01 10:08:47'),
(640, 1, 15, 1, '2017-06-01 10:08:37', '2017-06-01 10:08:47', '2017-06-01 10:08:47'),
(641, 1, 15, 2, '2017-06-01 10:08:37', '2017-06-01 10:08:47', '2017-06-01 10:08:47'),
(642, 1, 15, 3, '2017-06-01 10:08:37', '2017-06-01 10:08:47', '2017-06-01 10:08:47'),
(643, 1, 15, 4, '2017-06-01 10:08:37', '2017-06-01 10:08:47', '2017-06-01 10:08:47'),
(644, 1, 16, 1, '2017-06-01 10:08:37', '2017-06-01 10:08:47', '2017-06-01 10:08:47'),
(645, 1, 16, 2, '2017-06-01 10:08:37', '2017-06-01 10:08:47', '2017-06-01 10:08:47'),
(646, 1, 16, 3, '2017-06-01 10:08:37', '2017-06-01 10:08:47', '2017-06-01 10:08:47'),
(647, 1, 16, 4, '2017-06-01 10:08:37', '2017-06-01 10:08:47', '2017-06-01 10:08:47'),
(648, 1, 17, 1, '2017-06-01 10:08:37', '2017-06-01 10:08:47', '2017-06-01 10:08:47'),
(649, 1, 17, 2, '2017-06-01 10:08:37', '2017-06-01 10:08:47', '2017-06-01 10:08:47'),
(650, 1, 17, 3, '2017-06-01 10:08:37', '2017-06-01 10:08:47', '2017-06-01 10:08:47'),
(651, 1, 17, 4, '2017-06-01 10:08:37', '2017-06-01 10:08:47', '2017-06-01 10:08:47'),
(652, 1, 18, 1, '2017-06-01 10:08:37', '2017-06-01 10:08:47', '2017-06-01 10:08:47'),
(653, 1, 18, 2, '2017-06-01 10:08:37', '2017-06-01 10:08:47', '2017-06-01 10:08:47'),
(654, 1, 18, 3, '2017-06-01 10:08:37', '2017-06-01 10:08:47', '2017-06-01 10:08:47'),
(655, 1, 18, 4, '2017-06-01 10:08:38', '2017-06-01 10:08:47', '2017-06-01 10:08:47'),
(656, 1, 19, 1, '2017-06-01 10:08:38', '2017-06-01 10:08:47', '2017-06-01 10:08:47'),
(657, 1, 19, 2, '2017-06-01 10:08:38', '2017-06-01 10:08:47', '2017-06-01 10:08:47'),
(658, 1, 19, 3, '2017-06-01 10:08:38', '2017-06-01 10:08:47', '2017-06-01 10:08:47'),
(659, 1, 19, 4, '2017-06-01 10:08:38', '2017-06-01 10:08:47', '2017-06-01 10:08:47'),
(660, 1, 20, 1, '2017-06-01 10:08:38', '2017-06-01 10:08:47', '2017-06-01 10:08:47'),
(661, 1, 20, 2, '2017-06-01 10:08:38', '2017-06-01 10:08:47', '2017-06-01 10:08:47'),
(662, 1, 20, 3, '2017-06-01 10:08:38', '2017-06-01 10:08:47', '2017-06-01 10:08:47'),
(663, 1, 20, 4, '2017-06-01 10:08:38', '2017-06-01 10:08:47', '2017-06-01 10:08:47'),
(664, 1, 21, 1, '2017-06-01 10:08:38', '2017-06-01 10:08:47', '2017-06-01 10:08:47'),
(665, 1, 21, 2, '2017-06-01 10:08:38', '2017-06-01 10:08:47', '2017-06-01 10:08:47'),
(666, 1, 21, 3, '2017-06-01 10:08:38', '2017-06-01 10:08:47', '2017-06-01 10:08:47'),
(667, 1, 21, 4, '2017-06-01 10:08:38', '2017-06-01 10:08:47', '2017-06-01 10:08:47'),
(668, 1, 1, 1, '2017-06-01 10:08:47', '2017-06-01 10:11:42', '2017-06-01 10:11:42'),
(669, 1, 1, 2, '2017-06-01 10:08:47', '2017-06-01 10:11:42', '2017-06-01 10:11:42'),
(670, 1, 1, 3, '2017-06-01 10:08:47', '2017-06-01 10:11:42', '2017-06-01 10:11:42'),
(671, 1, 1, 4, '2017-06-01 10:08:47', '2017-06-01 10:11:42', '2017-06-01 10:11:42'),
(672, 1, 2, 1, '2017-06-01 10:08:47', '2017-06-01 10:11:42', '2017-06-01 10:11:42'),
(673, 1, 2, 2, '2017-06-01 10:08:47', '2017-06-01 10:11:42', '2017-06-01 10:11:42'),
(674, 1, 2, 3, '2017-06-01 10:08:47', '2017-06-01 10:11:42', '2017-06-01 10:11:42'),
(675, 1, 2, 4, '2017-06-01 10:08:47', '2017-06-01 10:11:42', '2017-06-01 10:11:42');
INSERT INTO `privilege` (`id`, `user_id`, `module_id`, `action_id`, `created_at`, `updated_at`, `deleted_at`) VALUES
(676, 1, 3, 1, '2017-06-01 10:08:47', '2017-06-01 10:11:42', '2017-06-01 10:11:42'),
(677, 1, 3, 2, '2017-06-01 10:08:47', '2017-06-01 10:11:42', '2017-06-01 10:11:42'),
(678, 1, 3, 3, '2017-06-01 10:08:48', '2017-06-01 10:11:42', '2017-06-01 10:11:42'),
(679, 1, 3, 4, '2017-06-01 10:08:48', '2017-06-01 10:11:42', '2017-06-01 10:11:42'),
(680, 1, 4, 1, '2017-06-01 10:08:48', '2017-06-01 10:11:42', '2017-06-01 10:11:42'),
(681, 1, 4, 2, '2017-06-01 10:08:48', '2017-06-01 10:11:42', '2017-06-01 10:11:42'),
(682, 1, 4, 3, '2017-06-01 10:08:48', '2017-06-01 10:11:42', '2017-06-01 10:11:42'),
(683, 1, 4, 4, '2017-06-01 10:08:48', '2017-06-01 10:11:42', '2017-06-01 10:11:42'),
(684, 1, 5, 1, '2017-06-01 10:08:48', '2017-06-01 10:11:42', '2017-06-01 10:11:42'),
(685, 1, 5, 2, '2017-06-01 10:08:48', '2017-06-01 10:11:42', '2017-06-01 10:11:42'),
(686, 1, 5, 3, '2017-06-01 10:08:48', '2017-06-01 10:11:42', '2017-06-01 10:11:42'),
(687, 1, 5, 4, '2017-06-01 10:08:48', '2017-06-01 10:11:42', '2017-06-01 10:11:42'),
(688, 1, 6, 1, '2017-06-01 10:08:48', '2017-06-01 10:11:42', '2017-06-01 10:11:42'),
(689, 1, 6, 2, '2017-06-01 10:08:48', '2017-06-01 10:11:42', '2017-06-01 10:11:42'),
(690, 1, 6, 3, '2017-06-01 10:08:48', '2017-06-01 10:11:42', '2017-06-01 10:11:42'),
(691, 1, 6, 4, '2017-06-01 10:08:48', '2017-06-01 10:11:42', '2017-06-01 10:11:42'),
(692, 1, 7, 1, '2017-06-01 10:08:48', '2017-06-01 10:11:42', '2017-06-01 10:11:42'),
(693, 1, 7, 2, '2017-06-01 10:08:48', '2017-06-01 10:11:42', '2017-06-01 10:11:42'),
(694, 1, 7, 3, '2017-06-01 10:08:48', '2017-06-01 10:11:42', '2017-06-01 10:11:42'),
(695, 1, 7, 4, '2017-06-01 10:08:48', '2017-06-01 10:11:42', '2017-06-01 10:11:42'),
(696, 1, 8, 1, '2017-06-01 10:08:48', '2017-06-01 10:11:42', '2017-06-01 10:11:42'),
(697, 1, 8, 2, '2017-06-01 10:08:49', '2017-06-01 10:11:42', '2017-06-01 10:11:42'),
(698, 1, 8, 3, '2017-06-01 10:08:49', '2017-06-01 10:11:42', '2017-06-01 10:11:42'),
(699, 1, 8, 4, '2017-06-01 10:08:49', '2017-06-01 10:11:42', '2017-06-01 10:11:42'),
(700, 1, 9, 1, '2017-06-01 10:08:49', '2017-06-01 10:11:42', '2017-06-01 10:11:42'),
(701, 1, 9, 2, '2017-06-01 10:08:49', '2017-06-01 10:11:42', '2017-06-01 10:11:42'),
(702, 1, 9, 3, '2017-06-01 10:08:49', '2017-06-01 10:11:42', '2017-06-01 10:11:42'),
(703, 1, 9, 4, '2017-06-01 10:08:49', '2017-06-01 10:11:42', '2017-06-01 10:11:42'),
(704, 1, 10, 1, '2017-06-01 10:08:49', '2017-06-01 10:11:42', '2017-06-01 10:11:42'),
(705, 1, 10, 2, '2017-06-01 10:08:49', '2017-06-01 10:11:42', '2017-06-01 10:11:42'),
(706, 1, 10, 3, '2017-06-01 10:08:49', '2017-06-01 10:11:42', '2017-06-01 10:11:42'),
(707, 1, 10, 4, '2017-06-01 10:08:49', '2017-06-01 10:11:42', '2017-06-01 10:11:42'),
(708, 1, 10, 5, '2017-06-01 10:08:49', '2017-06-01 10:11:42', '2017-06-01 10:11:42'),
(712, 1, 11, 1, '2017-06-01 10:08:49', '2017-06-01 10:11:42', '2017-06-01 10:11:42'),
(713, 1, 11, 2, '2017-06-01 10:08:49', '2017-06-01 10:11:42', '2017-06-01 10:11:42'),
(714, 1, 11, 3, '2017-06-01 10:08:49', '2017-06-01 10:11:42', '2017-06-01 10:11:42'),
(715, 1, 11, 4, '2017-06-01 10:08:49', '2017-06-01 10:11:42', '2017-06-01 10:11:42'),
(716, 1, 12, 1, '2017-06-01 10:08:49', '2017-06-01 10:11:42', '2017-06-01 10:11:42'),
(717, 1, 12, 2, '2017-06-01 10:08:49', '2017-06-01 10:11:42', '2017-06-01 10:11:42'),
(718, 1, 12, 3, '2017-06-01 10:08:49', '2017-06-01 10:11:42', '2017-06-01 10:11:42'),
(719, 1, 12, 4, '2017-06-01 10:08:49', '2017-06-01 10:11:42', '2017-06-01 10:11:42'),
(720, 1, 13, 1, '2017-06-01 10:08:49', '2017-06-01 10:11:42', '2017-06-01 10:11:42'),
(721, 1, 13, 2, '2017-06-01 10:08:49', '2017-06-01 10:11:42', '2017-06-01 10:11:42'),
(722, 1, 13, 3, '2017-06-01 10:08:49', '2017-06-01 10:11:42', '2017-06-01 10:11:42'),
(723, 1, 13, 4, '2017-06-01 10:08:49', '2017-06-01 10:11:42', '2017-06-01 10:11:42'),
(724, 1, 14, 1, '2017-06-01 10:08:49', '2017-06-01 10:11:42', '2017-06-01 10:11:42'),
(725, 1, 14, 2, '2017-06-01 10:08:50', '2017-06-01 10:11:42', '2017-06-01 10:11:42'),
(726, 1, 14, 3, '2017-06-01 10:08:50', '2017-06-01 10:11:42', '2017-06-01 10:11:42'),
(727, 1, 14, 4, '2017-06-01 10:08:50', '2017-06-01 10:11:42', '2017-06-01 10:11:42'),
(728, 1, 15, 1, '2017-06-01 10:08:50', '2017-06-01 10:11:42', '2017-06-01 10:11:42'),
(729, 1, 15, 2, '2017-06-01 10:08:50', '2017-06-01 10:11:42', '2017-06-01 10:11:42'),
(730, 1, 15, 3, '2017-06-01 10:08:50', '2017-06-01 10:11:42', '2017-06-01 10:11:42'),
(731, 1, 15, 4, '2017-06-01 10:08:50', '2017-06-01 10:11:42', '2017-06-01 10:11:42'),
(732, 1, 16, 1, '2017-06-01 10:08:50', '2017-06-01 10:11:42', '2017-06-01 10:11:42'),
(733, 1, 16, 2, '2017-06-01 10:08:50', '2017-06-01 10:11:42', '2017-06-01 10:11:42'),
(734, 1, 16, 3, '2017-06-01 10:08:50', '2017-06-01 10:11:42', '2017-06-01 10:11:42'),
(735, 1, 16, 4, '2017-06-01 10:08:50', '2017-06-01 10:11:42', '2017-06-01 10:11:42'),
(736, 1, 17, 1, '2017-06-01 10:08:50', '2017-06-01 10:11:42', '2017-06-01 10:11:42'),
(737, 1, 17, 2, '2017-06-01 10:08:50', '2017-06-01 10:11:42', '2017-06-01 10:11:42'),
(738, 1, 17, 3, '2017-06-01 10:08:50', '2017-06-01 10:11:42', '2017-06-01 10:11:42'),
(739, 1, 17, 4, '2017-06-01 10:08:50', '2017-06-01 10:11:42', '2017-06-01 10:11:42'),
(740, 1, 18, 1, '2017-06-01 10:08:50', '2017-06-01 10:11:42', '2017-06-01 10:11:42'),
(741, 1, 18, 2, '2017-06-01 10:08:50', '2017-06-01 10:11:42', '2017-06-01 10:11:42'),
(742, 1, 18, 3, '2017-06-01 10:08:50', '2017-06-01 10:11:42', '2017-06-01 10:11:42'),
(743, 1, 18, 4, '2017-06-01 10:08:50', '2017-06-01 10:11:42', '2017-06-01 10:11:42'),
(744, 1, 19, 1, '2017-06-01 10:08:50', '2017-06-01 10:11:42', '2017-06-01 10:11:42'),
(745, 1, 19, 2, '2017-06-01 10:08:50', '2017-06-01 10:11:42', '2017-06-01 10:11:42'),
(746, 1, 19, 3, '2017-06-01 10:08:50', '2017-06-01 10:11:42', '2017-06-01 10:11:42'),
(747, 1, 19, 4, '2017-06-01 10:08:50', '2017-06-01 10:11:42', '2017-06-01 10:11:42'),
(748, 1, 20, 1, '2017-06-01 10:08:50', '2017-06-01 10:11:42', '2017-06-01 10:11:42'),
(749, 1, 20, 2, '2017-06-01 10:08:51', '2017-06-01 10:11:42', '2017-06-01 10:11:42'),
(750, 1, 20, 3, '2017-06-01 10:08:51', '2017-06-01 10:11:42', '2017-06-01 10:11:42'),
(751, 1, 20, 4, '2017-06-01 10:08:51', '2017-06-01 10:11:42', '2017-06-01 10:11:42'),
(752, 1, 21, 1, '2017-06-01 10:08:51', '2017-06-01 10:11:42', '2017-06-01 10:11:42'),
(753, 1, 21, 2, '2017-06-01 10:08:51', '2017-06-01 10:11:42', '2017-06-01 10:11:42'),
(754, 1, 21, 3, '2017-06-01 10:08:51', '2017-06-01 10:11:42', '2017-06-01 10:11:42'),
(755, 1, 21, 4, '2017-06-01 10:08:51', '2017-06-01 10:11:42', '2017-06-01 10:11:42'),
(756, 1, 1, 1, '2017-06-01 10:11:42', '2017-06-01 11:04:42', '2017-06-01 11:04:42'),
(757, 1, 1, 2, '2017-06-01 10:11:42', '2017-06-01 11:04:42', '2017-06-01 11:04:42'),
(758, 1, 1, 3, '2017-06-01 10:11:42', '2017-06-01 11:04:42', '2017-06-01 11:04:42'),
(759, 1, 1, 4, '2017-06-01 10:11:42', '2017-06-01 11:04:42', '2017-06-01 11:04:42'),
(760, 1, 2, 1, '2017-06-01 10:11:42', '2017-06-01 11:04:42', '2017-06-01 11:04:42'),
(761, 1, 2, 2, '2017-06-01 10:11:42', '2017-06-01 11:04:42', '2017-06-01 11:04:42'),
(762, 1, 2, 3, '2017-06-01 10:11:42', '2017-06-01 11:04:42', '2017-06-01 11:04:42'),
(763, 1, 2, 4, '2017-06-01 10:11:42', '2017-06-01 11:04:42', '2017-06-01 11:04:42'),
(764, 1, 3, 1, '2017-06-01 10:11:42', '2017-06-01 11:04:42', '2017-06-01 11:04:42'),
(765, 1, 3, 2, '2017-06-01 10:11:42', '2017-06-01 11:04:42', '2017-06-01 11:04:42'),
(766, 1, 3, 3, '2017-06-01 10:11:43', '2017-06-01 11:04:42', '2017-06-01 11:04:42'),
(767, 1, 3, 4, '2017-06-01 10:11:43', '2017-06-01 11:04:42', '2017-06-01 11:04:42'),
(768, 1, 4, 1, '2017-06-01 10:11:43', '2017-06-01 11:04:42', '2017-06-01 11:04:42'),
(769, 1, 4, 2, '2017-06-01 10:11:43', '2017-06-01 11:04:42', '2017-06-01 11:04:42'),
(770, 1, 4, 3, '2017-06-01 10:11:43', '2017-06-01 11:04:42', '2017-06-01 11:04:42'),
(771, 1, 4, 4, '2017-06-01 10:11:43', '2017-06-01 11:04:42', '2017-06-01 11:04:42'),
(772, 1, 5, 1, '2017-06-01 10:11:43', '2017-06-01 11:04:42', '2017-06-01 11:04:42'),
(773, 1, 5, 2, '2017-06-01 10:11:43', '2017-06-01 11:04:42', '2017-06-01 11:04:42'),
(774, 1, 5, 3, '2017-06-01 10:11:43', '2017-06-01 11:04:42', '2017-06-01 11:04:42'),
(775, 1, 5, 4, '2017-06-01 10:11:43', '2017-06-01 11:04:42', '2017-06-01 11:04:42'),
(776, 1, 6, 1, '2017-06-01 10:11:43', '2017-06-01 11:04:42', '2017-06-01 11:04:42'),
(777, 1, 6, 2, '2017-06-01 10:11:43', '2017-06-01 11:04:42', '2017-06-01 11:04:42'),
(778, 1, 6, 3, '2017-06-01 10:11:43', '2017-06-01 11:04:42', '2017-06-01 11:04:42'),
(779, 1, 6, 4, '2017-06-01 10:11:43', '2017-06-01 11:04:42', '2017-06-01 11:04:42'),
(780, 1, 7, 1, '2017-06-01 10:11:43', '2017-06-01 11:04:42', '2017-06-01 11:04:42'),
(781, 1, 7, 2, '2017-06-01 10:11:43', '2017-06-01 11:04:42', '2017-06-01 11:04:42'),
(782, 1, 7, 3, '2017-06-01 10:11:44', '2017-06-01 11:04:42', '2017-06-01 11:04:42'),
(783, 1, 7, 4, '2017-06-01 10:11:44', '2017-06-01 11:04:42', '2017-06-01 11:04:42'),
(784, 1, 8, 1, '2017-06-01 10:11:44', '2017-06-01 11:04:42', '2017-06-01 11:04:42'),
(785, 1, 8, 2, '2017-06-01 10:11:44', '2017-06-01 11:04:42', '2017-06-01 11:04:42'),
(786, 1, 8, 3, '2017-06-01 10:11:44', '2017-06-01 11:04:42', '2017-06-01 11:04:42'),
(787, 1, 8, 4, '2017-06-01 10:11:44', '2017-06-01 11:04:42', '2017-06-01 11:04:42'),
(788, 1, 9, 1, '2017-06-01 10:11:44', '2017-06-01 11:04:42', '2017-06-01 11:04:42'),
(789, 1, 9, 2, '2017-06-01 10:11:44', '2017-06-01 11:04:42', '2017-06-01 11:04:42'),
(790, 1, 9, 3, '2017-06-01 10:11:44', '2017-06-01 11:04:42', '2017-06-01 11:04:42'),
(791, 1, 9, 4, '2017-06-01 10:11:44', '2017-06-01 11:04:42', '2017-06-01 11:04:42'),
(792, 1, 10, 1, '2017-06-01 10:11:44', '2017-06-01 11:04:42', '2017-06-01 11:04:42'),
(793, 1, 10, 2, '2017-06-01 10:11:44', '2017-06-01 11:04:42', '2017-06-01 11:04:42'),
(794, 1, 10, 3, '2017-06-01 10:11:44', '2017-06-01 11:04:42', '2017-06-01 11:04:42'),
(795, 1, 10, 4, '2017-06-01 10:11:44', '2017-06-01 11:04:42', '2017-06-01 11:04:42'),
(796, 1, 10, 5, '2017-06-01 10:11:44', '2017-06-01 11:04:42', '2017-06-01 11:04:42'),
(801, 1, 11, 1, '2017-06-01 10:11:44', '2017-06-01 11:04:42', '2017-06-01 11:04:42'),
(802, 1, 11, 2, '2017-06-01 10:11:44', '2017-06-01 11:04:42', '2017-06-01 11:04:42'),
(803, 1, 11, 3, '2017-06-01 10:11:44', '2017-06-01 11:04:42', '2017-06-01 11:04:42'),
(804, 1, 11, 4, '2017-06-01 10:11:44', '2017-06-01 11:04:42', '2017-06-01 11:04:42'),
(805, 1, 12, 1, '2017-06-01 10:11:45', '2017-06-01 11:04:42', '2017-06-01 11:04:42'),
(806, 1, 12, 2, '2017-06-01 10:11:45', '2017-06-01 11:04:42', '2017-06-01 11:04:42'),
(807, 1, 12, 3, '2017-06-01 10:11:45', '2017-06-01 11:04:42', '2017-06-01 11:04:42'),
(808, 1, 12, 4, '2017-06-01 10:11:45', '2017-06-01 11:04:42', '2017-06-01 11:04:42'),
(809, 1, 13, 1, '2017-06-01 10:11:45', '2017-06-01 11:04:42', '2017-06-01 11:04:42'),
(810, 1, 13, 2, '2017-06-01 10:11:45', '2017-06-01 11:04:42', '2017-06-01 11:04:42'),
(811, 1, 13, 3, '2017-06-01 10:11:45', '2017-06-01 11:04:42', '2017-06-01 11:04:42'),
(812, 1, 13, 4, '2017-06-01 10:11:45', '2017-06-01 11:04:42', '2017-06-01 11:04:42'),
(813, 1, 14, 1, '2017-06-01 10:11:45', '2017-06-01 11:04:42', '2017-06-01 11:04:42'),
(814, 1, 14, 2, '2017-06-01 10:11:45', '2017-06-01 11:04:42', '2017-06-01 11:04:42'),
(815, 1, 14, 3, '2017-06-01 10:11:45', '2017-06-01 11:04:42', '2017-06-01 11:04:42'),
(816, 1, 14, 4, '2017-06-01 10:11:45', '2017-06-01 11:04:42', '2017-06-01 11:04:42'),
(817, 1, 15, 1, '2017-06-01 10:11:45', '2017-06-01 11:04:42', '2017-06-01 11:04:42'),
(818, 1, 15, 2, '2017-06-01 10:11:45', '2017-06-01 11:04:42', '2017-06-01 11:04:42'),
(819, 1, 15, 3, '2017-06-01 10:11:45', '2017-06-01 11:04:42', '2017-06-01 11:04:42'),
(820, 1, 15, 4, '2017-06-01 10:11:45', '2017-06-01 11:04:42', '2017-06-01 11:04:42'),
(821, 1, 16, 1, '2017-06-01 10:11:45', '2017-06-01 11:04:42', '2017-06-01 11:04:42'),
(822, 1, 16, 2, '2017-06-01 10:11:45', '2017-06-01 11:04:42', '2017-06-01 11:04:42'),
(823, 1, 16, 3, '2017-06-01 10:11:45', '2017-06-01 11:04:42', '2017-06-01 11:04:42'),
(824, 1, 16, 4, '2017-06-01 10:11:45', '2017-06-01 11:04:42', '2017-06-01 11:04:42'),
(825, 1, 17, 1, '2017-06-01 10:11:45', '2017-06-01 11:04:42', '2017-06-01 11:04:42'),
(826, 1, 17, 2, '2017-06-01 10:11:45', '2017-06-01 11:04:42', '2017-06-01 11:04:42'),
(827, 1, 17, 3, '2017-06-01 10:11:45', '2017-06-01 11:04:42', '2017-06-01 11:04:42'),
(828, 1, 17, 4, '2017-06-01 10:11:45', '2017-06-01 11:04:42', '2017-06-01 11:04:42'),
(829, 1, 18, 1, '2017-06-01 10:11:45', '2017-06-01 11:04:42', '2017-06-01 11:04:42'),
(830, 1, 18, 2, '2017-06-01 10:11:45', '2017-06-01 11:04:42', '2017-06-01 11:04:42'),
(831, 1, 18, 3, '2017-06-01 10:11:46', '2017-06-01 11:04:42', '2017-06-01 11:04:42'),
(832, 1, 18, 4, '2017-06-01 10:11:46', '2017-06-01 11:04:42', '2017-06-01 11:04:42'),
(833, 1, 19, 1, '2017-06-01 10:11:46', '2017-06-01 11:04:42', '2017-06-01 11:04:42'),
(834, 1, 19, 2, '2017-06-01 10:11:46', '2017-06-01 11:04:42', '2017-06-01 11:04:42'),
(835, 1, 19, 3, '2017-06-01 10:11:46', '2017-06-01 11:04:42', '2017-06-01 11:04:42'),
(836, 1, 19, 4, '2017-06-01 10:11:46', '2017-06-01 11:04:42', '2017-06-01 11:04:42'),
(837, 1, 20, 1, '2017-06-01 10:11:46', '2017-06-01 11:04:42', '2017-06-01 11:04:42'),
(838, 1, 20, 2, '2017-06-01 10:11:46', '2017-06-01 11:04:42', '2017-06-01 11:04:42'),
(839, 1, 20, 3, '2017-06-01 10:11:46', '2017-06-01 11:04:42', '2017-06-01 11:04:42'),
(840, 1, 20, 4, '2017-06-01 10:11:46', '2017-06-01 11:04:42', '2017-06-01 11:04:42'),
(841, 1, 21, 1, '2017-06-01 10:11:46', '2017-06-01 11:04:42', '2017-06-01 11:04:42'),
(842, 1, 21, 2, '2017-06-01 10:11:46', '2017-06-01 11:04:42', '2017-06-01 11:04:42'),
(843, 1, 21, 3, '2017-06-01 10:11:46', '2017-06-01 11:04:42', '2017-06-01 11:04:42'),
(844, 1, 21, 4, '2017-06-01 10:11:46', '2017-06-01 11:04:42', '2017-06-01 11:04:42'),
(845, 1, 1, 1, '2017-06-01 11:04:42', '2017-06-01 11:46:08', '2017-06-01 11:46:08'),
(846, 1, 1, 2, '2017-06-01 11:04:42', '2017-06-01 11:46:08', '2017-06-01 11:46:08'),
(847, 1, 1, 3, '2017-06-01 11:04:42', '2017-06-01 11:46:08', '2017-06-01 11:46:08'),
(848, 1, 1, 4, '2017-06-01 11:04:42', '2017-06-01 11:46:08', '2017-06-01 11:46:08'),
(849, 1, 2, 1, '2017-06-01 11:04:42', '2017-06-01 11:46:08', '2017-06-01 11:46:08'),
(850, 1, 2, 2, '2017-06-01 11:04:42', '2017-06-01 11:46:08', '2017-06-01 11:46:08'),
(851, 1, 2, 3, '2017-06-01 11:04:42', '2017-06-01 11:46:08', '2017-06-01 11:46:08'),
(852, 1, 2, 4, '2017-06-01 11:04:42', '2017-06-01 11:46:08', '2017-06-01 11:46:08'),
(853, 1, 3, 1, '2017-06-01 11:04:42', '2017-06-01 11:46:08', '2017-06-01 11:46:08'),
(854, 1, 3, 2, '2017-06-01 11:04:42', '2017-06-01 11:46:08', '2017-06-01 11:46:08'),
(855, 1, 3, 3, '2017-06-01 11:04:42', '2017-06-01 11:46:08', '2017-06-01 11:46:08'),
(856, 1, 3, 4, '2017-06-01 11:04:42', '2017-06-01 11:46:08', '2017-06-01 11:46:08'),
(857, 1, 4, 1, '2017-06-01 11:04:42', '2017-06-01 11:46:08', '2017-06-01 11:46:08'),
(858, 1, 4, 2, '2017-06-01 11:04:42', '2017-06-01 11:46:08', '2017-06-01 11:46:08'),
(859, 1, 4, 3, '2017-06-01 11:04:43', '2017-06-01 11:46:08', '2017-06-01 11:46:08'),
(860, 1, 4, 4, '2017-06-01 11:04:43', '2017-06-01 11:46:08', '2017-06-01 11:46:08'),
(861, 1, 5, 1, '2017-06-01 11:04:43', '2017-06-01 11:46:08', '2017-06-01 11:46:08'),
(862, 1, 5, 2, '2017-06-01 11:04:43', '2017-06-01 11:46:08', '2017-06-01 11:46:08'),
(863, 1, 5, 3, '2017-06-01 11:04:43', '2017-06-01 11:46:08', '2017-06-01 11:46:08'),
(864, 1, 5, 4, '2017-06-01 11:04:43', '2017-06-01 11:46:08', '2017-06-01 11:46:08'),
(865, 1, 6, 1, '2017-06-01 11:04:43', '2017-06-01 11:46:08', '2017-06-01 11:46:08'),
(866, 1, 6, 2, '2017-06-01 11:04:43', '2017-06-01 11:46:08', '2017-06-01 11:46:08'),
(867, 1, 6, 3, '2017-06-01 11:04:43', '2017-06-01 11:46:08', '2017-06-01 11:46:08'),
(868, 1, 6, 4, '2017-06-01 11:04:43', '2017-06-01 11:46:08', '2017-06-01 11:46:08'),
(869, 1, 7, 1, '2017-06-01 11:04:43', '2017-06-01 11:46:08', '2017-06-01 11:46:08'),
(870, 1, 7, 2, '2017-06-01 11:04:43', '2017-06-01 11:46:08', '2017-06-01 11:46:08'),
(871, 1, 7, 3, '2017-06-01 11:04:43', '2017-06-01 11:46:08', '2017-06-01 11:46:08'),
(872, 1, 7, 4, '2017-06-01 11:04:43', '2017-06-01 11:46:08', '2017-06-01 11:46:08'),
(873, 1, 8, 1, '2017-06-01 11:04:43', '2017-06-01 11:46:08', '2017-06-01 11:46:08'),
(874, 1, 8, 2, '2017-06-01 11:04:43', '2017-06-01 11:46:08', '2017-06-01 11:46:08'),
(875, 1, 8, 3, '2017-06-01 11:04:43', '2017-06-01 11:46:08', '2017-06-01 11:46:08'),
(876, 1, 8, 4, '2017-06-01 11:04:43', '2017-06-01 11:46:08', '2017-06-01 11:46:08'),
(877, 1, 9, 1, '2017-06-01 11:04:43', '2017-06-01 11:46:08', '2017-06-01 11:46:08'),
(878, 1, 9, 2, '2017-06-01 11:04:44', '2017-06-01 11:46:08', '2017-06-01 11:46:08'),
(879, 1, 9, 3, '2017-06-01 11:04:44', '2017-06-01 11:46:08', '2017-06-01 11:46:08'),
(880, 1, 9, 4, '2017-06-01 11:04:44', '2017-06-01 11:46:08', '2017-06-01 11:46:08'),
(881, 1, 10, 1, '2017-06-01 11:04:44', '2017-06-01 11:46:08', '2017-06-01 11:46:08'),
(882, 1, 10, 2, '2017-06-01 11:04:44', '2017-06-01 11:46:08', '2017-06-01 11:46:08'),
(883, 1, 10, 3, '2017-06-01 11:04:44', '2017-06-01 11:46:08', '2017-06-01 11:46:08'),
(884, 1, 10, 4, '2017-06-01 11:04:44', '2017-06-01 11:46:08', '2017-06-01 11:46:08'),
(885, 1, 10, 5, '2017-06-01 11:04:44', '2017-06-01 11:46:08', '2017-06-01 11:46:08'),
(890, 1, 11, 1, '2017-06-01 11:04:44', '2017-06-01 11:46:08', '2017-06-01 11:46:08'),
(891, 1, 11, 2, '2017-06-01 11:04:44', '2017-06-01 11:46:08', '2017-06-01 11:46:08'),
(892, 1, 11, 3, '2017-06-01 11:04:44', '2017-06-01 11:46:08', '2017-06-01 11:46:08'),
(893, 1, 11, 4, '2017-06-01 11:04:44', '2017-06-01 11:46:08', '2017-06-01 11:46:08'),
(894, 1, 12, 1, '2017-06-01 11:04:44', '2017-06-01 11:46:08', '2017-06-01 11:46:08'),
(895, 1, 12, 2, '2017-06-01 11:04:44', '2017-06-01 11:46:08', '2017-06-01 11:46:08'),
(896, 1, 12, 3, '2017-06-01 11:04:44', '2017-06-01 11:46:08', '2017-06-01 11:46:08'),
(897, 1, 12, 4, '2017-06-01 11:04:45', '2017-06-01 11:46:08', '2017-06-01 11:46:08'),
(898, 1, 12, 10, '2017-06-01 11:04:45', '2017-06-01 11:46:08', '2017-06-01 11:46:08'),
(899, 1, 12, 11, '2017-06-01 11:04:45', '2017-06-01 11:46:08', '2017-06-01 11:46:08'),
(900, 1, 13, 1, '2017-06-01 11:04:45', '2017-06-01 11:46:08', '2017-06-01 11:46:08'),
(901, 1, 13, 2, '2017-06-01 11:04:45', '2017-06-01 11:46:08', '2017-06-01 11:46:08'),
(902, 1, 13, 3, '2017-06-01 11:04:45', '2017-06-01 11:46:08', '2017-06-01 11:46:08'),
(903, 1, 13, 4, '2017-06-01 11:04:45', '2017-06-01 11:46:08', '2017-06-01 11:46:08'),
(904, 1, 14, 1, '2017-06-01 11:04:45', '2017-06-01 11:46:08', '2017-06-01 11:46:08'),
(905, 1, 14, 2, '2017-06-01 11:04:45', '2017-06-01 11:46:08', '2017-06-01 11:46:08'),
(906, 1, 14, 3, '2017-06-01 11:04:45', '2017-06-01 11:46:08', '2017-06-01 11:46:08'),
(907, 1, 14, 4, '2017-06-01 11:04:45', '2017-06-01 11:46:08', '2017-06-01 11:46:08'),
(908, 1, 15, 1, '2017-06-01 11:04:45', '2017-06-01 11:46:08', '2017-06-01 11:46:08'),
(909, 1, 15, 2, '2017-06-01 11:04:45', '2017-06-01 11:46:08', '2017-06-01 11:46:08'),
(910, 1, 15, 3, '2017-06-01 11:04:45', '2017-06-01 11:46:08', '2017-06-01 11:46:08'),
(911, 1, 15, 4, '2017-06-01 11:04:45', '2017-06-01 11:46:08', '2017-06-01 11:46:08'),
(912, 1, 16, 1, '2017-06-01 11:04:45', '2017-06-01 11:46:08', '2017-06-01 11:46:08'),
(913, 1, 16, 2, '2017-06-01 11:04:45', '2017-06-01 11:46:08', '2017-06-01 11:46:08'),
(914, 1, 16, 3, '2017-06-01 11:04:45', '2017-06-01 11:46:08', '2017-06-01 11:46:08'),
(915, 1, 16, 4, '2017-06-01 11:04:45', '2017-06-01 11:46:08', '2017-06-01 11:46:08'),
(916, 1, 17, 1, '2017-06-01 11:04:45', '2017-06-01 11:46:08', '2017-06-01 11:46:08'),
(917, 1, 17, 2, '2017-06-01 11:04:45', '2017-06-01 11:46:08', '2017-06-01 11:46:08'),
(918, 1, 17, 3, '2017-06-01 11:04:45', '2017-06-01 11:46:08', '2017-06-01 11:46:08'),
(919, 1, 17, 4, '2017-06-01 11:04:45', '2017-06-01 11:46:08', '2017-06-01 11:46:08'),
(920, 1, 18, 1, '2017-06-01 11:04:45', '2017-06-01 11:46:08', '2017-06-01 11:46:08'),
(921, 1, 18, 2, '2017-06-01 11:04:46', '2017-06-01 11:46:08', '2017-06-01 11:46:08'),
(922, 1, 18, 3, '2017-06-01 11:04:46', '2017-06-01 11:46:08', '2017-06-01 11:46:08'),
(923, 1, 18, 4, '2017-06-01 11:04:46', '2017-06-01 11:46:08', '2017-06-01 11:46:08'),
(924, 1, 19, 1, '2017-06-01 11:04:46', '2017-06-01 11:46:08', '2017-06-01 11:46:08'),
(925, 1, 19, 2, '2017-06-01 11:04:46', '2017-06-01 11:46:08', '2017-06-01 11:46:08'),
(926, 1, 19, 3, '2017-06-01 11:04:46', '2017-06-01 11:46:08', '2017-06-01 11:46:08'),
(927, 1, 19, 4, '2017-06-01 11:04:46', '2017-06-01 11:46:08', '2017-06-01 11:46:08'),
(928, 1, 20, 1, '2017-06-01 11:04:46', '2017-06-01 11:46:08', '2017-06-01 11:46:08'),
(929, 1, 20, 2, '2017-06-01 11:04:46', '2017-06-01 11:46:08', '2017-06-01 11:46:08'),
(930, 1, 20, 3, '2017-06-01 11:04:46', '2017-06-01 11:46:08', '2017-06-01 11:46:08'),
(931, 1, 20, 4, '2017-06-01 11:04:46', '2017-06-01 11:46:08', '2017-06-01 11:46:08'),
(932, 1, 21, 1, '2017-06-01 11:04:46', '2017-06-01 11:46:08', '2017-06-01 11:46:08'),
(933, 1, 21, 2, '2017-06-01 11:04:46', '2017-06-01 11:46:08', '2017-06-01 11:46:08'),
(934, 1, 21, 3, '2017-06-01 11:04:46', '2017-06-01 11:46:08', '2017-06-01 11:46:08'),
(935, 1, 21, 4, '2017-06-01 11:04:46', '2017-06-01 11:46:08', '2017-06-01 11:46:08'),
(936, 1, 1, 1, '2017-06-01 11:46:08', '2017-06-01 11:47:41', '2017-06-01 11:47:41'),
(937, 1, 1, 2, '2017-06-01 11:46:08', '2017-06-01 11:47:41', '2017-06-01 11:47:41'),
(938, 1, 1, 3, '2017-06-01 11:46:08', '2017-06-01 11:47:41', '2017-06-01 11:47:41'),
(939, 1, 1, 4, '2017-06-01 11:46:08', '2017-06-01 11:47:41', '2017-06-01 11:47:41'),
(940, 1, 2, 1, '2017-06-01 11:46:08', '2017-06-01 11:47:41', '2017-06-01 11:47:41'),
(941, 1, 2, 2, '2017-06-01 11:46:08', '2017-06-01 11:47:41', '2017-06-01 11:47:41'),
(942, 1, 2, 3, '2017-06-01 11:46:08', '2017-06-01 11:47:41', '2017-06-01 11:47:41'),
(943, 1, 2, 4, '2017-06-01 11:46:08', '2017-06-01 11:47:41', '2017-06-01 11:47:41'),
(944, 1, 3, 1, '2017-06-01 11:46:08', '2017-06-01 11:47:41', '2017-06-01 11:47:41'),
(945, 1, 3, 2, '2017-06-01 11:46:08', '2017-06-01 11:47:41', '2017-06-01 11:47:41'),
(946, 1, 3, 3, '2017-06-01 11:46:08', '2017-06-01 11:47:41', '2017-06-01 11:47:41'),
(947, 1, 3, 4, '2017-06-01 11:46:08', '2017-06-01 11:47:41', '2017-06-01 11:47:41'),
(948, 1, 4, 1, '2017-06-01 11:46:09', '2017-06-01 11:47:41', '2017-06-01 11:47:41'),
(949, 1, 4, 2, '2017-06-01 11:46:09', '2017-06-01 11:47:41', '2017-06-01 11:47:41'),
(950, 1, 4, 3, '2017-06-01 11:46:09', '2017-06-01 11:47:41', '2017-06-01 11:47:41'),
(951, 1, 4, 4, '2017-06-01 11:46:09', '2017-06-01 11:47:41', '2017-06-01 11:47:41'),
(952, 1, 5, 1, '2017-06-01 11:46:09', '2017-06-01 11:47:41', '2017-06-01 11:47:41'),
(953, 1, 5, 2, '2017-06-01 11:46:09', '2017-06-01 11:47:41', '2017-06-01 11:47:41'),
(954, 1, 5, 3, '2017-06-01 11:46:09', '2017-06-01 11:47:41', '2017-06-01 11:47:41'),
(955, 1, 5, 4, '2017-06-01 11:46:09', '2017-06-01 11:47:41', '2017-06-01 11:47:41'),
(956, 1, 6, 1, '2017-06-01 11:46:09', '2017-06-01 11:47:41', '2017-06-01 11:47:41'),
(957, 1, 6, 2, '2017-06-01 11:46:09', '2017-06-01 11:47:41', '2017-06-01 11:47:41'),
(958, 1, 6, 3, '2017-06-01 11:46:09', '2017-06-01 11:47:41', '2017-06-01 11:47:41'),
(959, 1, 6, 4, '2017-06-01 11:46:09', '2017-06-01 11:47:41', '2017-06-01 11:47:41'),
(960, 1, 7, 1, '2017-06-01 11:46:09', '2017-06-01 11:47:41', '2017-06-01 11:47:41'),
(961, 1, 7, 2, '2017-06-01 11:46:09', '2017-06-01 11:47:41', '2017-06-01 11:47:41'),
(962, 1, 7, 3, '2017-06-01 11:46:09', '2017-06-01 11:47:41', '2017-06-01 11:47:41'),
(963, 1, 7, 4, '2017-06-01 11:46:09', '2017-06-01 11:47:41', '2017-06-01 11:47:41'),
(964, 1, 8, 1, '2017-06-01 11:46:09', '2017-06-01 11:47:41', '2017-06-01 11:47:41'),
(965, 1, 8, 2, '2017-06-01 11:46:09', '2017-06-01 11:47:41', '2017-06-01 11:47:41'),
(966, 1, 8, 3, '2017-06-01 11:46:09', '2017-06-01 11:47:41', '2017-06-01 11:47:41'),
(967, 1, 8, 4, '2017-06-01 11:46:09', '2017-06-01 11:47:41', '2017-06-01 11:47:41'),
(968, 1, 9, 1, '2017-06-01 11:46:09', '2017-06-01 11:47:41', '2017-06-01 11:47:41'),
(969, 1, 9, 2, '2017-06-01 11:46:09', '2017-06-01 11:47:41', '2017-06-01 11:47:41'),
(970, 1, 9, 3, '2017-06-01 11:46:10', '2017-06-01 11:47:41', '2017-06-01 11:47:41'),
(971, 1, 9, 4, '2017-06-01 11:46:10', '2017-06-01 11:47:41', '2017-06-01 11:47:41'),
(972, 1, 10, 1, '2017-06-01 11:46:10', '2017-06-01 11:47:41', '2017-06-01 11:47:41'),
(973, 1, 10, 2, '2017-06-01 11:46:10', '2017-06-01 11:47:41', '2017-06-01 11:47:41'),
(974, 1, 10, 3, '2017-06-01 11:46:10', '2017-06-01 11:47:41', '2017-06-01 11:47:41'),
(975, 1, 10, 4, '2017-06-01 11:46:10', '2017-06-01 11:47:41', '2017-06-01 11:47:41'),
(976, 1, 10, 5, '2017-06-01 11:46:10', '2017-06-01 11:47:41', '2017-06-01 11:47:41'),
(981, 1, 11, 1, '2017-06-01 11:46:10', '2017-06-01 11:47:41', '2017-06-01 11:47:41'),
(982, 1, 11, 2, '2017-06-01 11:46:10', '2017-06-01 11:47:41', '2017-06-01 11:47:41'),
(983, 1, 11, 3, '2017-06-01 11:46:10', '2017-06-01 11:47:41', '2017-06-01 11:47:41'),
(984, 1, 11, 4, '2017-06-01 11:46:10', '2017-06-01 11:47:41', '2017-06-01 11:47:41'),
(985, 1, 12, 1, '2017-06-01 11:46:10', '2017-06-01 11:47:41', '2017-06-01 11:47:41'),
(986, 1, 12, 2, '2017-06-01 11:46:10', '2017-06-01 11:47:41', '2017-06-01 11:47:41'),
(987, 1, 12, 3, '2017-06-01 11:46:10', '2017-06-01 11:47:41', '2017-06-01 11:47:41'),
(988, 1, 12, 4, '2017-06-01 11:46:10', '2017-06-01 11:47:41', '2017-06-01 11:47:41'),
(989, 1, 12, 10, '2017-06-01 11:46:10', '2017-06-01 11:47:41', '2017-06-01 11:47:41'),
(990, 1, 12, 11, '2017-06-01 11:46:10', '2017-06-01 11:47:41', '2017-06-01 11:47:41'),
(991, 1, 13, 1, '2017-06-01 11:46:10', '2017-06-01 11:47:41', '2017-06-01 11:47:41'),
(992, 1, 13, 2, '2017-06-01 11:46:10', '2017-06-01 11:47:41', '2017-06-01 11:47:41'),
(993, 1, 13, 3, '2017-06-01 11:46:10', '2017-06-01 11:47:41', '2017-06-01 11:47:41'),
(994, 1, 13, 4, '2017-06-01 11:46:11', '2017-06-01 11:47:41', '2017-06-01 11:47:41'),
(995, 1, 13, 10, '2017-06-01 11:46:11', '2017-06-01 11:47:41', '2017-06-01 11:47:41'),
(996, 1, 13, 11, '2017-06-01 11:46:11', '2017-06-01 11:47:41', '2017-06-01 11:47:41'),
(997, 1, 14, 1, '2017-06-01 11:46:11', '2017-06-01 11:47:41', '2017-06-01 11:47:41'),
(998, 1, 14, 2, '2017-06-01 11:46:11', '2017-06-01 11:47:41', '2017-06-01 11:47:41'),
(999, 1, 14, 3, '2017-06-01 11:46:11', '2017-06-01 11:47:41', '2017-06-01 11:47:41'),
(1000, 1, 14, 4, '2017-06-01 11:46:11', '2017-06-01 11:47:41', '2017-06-01 11:47:41'),
(1001, 1, 15, 1, '2017-06-01 11:46:11', '2017-06-01 11:47:41', '2017-06-01 11:47:41'),
(1002, 1, 15, 2, '2017-06-01 11:46:11', '2017-06-01 11:47:41', '2017-06-01 11:47:41'),
(1003, 1, 15, 3, '2017-06-01 11:46:11', '2017-06-01 11:47:41', '2017-06-01 11:47:41'),
(1004, 1, 15, 4, '2017-06-01 11:46:11', '2017-06-01 11:47:41', '2017-06-01 11:47:41'),
(1005, 1, 16, 1, '2017-06-01 11:46:11', '2017-06-01 11:47:41', '2017-06-01 11:47:41'),
(1006, 1, 16, 2, '2017-06-01 11:46:11', '2017-06-01 11:47:41', '2017-06-01 11:47:41'),
(1007, 1, 16, 3, '2017-06-01 11:46:11', '2017-06-01 11:47:41', '2017-06-01 11:47:41'),
(1008, 1, 16, 4, '2017-06-01 11:46:11', '2017-06-01 11:47:41', '2017-06-01 11:47:41'),
(1009, 1, 17, 1, '2017-06-01 11:46:11', '2017-06-01 11:47:41', '2017-06-01 11:47:41'),
(1010, 1, 17, 2, '2017-06-01 11:46:11', '2017-06-01 11:47:41', '2017-06-01 11:47:41'),
(1011, 1, 17, 3, '2017-06-01 11:46:11', '2017-06-01 11:47:41', '2017-06-01 11:47:41'),
(1012, 1, 17, 4, '2017-06-01 11:46:11', '2017-06-01 11:47:41', '2017-06-01 11:47:41'),
(1013, 1, 18, 1, '2017-06-01 11:46:11', '2017-06-01 11:47:41', '2017-06-01 11:47:41'),
(1014, 1, 18, 2, '2017-06-01 11:46:11', '2017-06-01 11:47:41', '2017-06-01 11:47:41'),
(1015, 1, 18, 3, '2017-06-01 11:46:11', '2017-06-01 11:47:41', '2017-06-01 11:47:41'),
(1016, 1, 18, 4, '2017-06-01 11:46:11', '2017-06-01 11:47:41', '2017-06-01 11:47:41'),
(1017, 1, 19, 1, '2017-06-01 11:46:11', '2017-06-01 11:47:41', '2017-06-01 11:47:41'),
(1018, 1, 19, 2, '2017-06-01 11:46:11', '2017-06-01 11:47:41', '2017-06-01 11:47:41'),
(1019, 1, 19, 3, '2017-06-01 11:46:11', '2017-06-01 11:47:41', '2017-06-01 11:47:41'),
(1020, 1, 19, 4, '2017-06-01 11:46:12', '2017-06-01 11:47:41', '2017-06-01 11:47:41'),
(1021, 1, 20, 1, '2017-06-01 11:46:12', '2017-06-01 11:47:41', '2017-06-01 11:47:41'),
(1022, 1, 20, 2, '2017-06-01 11:46:12', '2017-06-01 11:47:41', '2017-06-01 11:47:41'),
(1023, 1, 20, 3, '2017-06-01 11:46:12', '2017-06-01 11:47:41', '2017-06-01 11:47:41'),
(1024, 1, 20, 4, '2017-06-01 11:46:12', '2017-06-01 11:47:41', '2017-06-01 11:47:41'),
(1025, 1, 21, 1, '2017-06-01 11:46:12', '2017-06-01 11:47:41', '2017-06-01 11:47:41'),
(1026, 1, 21, 2, '2017-06-01 11:46:12', '2017-06-01 11:47:41', '2017-06-01 11:47:41'),
(1027, 1, 21, 3, '2017-06-01 11:46:12', '2017-06-01 11:47:41', '2017-06-01 11:47:41'),
(1028, 1, 21, 4, '2017-06-01 11:46:12', '2017-06-01 11:47:41', '2017-06-01 11:47:41'),
(1029, 1, 1, 1, '2017-06-01 11:47:41', '2017-06-02 01:15:14', '2017-06-02 01:15:14'),
(1030, 1, 1, 2, '2017-06-01 11:47:41', '2017-06-02 01:15:14', '2017-06-02 01:15:14'),
(1031, 1, 1, 3, '2017-06-01 11:47:41', '2017-06-02 01:15:14', '2017-06-02 01:15:14'),
(1032, 1, 1, 4, '2017-06-01 11:47:41', '2017-06-02 01:15:14', '2017-06-02 01:15:14'),
(1033, 1, 2, 1, '2017-06-01 11:47:41', '2017-06-02 01:15:14', '2017-06-02 01:15:14'),
(1034, 1, 2, 2, '2017-06-01 11:47:41', '2017-06-02 01:15:14', '2017-06-02 01:15:14'),
(1035, 1, 2, 3, '2017-06-01 11:47:41', '2017-06-02 01:15:14', '2017-06-02 01:15:14'),
(1036, 1, 2, 4, '2017-06-01 11:47:41', '2017-06-02 01:15:14', '2017-06-02 01:15:14'),
(1037, 1, 3, 1, '2017-06-01 11:47:41', '2017-06-02 01:15:14', '2017-06-02 01:15:14'),
(1038, 1, 3, 2, '2017-06-01 11:47:41', '2017-06-02 01:15:14', '2017-06-02 01:15:14'),
(1039, 1, 3, 3, '2017-06-01 11:47:41', '2017-06-02 01:15:14', '2017-06-02 01:15:14'),
(1040, 1, 3, 4, '2017-06-01 11:47:41', '2017-06-02 01:15:14', '2017-06-02 01:15:14'),
(1041, 1, 4, 1, '2017-06-01 11:47:42', '2017-06-02 01:15:14', '2017-06-02 01:15:14'),
(1042, 1, 4, 2, '2017-06-01 11:47:42', '2017-06-02 01:15:14', '2017-06-02 01:15:14'),
(1043, 1, 4, 3, '2017-06-01 11:47:42', '2017-06-02 01:15:14', '2017-06-02 01:15:14'),
(1044, 1, 4, 4, '2017-06-01 11:47:42', '2017-06-02 01:15:14', '2017-06-02 01:15:14'),
(1045, 1, 5, 1, '2017-06-01 11:47:42', '2017-06-02 01:15:14', '2017-06-02 01:15:14'),
(1046, 1, 5, 2, '2017-06-01 11:47:42', '2017-06-02 01:15:14', '2017-06-02 01:15:14'),
(1047, 1, 5, 3, '2017-06-01 11:47:42', '2017-06-02 01:15:14', '2017-06-02 01:15:14'),
(1048, 1, 5, 4, '2017-06-01 11:47:42', '2017-06-02 01:15:14', '2017-06-02 01:15:14'),
(1049, 1, 6, 1, '2017-06-01 11:47:42', '2017-06-02 01:15:14', '2017-06-02 01:15:14'),
(1050, 1, 6, 2, '2017-06-01 11:47:42', '2017-06-02 01:15:14', '2017-06-02 01:15:14'),
(1051, 1, 6, 3, '2017-06-01 11:47:42', '2017-06-02 01:15:14', '2017-06-02 01:15:14'),
(1052, 1, 6, 4, '2017-06-01 11:47:42', '2017-06-02 01:15:14', '2017-06-02 01:15:14'),
(1053, 1, 7, 1, '2017-06-01 11:47:42', '2017-06-02 01:15:14', '2017-06-02 01:15:14'),
(1054, 1, 7, 2, '2017-06-01 11:47:42', '2017-06-02 01:15:14', '2017-06-02 01:15:14'),
(1055, 1, 7, 3, '2017-06-01 11:47:42', '2017-06-02 01:15:14', '2017-06-02 01:15:14'),
(1056, 1, 7, 4, '2017-06-01 11:47:42', '2017-06-02 01:15:14', '2017-06-02 01:15:14'),
(1057, 1, 8, 1, '2017-06-01 11:47:42', '2017-06-02 01:15:14', '2017-06-02 01:15:14'),
(1058, 1, 8, 2, '2017-06-01 11:47:42', '2017-06-02 01:15:14', '2017-06-02 01:15:14'),
(1059, 1, 8, 3, '2017-06-01 11:47:42', '2017-06-02 01:15:14', '2017-06-02 01:15:14'),
(1060, 1, 8, 4, '2017-06-01 11:47:42', '2017-06-02 01:15:14', '2017-06-02 01:15:14'),
(1061, 1, 9, 1, '2017-06-01 11:47:42', '2017-06-02 01:15:14', '2017-06-02 01:15:14'),
(1062, 1, 9, 2, '2017-06-01 11:47:42', '2017-06-02 01:15:14', '2017-06-02 01:15:14'),
(1063, 1, 9, 3, '2017-06-01 11:47:43', '2017-06-02 01:15:14', '2017-06-02 01:15:14'),
(1064, 1, 9, 4, '2017-06-01 11:47:43', '2017-06-02 01:15:14', '2017-06-02 01:15:14'),
(1065, 1, 10, 1, '2017-06-01 11:47:43', '2017-06-02 01:15:14', '2017-06-02 01:15:14'),
(1066, 1, 10, 2, '2017-06-01 11:47:43', '2017-06-02 01:15:14', '2017-06-02 01:15:14'),
(1067, 1, 10, 3, '2017-06-01 11:47:43', '2017-06-02 01:15:14', '2017-06-02 01:15:14'),
(1068, 1, 10, 4, '2017-06-01 11:47:43', '2017-06-02 01:15:14', '2017-06-02 01:15:14'),
(1069, 1, 10, 5, '2017-06-01 11:47:43', '2017-06-02 01:15:14', '2017-06-02 01:15:14'),
(1074, 1, 11, 1, '2017-06-01 11:47:43', '2017-06-02 01:15:14', '2017-06-02 01:15:14'),
(1075, 1, 11, 2, '2017-06-01 11:47:43', '2017-06-02 01:15:14', '2017-06-02 01:15:14'),
(1076, 1, 11, 3, '2017-06-01 11:47:43', '2017-06-02 01:15:14', '2017-06-02 01:15:14'),
(1077, 1, 11, 4, '2017-06-01 11:47:43', '2017-06-02 01:15:14', '2017-06-02 01:15:14'),
(1078, 1, 12, 1, '2017-06-01 11:47:43', '2017-06-02 01:15:14', '2017-06-02 01:15:14'),
(1079, 1, 12, 2, '2017-06-01 11:47:43', '2017-06-02 01:15:14', '2017-06-02 01:15:14'),
(1080, 1, 12, 3, '2017-06-01 11:47:43', '2017-06-02 01:15:14', '2017-06-02 01:15:14'),
(1081, 1, 12, 4, '2017-06-01 11:47:43', '2017-06-02 01:15:14', '2017-06-02 01:15:14'),
(1082, 1, 12, 10, '2017-06-01 11:47:43', '2017-06-02 01:15:14', '2017-06-02 01:15:14'),
(1083, 1, 12, 11, '2017-06-01 11:47:43', '2017-06-02 01:15:14', '2017-06-02 01:15:14'),
(1084, 1, 13, 1, '2017-06-01 11:47:43', '2017-06-02 01:15:14', '2017-06-02 01:15:14'),
(1085, 1, 13, 2, '2017-06-01 11:47:43', '2017-06-02 01:15:14', '2017-06-02 01:15:14'),
(1086, 1, 13, 3, '2017-06-01 11:47:43', '2017-06-02 01:15:14', '2017-06-02 01:15:14'),
(1087, 1, 13, 4, '2017-06-01 11:47:43', '2017-06-02 01:15:14', '2017-06-02 01:15:14'),
(1088, 1, 13, 5, '2017-06-01 11:47:43', '2017-06-02 01:15:14', '2017-06-02 01:15:14'),
(1089, 1, 13, 10, '2017-06-01 11:47:43', '2017-06-02 01:15:14', '2017-06-02 01:15:14'),
(1090, 1, 13, 11, '2017-06-01 11:47:44', '2017-06-02 01:15:14', '2017-06-02 01:15:14'),
(1091, 1, 14, 1, '2017-06-01 11:47:44', '2017-06-02 01:15:14', '2017-06-02 01:15:14'),
(1092, 1, 14, 2, '2017-06-01 11:47:44', '2017-06-02 01:15:14', '2017-06-02 01:15:14'),
(1093, 1, 14, 3, '2017-06-01 11:47:44', '2017-06-02 01:15:14', '2017-06-02 01:15:14'),
(1094, 1, 14, 4, '2017-06-01 11:47:44', '2017-06-02 01:15:14', '2017-06-02 01:15:14'),
(1095, 1, 15, 1, '2017-06-01 11:47:44', '2017-06-02 01:15:14', '2017-06-02 01:15:14'),
(1096, 1, 15, 2, '2017-06-01 11:47:44', '2017-06-02 01:15:14', '2017-06-02 01:15:14'),
(1097, 1, 15, 3, '2017-06-01 11:47:44', '2017-06-02 01:15:14', '2017-06-02 01:15:14'),
(1098, 1, 15, 4, '2017-06-01 11:47:44', '2017-06-02 01:15:14', '2017-06-02 01:15:14'),
(1099, 1, 16, 1, '2017-06-01 11:47:44', '2017-06-02 01:15:14', '2017-06-02 01:15:14'),
(1100, 1, 16, 2, '2017-06-01 11:47:44', '2017-06-02 01:15:14', '2017-06-02 01:15:14'),
(1101, 1, 16, 3, '2017-06-01 11:47:44', '2017-06-02 01:15:14', '2017-06-02 01:15:14'),
(1102, 1, 16, 4, '2017-06-01 11:47:44', '2017-06-02 01:15:14', '2017-06-02 01:15:14'),
(1103, 1, 17, 1, '2017-06-01 11:47:44', '2017-06-02 01:15:14', '2017-06-02 01:15:14'),
(1104, 1, 17, 2, '2017-06-01 11:47:44', '2017-06-02 01:15:14', '2017-06-02 01:15:14'),
(1105, 1, 17, 3, '2017-06-01 11:47:44', '2017-06-02 01:15:14', '2017-06-02 01:15:14'),
(1106, 1, 17, 4, '2017-06-01 11:47:44', '2017-06-02 01:15:14', '2017-06-02 01:15:14'),
(1107, 1, 18, 1, '2017-06-01 11:47:44', '2017-06-02 01:15:14', '2017-06-02 01:15:14'),
(1108, 1, 18, 2, '2017-06-01 11:47:44', '2017-06-02 01:15:14', '2017-06-02 01:15:14'),
(1109, 1, 18, 3, '2017-06-01 11:47:45', '2017-06-02 01:15:14', '2017-06-02 01:15:14'),
(1110, 1, 18, 4, '2017-06-01 11:47:45', '2017-06-02 01:15:14', '2017-06-02 01:15:14'),
(1111, 1, 19, 1, '2017-06-01 11:47:45', '2017-06-02 01:15:14', '2017-06-02 01:15:14'),
(1112, 1, 19, 2, '2017-06-01 11:47:45', '2017-06-02 01:15:14', '2017-06-02 01:15:14'),
(1113, 1, 19, 3, '2017-06-01 11:47:45', '2017-06-02 01:15:14', '2017-06-02 01:15:14'),
(1114, 1, 19, 4, '2017-06-01 11:47:45', '2017-06-02 01:15:14', '2017-06-02 01:15:14'),
(1115, 1, 20, 1, '2017-06-01 11:47:45', '2017-06-02 01:15:14', '2017-06-02 01:15:14'),
(1116, 1, 20, 2, '2017-06-01 11:47:45', '2017-06-02 01:15:14', '2017-06-02 01:15:14'),
(1117, 1, 20, 3, '2017-06-01 11:47:45', '2017-06-02 01:15:14', '2017-06-02 01:15:14'),
(1118, 1, 20, 4, '2017-06-01 11:47:45', '2017-06-02 01:15:14', '2017-06-02 01:15:14'),
(1119, 1, 21, 1, '2017-06-01 11:47:45', '2017-06-02 01:15:14', '2017-06-02 01:15:14'),
(1120, 1, 21, 2, '2017-06-01 11:47:45', '2017-06-02 01:15:14', '2017-06-02 01:15:14'),
(1121, 1, 21, 3, '2017-06-01 11:47:45', '2017-06-02 01:15:14', '2017-06-02 01:15:14'),
(1122, 1, 21, 4, '2017-06-01 11:47:45', '2017-06-02 01:15:14', '2017-06-02 01:15:14'),
(1123, 1, 1, 1, '2017-06-02 01:15:14', '2017-06-04 21:52:40', '2017-06-04 21:52:40'),
(1124, 1, 1, 2, '2017-06-02 01:15:14', '2017-06-04 21:52:40', '2017-06-04 21:52:40'),
(1125, 1, 1, 3, '2017-06-02 01:15:15', '2017-06-04 21:52:40', '2017-06-04 21:52:40'),
(1126, 1, 1, 4, '2017-06-02 01:15:15', '2017-06-04 21:52:40', '2017-06-04 21:52:40'),
(1127, 1, 2, 1, '2017-06-02 01:15:15', '2017-06-04 21:52:40', '2017-06-04 21:52:40'),
(1128, 1, 2, 2, '2017-06-02 01:15:15', '2017-06-04 21:52:40', '2017-06-04 21:52:40'),
(1129, 1, 2, 3, '2017-06-02 01:15:15', '2017-06-04 21:52:40', '2017-06-04 21:52:40'),
(1130, 1, 2, 4, '2017-06-02 01:15:15', '2017-06-04 21:52:40', '2017-06-04 21:52:40'),
(1131, 1, 3, 1, '2017-06-02 01:15:15', '2017-06-04 21:52:40', '2017-06-04 21:52:40'),
(1132, 1, 3, 2, '2017-06-02 01:15:15', '2017-06-04 21:52:40', '2017-06-04 21:52:40'),
(1133, 1, 3, 3, '2017-06-02 01:15:15', '2017-06-04 21:52:40', '2017-06-04 21:52:40'),
(1134, 1, 3, 4, '2017-06-02 01:15:15', '2017-06-04 21:52:40', '2017-06-04 21:52:40'),
(1135, 1, 4, 1, '2017-06-02 01:15:15', '2017-06-04 21:52:40', '2017-06-04 21:52:40'),
(1136, 1, 4, 2, '2017-06-02 01:15:15', '2017-06-04 21:52:40', '2017-06-04 21:52:40'),
(1137, 1, 4, 3, '2017-06-02 01:15:15', '2017-06-04 21:52:40', '2017-06-04 21:52:40'),
(1138, 1, 4, 4, '2017-06-02 01:15:15', '2017-06-04 21:52:40', '2017-06-04 21:52:40'),
(1139, 1, 5, 1, '2017-06-02 01:15:15', '2017-06-04 21:52:40', '2017-06-04 21:52:40'),
(1140, 1, 5, 2, '2017-06-02 01:15:15', '2017-06-04 21:52:40', '2017-06-04 21:52:40'),
(1141, 1, 5, 3, '2017-06-02 01:15:15', '2017-06-04 21:52:40', '2017-06-04 21:52:40'),
(1142, 1, 5, 4, '2017-06-02 01:15:15', '2017-06-04 21:52:40', '2017-06-04 21:52:40'),
(1143, 1, 5, 10, '2017-06-02 01:15:15', '2017-06-04 21:52:40', '2017-06-04 21:52:40'),
(1144, 1, 5, 11, '2017-06-02 01:15:15', '2017-06-04 21:52:40', '2017-06-04 21:52:40'),
(1146, 1, 6, 1, '2017-06-02 01:15:16', '2017-06-04 21:52:40', '2017-06-04 21:52:40'),
(1147, 1, 6, 2, '2017-06-02 01:15:16', '2017-06-04 21:52:40', '2017-06-04 21:52:40'),
(1148, 1, 6, 3, '2017-06-02 01:15:16', '2017-06-04 21:52:40', '2017-06-04 21:52:40'),
(1149, 1, 6, 4, '2017-06-02 01:15:16', '2017-06-04 21:52:40', '2017-06-04 21:52:40'),
(1150, 1, 7, 1, '2017-06-02 01:15:16', '2017-06-04 21:52:40', '2017-06-04 21:52:40'),
(1151, 1, 7, 2, '2017-06-02 01:15:16', '2017-06-04 21:52:40', '2017-06-04 21:52:40'),
(1152, 1, 7, 3, '2017-06-02 01:15:16', '2017-06-04 21:52:40', '2017-06-04 21:52:40'),
(1153, 1, 7, 4, '2017-06-02 01:15:16', '2017-06-04 21:52:40', '2017-06-04 21:52:40'),
(1154, 1, 8, 1, '2017-06-02 01:15:16', '2017-06-04 21:52:40', '2017-06-04 21:52:40'),
(1155, 1, 8, 2, '2017-06-02 01:15:16', '2017-06-04 21:52:40', '2017-06-04 21:52:40'),
(1156, 1, 8, 3, '2017-06-02 01:15:16', '2017-06-04 21:52:40', '2017-06-04 21:52:40'),
(1157, 1, 8, 4, '2017-06-02 01:15:16', '2017-06-04 21:52:40', '2017-06-04 21:52:40'),
(1158, 1, 9, 1, '2017-06-02 01:15:16', '2017-06-04 21:52:40', '2017-06-04 21:52:40'),
(1159, 1, 9, 2, '2017-06-02 01:15:16', '2017-06-04 21:52:40', '2017-06-04 21:52:40'),
(1160, 1, 9, 3, '2017-06-02 01:15:16', '2017-06-04 21:52:40', '2017-06-04 21:52:40'),
(1161, 1, 9, 4, '2017-06-02 01:15:16', '2017-06-04 21:52:40', '2017-06-04 21:52:40'),
(1162, 1, 10, 1, '2017-06-02 01:15:16', '2017-06-04 21:52:40', '2017-06-04 21:52:40'),
(1163, 1, 10, 2, '2017-06-02 01:15:16', '2017-06-04 21:52:40', '2017-06-04 21:52:40'),
(1164, 1, 10, 3, '2017-06-02 01:15:16', '2017-06-04 21:52:40', '2017-06-04 21:52:40'),
(1165, 1, 10, 4, '2017-06-02 01:15:16', '2017-06-04 21:52:40', '2017-06-04 21:52:40'),
(1166, 1, 10, 5, '2017-06-02 01:15:16', '2017-06-04 21:52:40', '2017-06-04 21:52:40'),
(1171, 1, 11, 1, '2017-06-02 01:15:16', '2017-06-04 21:52:40', '2017-06-04 21:52:40'),
(1172, 1, 11, 2, '2017-06-02 01:15:16', '2017-06-04 21:52:40', '2017-06-04 21:52:40'),
(1173, 1, 11, 3, '2017-06-02 01:15:17', '2017-06-04 21:52:40', '2017-06-04 21:52:40'),
(1174, 1, 11, 4, '2017-06-02 01:15:17', '2017-06-04 21:52:40', '2017-06-04 21:52:40'),
(1175, 1, 12, 1, '2017-06-02 01:15:17', '2017-06-04 21:52:40', '2017-06-04 21:52:40'),
(1176, 1, 12, 2, '2017-06-02 01:15:17', '2017-06-04 21:52:40', '2017-06-04 21:52:40'),
(1177, 1, 12, 3, '2017-06-02 01:15:17', '2017-06-04 21:52:40', '2017-06-04 21:52:40'),
(1178, 1, 12, 4, '2017-06-02 01:15:17', '2017-06-04 21:52:40', '2017-06-04 21:52:40'),
(1179, 1, 12, 10, '2017-06-02 01:15:17', '2017-06-04 21:52:40', '2017-06-04 21:52:40'),
(1180, 1, 12, 11, '2017-06-02 01:15:17', '2017-06-04 21:52:40', '2017-06-04 21:52:40'),
(1181, 1, 13, 1, '2017-06-02 01:15:17', '2017-06-04 21:52:40', '2017-06-04 21:52:40'),
(1182, 1, 13, 2, '2017-06-02 01:15:17', '2017-06-04 21:52:40', '2017-06-04 21:52:40'),
(1183, 1, 13, 3, '2017-06-02 01:15:17', '2017-06-04 21:52:40', '2017-06-04 21:52:40'),
(1184, 1, 13, 4, '2017-06-02 01:15:17', '2017-06-04 21:52:40', '2017-06-04 21:52:40'),
(1185, 1, 13, 5, '2017-06-02 01:15:17', '2017-06-04 21:52:40', '2017-06-04 21:52:40'),
(1186, 1, 13, 10, '2017-06-02 01:15:17', '2017-06-04 21:52:40', '2017-06-04 21:52:40'),
(1187, 1, 13, 11, '2017-06-02 01:15:17', '2017-06-04 21:52:40', '2017-06-04 21:52:40'),
(1188, 1, 14, 1, '2017-06-02 01:15:17', '2017-06-04 21:52:40', '2017-06-04 21:52:40'),
(1189, 1, 14, 2, '2017-06-02 01:15:17', '2017-06-04 21:52:40', '2017-06-04 21:52:40'),
(1190, 1, 14, 3, '2017-06-02 01:15:17', '2017-06-04 21:52:40', '2017-06-04 21:52:40'),
(1191, 1, 14, 4, '2017-06-02 01:15:17', '2017-06-04 21:52:40', '2017-06-04 21:52:40'),
(1192, 1, 15, 1, '2017-06-02 01:15:17', '2017-06-04 21:52:40', '2017-06-04 21:52:40'),
(1193, 1, 15, 2, '2017-06-02 01:15:17', '2017-06-04 21:52:40', '2017-06-04 21:52:40'),
(1194, 1, 15, 3, '2017-06-02 01:15:17', '2017-06-04 21:52:40', '2017-06-04 21:52:40'),
(1195, 1, 15, 4, '2017-06-02 01:15:17', '2017-06-04 21:52:40', '2017-06-04 21:52:40'),
(1196, 1, 16, 1, '2017-06-02 01:15:17', '2017-06-04 21:52:40', '2017-06-04 21:52:40'),
(1197, 1, 16, 2, '2017-06-02 01:15:17', '2017-06-04 21:52:40', '2017-06-04 21:52:40'),
(1198, 1, 16, 3, '2017-06-02 01:15:18', '2017-06-04 21:52:40', '2017-06-04 21:52:40'),
(1199, 1, 16, 4, '2017-06-02 01:15:18', '2017-06-04 21:52:40', '2017-06-04 21:52:40'),
(1200, 1, 17, 1, '2017-06-02 01:15:18', '2017-06-04 21:52:40', '2017-06-04 21:52:40'),
(1201, 1, 17, 2, '2017-06-02 01:15:18', '2017-06-04 21:52:40', '2017-06-04 21:52:40'),
(1202, 1, 17, 3, '2017-06-02 01:15:18', '2017-06-04 21:52:40', '2017-06-04 21:52:40'),
(1203, 1, 17, 4, '2017-06-02 01:15:18', '2017-06-04 21:52:40', '2017-06-04 21:52:40'),
(1204, 1, 18, 1, '2017-06-02 01:15:18', '2017-06-04 21:52:40', '2017-06-04 21:52:40'),
(1205, 1, 18, 2, '2017-06-02 01:15:18', '2017-06-04 21:52:40', '2017-06-04 21:52:40'),
(1206, 1, 18, 3, '2017-06-02 01:15:18', '2017-06-04 21:52:40', '2017-06-04 21:52:40'),
(1207, 1, 18, 4, '2017-06-02 01:15:18', '2017-06-04 21:52:40', '2017-06-04 21:52:40'),
(1208, 1, 19, 1, '2017-06-02 01:15:18', '2017-06-04 21:52:40', '2017-06-04 21:52:40'),
(1209, 1, 19, 2, '2017-06-02 01:15:18', '2017-06-04 21:52:40', '2017-06-04 21:52:40'),
(1210, 1, 19, 3, '2017-06-02 01:15:18', '2017-06-04 21:52:40', '2017-06-04 21:52:40'),
(1211, 1, 19, 4, '2017-06-02 01:15:18', '2017-06-04 21:52:40', '2017-06-04 21:52:40'),
(1212, 1, 20, 1, '2017-06-02 01:15:18', '2017-06-04 21:52:40', '2017-06-04 21:52:40'),
(1213, 1, 20, 2, '2017-06-02 01:15:18', '2017-06-04 21:52:40', '2017-06-04 21:52:40'),
(1214, 1, 20, 3, '2017-06-02 01:15:18', '2017-06-04 21:52:40', '2017-06-04 21:52:40'),
(1215, 1, 20, 4, '2017-06-02 01:15:18', '2017-06-04 21:52:40', '2017-06-04 21:52:40'),
(1216, 1, 21, 1, '2017-06-02 01:15:18', '2017-06-04 21:52:40', '2017-06-04 21:52:40'),
(1217, 1, 21, 2, '2017-06-02 01:15:18', '2017-06-04 21:52:40', '2017-06-04 21:52:40'),
(1218, 1, 21, 3, '2017-06-02 01:15:18', '2017-06-04 21:52:40', '2017-06-04 21:52:40'),
(1219, 1, 21, 4, '2017-06-02 01:15:18', '2017-06-04 21:52:40', '2017-06-04 21:52:40'),
(1220, 29, 5, 11, '2017-06-04 04:04:03', '2017-06-04 04:13:34', '2017-06-04 04:13:34'),
(1221, 29, 9, 5, '2017-06-04 04:04:03', '2017-06-04 04:13:34', '2017-06-04 04:13:34'),
(1222, 29, 12, 11, '2017-06-04 04:04:03', '2017-06-04 04:13:34', '2017-06-04 04:13:34'),
(1223, 29, 16, 5, '2017-06-04 04:04:03', '2017-06-04 04:13:34', '2017-06-04 04:13:34'),
(1224, 29, 17, 5, '2017-06-04 04:04:03', '2017-06-04 04:13:34', '2017-06-04 04:13:34'),
(1225, 29, 17, 11, '2017-06-04 04:04:03', '2017-06-04 04:13:34', '2017-06-04 04:13:34'),
(1226, 28, 5, 10, '2017-06-04 04:10:15', '2017-06-04 04:15:31', '2017-06-04 04:15:31'),
(1227, 28, 9, 5, '2017-06-04 04:10:15', '2017-06-04 04:15:31', '2017-06-04 04:15:31'),
(1229, 28, 12, 10, '2017-06-04 04:10:15', '2017-06-04 04:15:31', '2017-06-04 04:15:31'),
(1230, 28, 15, 5, '2017-06-04 04:10:15', '2017-06-04 04:15:31', '2017-06-04 04:15:31'),
(1231, 28, 17, 10, '2017-06-04 04:10:16', '2017-06-04 04:15:31', '2017-06-04 04:15:31'),
(1232, 29, 5, 11, '2017-06-04 04:13:34', '2017-06-04 04:16:15', '2017-06-04 04:16:15'),
(1233, 29, 9, 5, '2017-06-04 04:13:34', '2017-06-04 04:16:15', '2017-06-04 04:16:15'),
(1235, 29, 12, 11, '2017-06-04 04:13:34', '2017-06-04 04:16:15', '2017-06-04 04:16:15'),
(1236, 29, 15, 5, '2017-06-04 04:13:35', '2017-06-04 04:16:15', '2017-06-04 04:16:15'),
(1237, 29, 15, 11, '2017-06-04 04:13:35', '2017-06-04 04:16:15', '2017-06-04 04:16:15'),
(1238, 29, 16, 5, '2017-06-04 04:13:35', '2017-06-04 04:16:15', '2017-06-04 04:16:15'),
(1240, 29, 17, 11, '2017-06-04 04:13:35', '2017-06-04 04:16:15', '2017-06-04 04:16:15'),
(1241, 30, 5, 1, '2017-06-04 04:15:07', '2017-06-04 04:16:51', '2017-06-04 04:16:51'),
(1242, 30, 9, 1, '2017-06-04 04:15:07', '2017-06-04 04:16:51', '2017-06-04 04:16:51'),
(1243, 30, 10, 1, '2017-06-04 04:15:07', '2017-06-04 04:16:51', '2017-06-04 04:16:51'),
(1244, 30, 11, 1, '2017-06-04 04:15:08', '2017-06-04 04:16:51', '2017-06-04 04:16:51'),
(1245, 30, 12, 1, '2017-06-04 04:15:08', '2017-06-04 04:16:51', '2017-06-04 04:16:51'),
(1246, 30, 13, 1, '2017-06-04 04:15:08', '2017-06-04 04:16:51', '2017-06-04 04:16:51'),
(1247, 30, 14, 1, '2017-06-04 04:15:08', '2017-06-04 04:16:51', '2017-06-04 04:16:51'),
(1248, 30, 15, 1, '2017-06-04 04:15:08', '2017-06-04 04:16:51', '2017-06-04 04:16:51'),
(1249, 30, 16, 1, '2017-06-04 04:15:08', '2017-06-04 04:16:51', '2017-06-04 04:16:51'),
(1250, 30, 17, 1, '2017-06-04 04:15:08', '2017-06-04 04:16:51', '2017-06-04 04:16:51'),
(1251, 30, 18, 1, '2017-06-04 04:15:08', '2017-06-04 04:16:51', '2017-06-04 04:16:51'),
(1252, 28, 5, 10, '2017-06-04 04:15:31', '2017-06-04 04:16:42', '2017-06-04 04:16:42'),
(1253, 28, 9, 5, '2017-06-04 04:15:31', '2017-06-04 04:16:42', '2017-06-04 04:16:42'),
(1255, 28, 12, 10, '2017-06-04 04:15:31', '2017-06-04 04:16:42', '2017-06-04 04:16:42'),
(1256, 28, 13, 10, '2017-06-04 04:15:31', '2017-06-04 04:16:42', '2017-06-04 04:16:42'),
(1257, 28, 15, 5, '2017-06-04 04:15:31', '2017-06-04 04:16:42', '2017-06-04 04:16:42'),
(1258, 28, 17, 10, '2017-06-04 04:15:31', '2017-06-04 04:16:42', '2017-06-04 04:16:42'),
(1259, 29, 5, 1, '2017-06-04 04:16:15', '2017-06-04 20:38:06', '2017-06-04 20:38:06'),
(1260, 29, 5, 11, '2017-06-04 04:16:15', '2017-06-04 20:38:06', '2017-06-04 20:38:06'),
(1261, 29, 9, 1, '2017-06-04 04:16:15', '2017-06-04 20:38:06', '2017-06-04 20:38:06'),
(1262, 29, 9, 5, '2017-06-04 04:16:15', '2017-06-04 20:38:06', '2017-06-04 20:38:06'),
(1263, 29, 10, 1, '2017-06-04 04:16:15', '2017-06-04 20:38:06', '2017-06-04 20:38:06'),
(1265, 29, 11, 1, '2017-06-04 04:16:15', '2017-06-04 20:38:06', '2017-06-04 20:38:06'),
(1266, 29, 12, 1, '2017-06-04 04:16:15', '2017-06-04 20:38:06', '2017-06-04 20:38:06'),
(1267, 29, 12, 11, '2017-06-04 04:16:15', '2017-06-04 20:38:06', '2017-06-04 20:38:06'),
(1268, 29, 13, 1, '2017-06-04 04:16:15', '2017-06-04 20:38:06', '2017-06-04 20:38:06'),
(1269, 29, 13, 11, '2017-06-04 04:16:15', '2017-06-04 20:38:06', '2017-06-04 20:38:06'),
(1270, 29, 14, 1, '2017-06-04 04:16:16', '2017-06-04 20:38:06', '2017-06-04 20:38:06'),
(1271, 29, 15, 1, '2017-06-04 04:16:16', '2017-06-04 20:38:06', '2017-06-04 20:38:06'),
(1272, 29, 15, 5, '2017-06-04 04:16:16', '2017-06-04 20:38:06', '2017-06-04 20:38:06'),
(1273, 29, 15, 11, '2017-06-04 04:16:16', '2017-06-04 20:38:06', '2017-06-04 20:38:06'),
(1274, 29, 16, 1, '2017-06-04 04:16:16', '2017-06-04 20:38:06', '2017-06-04 20:38:06'),
(1275, 29, 16, 5, '2017-06-04 04:16:16', '2017-06-04 20:38:06', '2017-06-04 20:38:06'),
(1276, 29, 17, 1, '2017-06-04 04:16:16', '2017-06-04 20:38:06', '2017-06-04 20:38:06'),
(1278, 29, 17, 11, '2017-06-04 04:16:16', '2017-06-04 20:38:06', '2017-06-04 20:38:06'),
(1279, 28, 5, 1, '2017-06-04 04:16:42', '2017-06-04 20:39:52', '2017-06-04 20:39:52'),
(1280, 28, 5, 10, '2017-06-04 04:16:42', '2017-06-04 20:39:52', '2017-06-04 20:39:52'),
(1281, 28, 9, 1, '2017-06-04 04:16:42', '2017-06-04 20:39:52', '2017-06-04 20:39:52'),
(1282, 28, 9, 5, '2017-06-04 04:16:42', '2017-06-04 20:39:52', '2017-06-04 20:39:52'),
(1283, 28, 10, 1, '2017-06-04 04:16:42', '2017-06-04 20:39:52', '2017-06-04 20:39:52'),
(1285, 28, 11, 1, '2017-06-04 04:16:42', '2017-06-04 20:39:52', '2017-06-04 20:39:52'),
(1286, 28, 12, 1, '2017-06-04 04:16:42', '2017-06-04 20:39:52', '2017-06-04 20:39:52'),
(1287, 28, 12, 10, '2017-06-04 04:16:42', '2017-06-04 20:39:52', '2017-06-04 20:39:52'),
(1288, 28, 13, 1, '2017-06-04 04:16:42', '2017-06-04 20:39:52', '2017-06-04 20:39:52'),
(1289, 28, 13, 10, '2017-06-04 04:16:43', '2017-06-04 20:39:52', '2017-06-04 20:39:52'),
(1290, 28, 14, 1, '2017-06-04 04:16:43', '2017-06-04 20:39:52', '2017-06-04 20:39:52'),
(1291, 28, 15, 1, '2017-06-04 04:16:43', '2017-06-04 20:39:52', '2017-06-04 20:39:52'),
(1292, 28, 15, 5, '2017-06-04 04:16:43', '2017-06-04 20:39:52', '2017-06-04 20:39:52'),
(1293, 28, 16, 1, '2017-06-04 04:16:43', '2017-06-04 20:39:52', '2017-06-04 20:39:52'),
(1294, 28, 17, 1, '2017-06-04 04:16:43', '2017-06-04 20:39:52', '2017-06-04 20:39:52'),
(1295, 28, 17, 10, '2017-06-04 04:16:43', '2017-06-04 20:39:52', '2017-06-04 20:39:52'),
(1296, 30, 5, 1, '2017-06-04 04:16:51', '2017-06-08 23:06:58', '2017-06-08 23:06:58'),
(1297, 30, 9, 1, '2017-06-04 04:16:51', '2017-06-08 23:06:58', '2017-06-08 23:06:58');
INSERT INTO `privilege` (`id`, `user_id`, `module_id`, `action_id`, `created_at`, `updated_at`, `deleted_at`) VALUES
(1298, 30, 10, 1, '2017-06-04 04:16:51', '2017-06-08 23:06:58', '2017-06-08 23:06:58'),
(1299, 30, 11, 1, '2017-06-04 04:16:51', '2017-06-08 23:06:58', '2017-06-08 23:06:58'),
(1300, 30, 12, 1, '2017-06-04 04:16:51', '2017-06-08 23:06:58', '2017-06-08 23:06:58'),
(1301, 30, 13, 1, '2017-06-04 04:16:51', '2017-06-08 23:06:58', '2017-06-08 23:06:58'),
(1302, 30, 14, 1, '2017-06-04 04:16:52', '2017-06-08 23:06:58', '2017-06-08 23:06:58'),
(1303, 30, 15, 1, '2017-06-04 04:16:52', '2017-06-08 23:06:58', '2017-06-08 23:06:58'),
(1304, 30, 16, 1, '2017-06-04 04:16:52', '2017-06-08 23:06:58', '2017-06-08 23:06:58'),
(1305, 30, 17, 1, '2017-06-04 04:16:52', '2017-06-08 23:06:58', '2017-06-08 23:06:58'),
(1306, 30, 18, 1, '2017-06-04 04:16:52', '2017-06-08 23:06:58', '2017-06-08 23:06:58'),
(1307, 31, 5, 1, '2017-06-04 04:31:47', '2017-06-04 19:35:35', '2017-06-04 19:35:35'),
(1308, 31, 5, 2, '2017-06-04 04:31:47', '2017-06-04 19:35:35', '2017-06-04 19:35:35'),
(1309, 31, 5, 3, '2017-06-04 04:31:47', '2017-06-04 19:35:35', '2017-06-04 19:35:35'),
(1310, 31, 9, 1, '2017-06-04 04:31:47', '2017-06-04 19:35:35', '2017-06-04 19:35:35'),
(1311, 31, 9, 2, '2017-06-04 04:31:47', '2017-06-04 19:35:35', '2017-06-04 19:35:35'),
(1312, 31, 9, 3, '2017-06-04 04:31:47', '2017-06-04 19:35:35', '2017-06-04 19:35:35'),
(1313, 31, 10, 1, '2017-06-04 04:31:47', '2017-06-04 19:35:35', '2017-06-04 19:35:35'),
(1314, 31, 10, 2, '2017-06-04 04:31:47', '2017-06-04 19:35:35', '2017-06-04 19:35:35'),
(1315, 31, 11, 1, '2017-06-04 04:31:47', '2017-06-04 19:35:35', '2017-06-04 19:35:35'),
(1316, 31, 12, 1, '2017-06-04 04:31:47', '2017-06-04 19:35:35', '2017-06-04 19:35:35'),
(1317, 31, 12, 2, '2017-06-04 04:31:47', '2017-06-04 19:35:35', '2017-06-04 19:35:35'),
(1318, 31, 13, 1, '2017-06-04 04:31:47', '2017-06-04 19:35:35', '2017-06-04 19:35:35'),
(1319, 31, 13, 2, '2017-06-04 04:31:47', '2017-06-04 19:35:35', '2017-06-04 19:35:35'),
(1320, 31, 14, 1, '2017-06-04 04:31:47', '2017-06-04 19:35:35', '2017-06-04 19:35:35'),
(1321, 31, 15, 1, '2017-06-04 04:31:47', '2017-06-04 19:35:35', '2017-06-04 19:35:35'),
(1322, 31, 15, 2, '2017-06-04 04:31:47', '2017-06-04 19:35:35', '2017-06-04 19:35:35'),
(1323, 31, 16, 1, '2017-06-04 04:31:47', '2017-06-04 19:35:35', '2017-06-04 19:35:35'),
(1324, 31, 16, 2, '2017-06-04 04:31:47', '2017-06-04 19:35:35', '2017-06-04 19:35:35'),
(1325, 31, 5, 1, '2017-06-04 19:35:35', '2017-06-04 20:54:37', '2017-06-04 20:54:37'),
(1326, 31, 5, 2, '2017-06-04 19:35:36', '2017-06-04 20:54:37', '2017-06-04 20:54:37'),
(1327, 31, 5, 3, '2017-06-04 19:35:36', '2017-06-04 20:54:37', '2017-06-04 20:54:37'),
(1329, 31, 9, 1, '2017-06-04 19:35:36', '2017-06-04 20:54:37', '2017-06-04 20:54:37'),
(1330, 31, 9, 2, '2017-06-04 19:35:36', '2017-06-04 20:54:37', '2017-06-04 20:54:37'),
(1331, 31, 9, 3, '2017-06-04 19:35:36', '2017-06-04 20:54:37', '2017-06-04 20:54:37'),
(1332, 31, 10, 1, '2017-06-04 19:35:36', '2017-06-04 20:54:37', '2017-06-04 20:54:37'),
(1333, 31, 10, 2, '2017-06-04 19:35:36', '2017-06-04 20:54:37', '2017-06-04 20:54:37'),
(1334, 31, 11, 1, '2017-06-04 19:35:36', '2017-06-04 20:54:37', '2017-06-04 20:54:37'),
(1335, 31, 12, 1, '2017-06-04 19:35:36', '2017-06-04 20:54:37', '2017-06-04 20:54:37'),
(1336, 31, 12, 2, '2017-06-04 19:35:36', '2017-06-04 20:54:37', '2017-06-04 20:54:37'),
(1337, 31, 13, 1, '2017-06-04 19:35:36', '2017-06-04 20:54:37', '2017-06-04 20:54:37'),
(1338, 31, 13, 2, '2017-06-04 19:35:36', '2017-06-04 20:54:37', '2017-06-04 20:54:37'),
(1339, 31, 14, 1, '2017-06-04 19:35:36', '2017-06-04 20:54:37', '2017-06-04 20:54:37'),
(1340, 31, 15, 1, '2017-06-04 19:35:36', '2017-06-04 20:54:37', '2017-06-04 20:54:37'),
(1341, 31, 15, 2, '2017-06-04 19:35:36', '2017-06-04 20:54:37', '2017-06-04 20:54:37'),
(1342, 31, 16, 1, '2017-06-04 19:35:36', '2017-06-04 20:54:37', '2017-06-04 20:54:37'),
(1343, 31, 16, 2, '2017-06-04 19:35:36', '2017-06-04 20:54:37', '2017-06-04 20:54:37'),
(1344, 29, 5, 1, '2017-06-04 20:38:06', '2017-06-04 21:54:32', '2017-06-04 21:54:32'),
(1345, 29, 5, 11, '2017-06-04 20:38:06', '2017-06-04 21:54:32', '2017-06-04 21:54:32'),
(1346, 29, 9, 1, '2017-06-04 20:38:06', '2017-06-04 21:54:32', '2017-06-04 21:54:32'),
(1347, 29, 9, 11, '2017-06-04 20:38:06', '2017-06-04 21:54:32', '2017-06-04 21:54:32'),
(1348, 29, 10, 1, '2017-06-04 20:38:07', '2017-06-04 21:54:32', '2017-06-04 21:54:32'),
(1351, 29, 11, 1, '2017-06-04 20:38:07', '2017-06-04 21:54:32', '2017-06-04 21:54:32'),
(1352, 29, 12, 1, '2017-06-04 20:38:07', '2017-06-04 21:54:32', '2017-06-04 21:54:32'),
(1353, 29, 12, 11, '2017-06-04 20:38:07', '2017-06-04 21:54:32', '2017-06-04 21:54:32'),
(1354, 29, 13, 1, '2017-06-04 20:38:07', '2017-06-04 21:54:32', '2017-06-04 21:54:32'),
(1355, 29, 13, 11, '2017-06-04 20:38:07', '2017-06-04 21:54:32', '2017-06-04 21:54:32'),
(1356, 29, 14, 1, '2017-06-04 20:38:07', '2017-06-04 21:54:32', '2017-06-04 21:54:32'),
(1357, 29, 15, 1, '2017-06-04 20:38:07', '2017-06-04 21:54:32', '2017-06-04 21:54:32'),
(1358, 29, 15, 11, '2017-06-04 20:38:07', '2017-06-04 21:54:32', '2017-06-04 21:54:32'),
(1359, 29, 16, 1, '2017-06-04 20:38:07', '2017-06-04 21:54:32', '2017-06-04 21:54:32'),
(1360, 29, 16, 11, '2017-06-04 20:38:07', '2017-06-04 21:54:32', '2017-06-04 21:54:32'),
(1361, 29, 17, 1, '2017-06-04 20:38:07', '2017-06-04 21:54:32', '2017-06-04 21:54:32'),
(1362, 29, 17, 11, '2017-06-04 20:38:07', '2017-06-04 21:54:32', '2017-06-04 21:54:32'),
(1363, 28, 5, 1, '2017-06-04 20:39:52', '2017-06-08 20:53:22', '2017-06-08 20:53:22'),
(1364, 28, 5, 10, '2017-06-04 20:39:52', '2017-06-08 20:53:22', '2017-06-08 20:53:22'),
(1365, 28, 9, 1, '2017-06-04 20:39:52', '2017-06-08 20:53:22', '2017-06-08 20:53:22'),
(1366, 28, 9, 10, '2017-06-04 20:39:52', '2017-06-08 20:53:22', '2017-06-08 20:53:22'),
(1367, 28, 10, 1, '2017-06-04 20:39:52', '2017-06-08 20:53:22', '2017-06-08 20:53:22'),
(1369, 28, 11, 1, '2017-06-04 20:39:52', '2017-06-08 20:53:22', '2017-06-08 20:53:22'),
(1370, 28, 12, 1, '2017-06-04 20:39:52', '2017-06-08 20:53:22', '2017-06-08 20:53:22'),
(1371, 28, 12, 10, '2017-06-04 20:39:52', '2017-06-08 20:53:22', '2017-06-08 20:53:22'),
(1372, 28, 13, 1, '2017-06-04 20:39:53', '2017-06-08 20:53:22', '2017-06-08 20:53:22'),
(1373, 28, 13, 10, '2017-06-04 20:39:53', '2017-06-08 20:53:22', '2017-06-08 20:53:22'),
(1374, 28, 14, 1, '2017-06-04 20:39:53', '2017-06-08 20:53:22', '2017-06-08 20:53:22'),
(1375, 28, 15, 1, '2017-06-04 20:39:53', '2017-06-08 20:53:22', '2017-06-08 20:53:22'),
(1376, 28, 15, 5, '2017-06-04 20:39:53', '2017-06-08 20:53:22', '2017-06-08 20:53:22'),
(1377, 28, 15, 10, '2017-06-04 20:39:53', '2017-06-08 20:53:22', '2017-06-08 20:53:22'),
(1378, 28, 16, 1, '2017-06-04 20:39:53', '2017-06-08 20:53:22', '2017-06-08 20:53:22'),
(1379, 28, 16, 10, '2017-06-04 20:39:53', '2017-06-08 20:53:22', '2017-06-08 20:53:22'),
(1380, 28, 17, 1, '2017-06-04 20:39:53', '2017-06-08 20:53:22', '2017-06-08 20:53:22'),
(1381, 28, 17, 10, '2017-06-04 20:39:53', '2017-06-08 20:53:22', '2017-06-08 20:53:22'),
(1382, 31, 5, 1, '2017-06-04 20:54:37', '2017-06-04 21:46:51', '2017-06-04 21:46:51'),
(1383, 31, 5, 2, '2017-06-04 20:54:37', '2017-06-04 21:46:51', '2017-06-04 21:46:51'),
(1384, 31, 5, 3, '2017-06-04 20:54:37', '2017-06-04 21:46:51', '2017-06-04 21:46:51'),
(1386, 31, 9, 1, '2017-06-04 20:54:37', '2017-06-04 21:46:51', '2017-06-04 21:46:51'),
(1387, 31, 9, 2, '2017-06-04 20:54:37', '2017-06-04 21:46:51', '2017-06-04 21:46:51'),
(1388, 31, 9, 3, '2017-06-04 20:54:37', '2017-06-04 21:46:51', '2017-06-04 21:46:51'),
(1389, 31, 10, 1, '2017-06-04 20:54:37', '2017-06-04 21:46:51', '2017-06-04 21:46:51'),
(1390, 31, 10, 2, '2017-06-04 20:54:37', '2017-06-04 21:46:51', '2017-06-04 21:46:51'),
(1392, 31, 11, 1, '2017-06-04 20:54:37', '2017-06-04 21:46:51', '2017-06-04 21:46:51'),
(1393, 31, 12, 1, '2017-06-04 20:54:37', '2017-06-04 21:46:51', '2017-06-04 21:46:51'),
(1394, 31, 12, 2, '2017-06-04 20:54:37', '2017-06-04 21:46:51', '2017-06-04 21:46:51'),
(1395, 31, 13, 1, '2017-06-04 20:54:37', '2017-06-04 21:46:51', '2017-06-04 21:46:51'),
(1396, 31, 13, 2, '2017-06-04 20:54:37', '2017-06-04 21:46:51', '2017-06-04 21:46:51'),
(1397, 31, 14, 1, '2017-06-04 20:54:37', '2017-06-04 21:46:51', '2017-06-04 21:46:51'),
(1398, 31, 15, 1, '2017-06-04 20:54:37', '2017-06-04 21:46:51', '2017-06-04 21:46:51'),
(1399, 31, 15, 2, '2017-06-04 20:54:37', '2017-06-04 21:46:51', '2017-06-04 21:46:51'),
(1400, 31, 16, 1, '2017-06-04 20:54:37', '2017-06-04 21:46:51', '2017-06-04 21:46:51'),
(1401, 31, 16, 2, '2017-06-04 20:54:38', '2017-06-04 21:46:51', '2017-06-04 21:46:51'),
(1402, 31, 5, 1, '2017-06-04 21:46:51', '2017-06-05 00:03:04', '2017-06-05 00:03:04'),
(1403, 31, 5, 2, '2017-06-04 21:46:51', '2017-06-05 00:03:04', '2017-06-05 00:03:04'),
(1404, 31, 5, 3, '2017-06-04 21:46:51', '2017-06-05 00:03:04', '2017-06-05 00:03:04'),
(1406, 31, 9, 1, '2017-06-04 21:46:52', '2017-06-05 00:03:04', '2017-06-05 00:03:04'),
(1407, 31, 9, 2, '2017-06-04 21:46:52', '2017-06-05 00:03:04', '2017-06-05 00:03:04'),
(1408, 31, 9, 3, '2017-06-04 21:46:52', '2017-06-05 00:03:04', '2017-06-05 00:03:04'),
(1409, 31, 10, 1, '2017-06-04 21:46:52', '2017-06-05 00:03:04', '2017-06-05 00:03:04'),
(1410, 31, 10, 2, '2017-06-04 21:46:52', '2017-06-05 00:03:04', '2017-06-05 00:03:04'),
(1412, 31, 11, 1, '2017-06-04 21:46:52', '2017-06-05 00:03:04', '2017-06-05 00:03:04'),
(1413, 31, 12, 1, '2017-06-04 21:46:52', '2017-06-05 00:03:04', '2017-06-05 00:03:04'),
(1414, 31, 12, 2, '2017-06-04 21:46:52', '2017-06-05 00:03:04', '2017-06-05 00:03:04'),
(1415, 31, 13, 1, '2017-06-04 21:46:52', '2017-06-05 00:03:04', '2017-06-05 00:03:04'),
(1416, 31, 13, 2, '2017-06-04 21:46:52', '2017-06-05 00:03:04', '2017-06-05 00:03:04'),
(1417, 31, 14, 1, '2017-06-04 21:46:52', '2017-06-05 00:03:04', '2017-06-05 00:03:04'),
(1418, 31, 15, 1, '2017-06-04 21:46:52', '2017-06-05 00:03:04', '2017-06-05 00:03:04'),
(1419, 31, 15, 2, '2017-06-04 21:46:52', '2017-06-05 00:03:04', '2017-06-05 00:03:04'),
(1420, 31, 16, 1, '2017-06-04 21:46:52', '2017-06-05 00:03:04', '2017-06-05 00:03:04'),
(1421, 31, 16, 2, '2017-06-04 21:46:52', '2017-06-05 00:03:04', '2017-06-05 00:03:04'),
(1422, 31, 17, 1, '2017-06-04 21:46:52', '2017-06-05 00:03:04', '2017-06-05 00:03:04'),
(1423, 31, 17, 2, '2017-06-04 21:46:52', '2017-06-05 00:03:04', '2017-06-05 00:03:04'),
(1424, 1, 1, 1, '2017-06-04 21:52:40', '2017-06-04 21:53:37', '2017-06-04 21:53:37'),
(1425, 1, 1, 2, '2017-06-04 21:52:40', '2017-06-04 21:53:37', '2017-06-04 21:53:37'),
(1426, 1, 1, 3, '2017-06-04 21:52:40', '2017-06-04 21:53:37', '2017-06-04 21:53:37'),
(1427, 1, 1, 4, '2017-06-04 21:52:40', '2017-06-04 21:53:37', '2017-06-04 21:53:37'),
(1428, 1, 2, 1, '2017-06-04 21:52:40', '2017-06-04 21:53:37', '2017-06-04 21:53:37'),
(1429, 1, 2, 2, '2017-06-04 21:52:40', '2017-06-04 21:53:37', '2017-06-04 21:53:37'),
(1430, 1, 2, 3, '2017-06-04 21:52:40', '2017-06-04 21:53:37', '2017-06-04 21:53:37'),
(1431, 1, 2, 4, '2017-06-04 21:52:40', '2017-06-04 21:53:37', '2017-06-04 21:53:37'),
(1432, 1, 3, 1, '2017-06-04 21:52:40', '2017-06-04 21:53:37', '2017-06-04 21:53:37'),
(1433, 1, 3, 2, '2017-06-04 21:52:40', '2017-06-04 21:53:37', '2017-06-04 21:53:37'),
(1434, 1, 3, 3, '2017-06-04 21:52:40', '2017-06-04 21:53:37', '2017-06-04 21:53:37'),
(1435, 1, 3, 4, '2017-06-04 21:52:40', '2017-06-04 21:53:37', '2017-06-04 21:53:37'),
(1436, 1, 4, 1, '2017-06-04 21:52:40', '2017-06-04 21:53:37', '2017-06-04 21:53:37'),
(1437, 1, 4, 2, '2017-06-04 21:52:40', '2017-06-04 21:53:37', '2017-06-04 21:53:37'),
(1438, 1, 4, 3, '2017-06-04 21:52:40', '2017-06-04 21:53:37', '2017-06-04 21:53:37'),
(1439, 1, 4, 4, '2017-06-04 21:52:40', '2017-06-04 21:53:37', '2017-06-04 21:53:37'),
(1440, 1, 5, 1, '2017-06-04 21:52:40', '2017-06-04 21:53:37', '2017-06-04 21:53:37'),
(1441, 1, 5, 2, '2017-06-04 21:52:40', '2017-06-04 21:53:37', '2017-06-04 21:53:37'),
(1442, 1, 5, 3, '2017-06-04 21:52:40', '2017-06-04 21:53:37', '2017-06-04 21:53:37'),
(1443, 1, 5, 4, '2017-06-04 21:52:40', '2017-06-04 21:53:37', '2017-06-04 21:53:37'),
(1444, 1, 5, 10, '2017-06-04 21:52:40', '2017-06-04 21:53:37', '2017-06-04 21:53:37'),
(1445, 1, 5, 11, '2017-06-04 21:52:40', '2017-06-04 21:53:37', '2017-06-04 21:53:37'),
(1447, 1, 6, 1, '2017-06-04 21:52:40', '2017-06-04 21:53:37', '2017-06-04 21:53:37'),
(1448, 1, 6, 2, '2017-06-04 21:52:41', '2017-06-04 21:53:37', '2017-06-04 21:53:37'),
(1449, 1, 6, 3, '2017-06-04 21:52:41', '2017-06-04 21:53:37', '2017-06-04 21:53:37'),
(1450, 1, 6, 4, '2017-06-04 21:52:41', '2017-06-04 21:53:37', '2017-06-04 21:53:37'),
(1451, 1, 7, 1, '2017-06-04 21:52:41', '2017-06-04 21:53:37', '2017-06-04 21:53:37'),
(1452, 1, 7, 2, '2017-06-04 21:52:41', '2017-06-04 21:53:37', '2017-06-04 21:53:37'),
(1453, 1, 7, 3, '2017-06-04 21:52:41', '2017-06-04 21:53:37', '2017-06-04 21:53:37'),
(1454, 1, 7, 4, '2017-06-04 21:52:41', '2017-06-04 21:53:37', '2017-06-04 21:53:37'),
(1455, 1, 8, 1, '2017-06-04 21:52:41', '2017-06-04 21:53:37', '2017-06-04 21:53:37'),
(1456, 1, 8, 2, '2017-06-04 21:52:41', '2017-06-04 21:53:37', '2017-06-04 21:53:37'),
(1457, 1, 8, 3, '2017-06-04 21:52:41', '2017-06-04 21:53:37', '2017-06-04 21:53:37'),
(1458, 1, 8, 4, '2017-06-04 21:52:41', '2017-06-04 21:53:37', '2017-06-04 21:53:37'),
(1459, 1, 9, 1, '2017-06-04 21:52:41', '2017-06-04 21:53:37', '2017-06-04 21:53:37'),
(1460, 1, 9, 2, '2017-06-04 21:52:41', '2017-06-04 21:53:37', '2017-06-04 21:53:37'),
(1461, 1, 9, 3, '2017-06-04 21:52:41', '2017-06-04 21:53:37', '2017-06-04 21:53:37'),
(1462, 1, 9, 4, '2017-06-04 21:52:41', '2017-06-04 21:53:37', '2017-06-04 21:53:37'),
(1463, 1, 10, 1, '2017-06-04 21:52:41', '2017-06-04 21:53:37', '2017-06-04 21:53:37'),
(1464, 1, 10, 2, '2017-06-04 21:52:41', '2017-06-04 21:53:37', '2017-06-04 21:53:37'),
(1465, 1, 10, 3, '2017-06-04 21:52:41', '2017-06-04 21:53:37', '2017-06-04 21:53:37'),
(1466, 1, 10, 4, '2017-06-04 21:52:41', '2017-06-04 21:53:37', '2017-06-04 21:53:37'),
(1467, 1, 10, 5, '2017-06-04 21:52:41', '2017-06-04 21:53:37', '2017-06-04 21:53:37'),
(1472, 1, 11, 1, '2017-06-04 21:52:42', '2017-06-04 21:53:37', '2017-06-04 21:53:37'),
(1473, 1, 11, 2, '2017-06-04 21:52:42', '2017-06-04 21:53:37', '2017-06-04 21:53:37'),
(1474, 1, 11, 3, '2017-06-04 21:52:42', '2017-06-04 21:53:37', '2017-06-04 21:53:37'),
(1475, 1, 11, 4, '2017-06-04 21:52:42', '2017-06-04 21:53:37', '2017-06-04 21:53:37'),
(1476, 1, 12, 1, '2017-06-04 21:52:42', '2017-06-04 21:53:37', '2017-06-04 21:53:37'),
(1477, 1, 12, 2, '2017-06-04 21:52:42', '2017-06-04 21:53:37', '2017-06-04 21:53:37'),
(1478, 1, 12, 3, '2017-06-04 21:52:42', '2017-06-04 21:53:37', '2017-06-04 21:53:37'),
(1479, 1, 12, 4, '2017-06-04 21:52:42', '2017-06-04 21:53:37', '2017-06-04 21:53:37'),
(1480, 1, 12, 10, '2017-06-04 21:52:42', '2017-06-04 21:53:37', '2017-06-04 21:53:37'),
(1481, 1, 12, 11, '2017-06-04 21:52:42', '2017-06-04 21:53:37', '2017-06-04 21:53:37'),
(1482, 1, 13, 1, '2017-06-04 21:52:42', '2017-06-04 21:53:37', '2017-06-04 21:53:37'),
(1483, 1, 13, 2, '2017-06-04 21:52:42', '2017-06-04 21:53:37', '2017-06-04 21:53:37'),
(1484, 1, 13, 3, '2017-06-04 21:52:42', '2017-06-04 21:53:37', '2017-06-04 21:53:37'),
(1485, 1, 13, 4, '2017-06-04 21:52:42', '2017-06-04 21:53:37', '2017-06-04 21:53:37'),
(1486, 1, 13, 5, '2017-06-04 21:52:42', '2017-06-04 21:53:37', '2017-06-04 21:53:37'),
(1487, 1, 13, 10, '2017-06-04 21:52:42', '2017-06-04 21:53:37', '2017-06-04 21:53:37'),
(1488, 1, 13, 11, '2017-06-04 21:52:42', '2017-06-04 21:53:37', '2017-06-04 21:53:37'),
(1489, 1, 14, 1, '2017-06-04 21:52:42', '2017-06-04 21:53:37', '2017-06-04 21:53:37'),
(1490, 1, 14, 2, '2017-06-04 21:52:42', '2017-06-04 21:53:37', '2017-06-04 21:53:37'),
(1491, 1, 14, 3, '2017-06-04 21:52:42', '2017-06-04 21:53:37', '2017-06-04 21:53:37'),
(1492, 1, 14, 4, '2017-06-04 21:52:42', '2017-06-04 21:53:37', '2017-06-04 21:53:37'),
(1493, 1, 15, 1, '2017-06-04 21:52:43', '2017-06-04 21:53:37', '2017-06-04 21:53:37'),
(1494, 1, 15, 2, '2017-06-04 21:52:43', '2017-06-04 21:53:37', '2017-06-04 21:53:37'),
(1495, 1, 15, 3, '2017-06-04 21:52:43', '2017-06-04 21:53:37', '2017-06-04 21:53:37'),
(1496, 1, 15, 4, '2017-06-04 21:52:43', '2017-06-04 21:53:37', '2017-06-04 21:53:37'),
(1497, 1, 15, 10, '2017-06-04 21:52:43', '2017-06-04 21:53:37', '2017-06-04 21:53:37'),
(1498, 1, 15, 11, '2017-06-04 21:52:43', '2017-06-04 21:53:37', '2017-06-04 21:53:37'),
(1499, 1, 16, 1, '2017-06-04 21:52:43', '2017-06-04 21:53:37', '2017-06-04 21:53:37'),
(1500, 1, 16, 2, '2017-06-04 21:52:43', '2017-06-04 21:53:37', '2017-06-04 21:53:37'),
(1501, 1, 16, 3, '2017-06-04 21:52:43', '2017-06-04 21:53:37', '2017-06-04 21:53:37'),
(1502, 1, 16, 4, '2017-06-04 21:52:43', '2017-06-04 21:53:37', '2017-06-04 21:53:37'),
(1503, 1, 17, 1, '2017-06-04 21:52:43', '2017-06-04 21:53:37', '2017-06-04 21:53:37'),
(1504, 1, 17, 2, '2017-06-04 21:52:43', '2017-06-04 21:53:37', '2017-06-04 21:53:37'),
(1505, 1, 17, 3, '2017-06-04 21:52:43', '2017-06-04 21:53:37', '2017-06-04 21:53:37'),
(1506, 1, 17, 4, '2017-06-04 21:52:43', '2017-06-04 21:53:37', '2017-06-04 21:53:37'),
(1507, 1, 18, 1, '2017-06-04 21:52:43', '2017-06-04 21:53:37', '2017-06-04 21:53:37'),
(1508, 1, 18, 2, '2017-06-04 21:52:43', '2017-06-04 21:53:37', '2017-06-04 21:53:37'),
(1509, 1, 18, 3, '2017-06-04 21:52:43', '2017-06-04 21:53:37', '2017-06-04 21:53:37'),
(1510, 1, 18, 4, '2017-06-04 21:52:43', '2017-06-04 21:53:37', '2017-06-04 21:53:37'),
(1511, 1, 19, 1, '2017-06-04 21:52:43', '2017-06-04 21:53:37', '2017-06-04 21:53:37'),
(1512, 1, 19, 2, '2017-06-04 21:52:43', '2017-06-04 21:53:37', '2017-06-04 21:53:37'),
(1513, 1, 19, 3, '2017-06-04 21:52:43', '2017-06-04 21:53:37', '2017-06-04 21:53:37'),
(1514, 1, 19, 4, '2017-06-04 21:52:43', '2017-06-04 21:53:37', '2017-06-04 21:53:37'),
(1515, 1, 20, 1, '2017-06-04 21:52:43', '2017-06-04 21:53:37', '2017-06-04 21:53:37'),
(1516, 1, 20, 2, '2017-06-04 21:52:43', '2017-06-04 21:53:37', '2017-06-04 21:53:37'),
(1517, 1, 20, 3, '2017-06-04 21:52:44', '2017-06-04 21:53:37', '2017-06-04 21:53:37'),
(1518, 1, 20, 4, '2017-06-04 21:52:44', '2017-06-04 21:53:37', '2017-06-04 21:53:37'),
(1519, 1, 21, 1, '2017-06-04 21:52:44', '2017-06-04 21:53:37', '2017-06-04 21:53:37'),
(1520, 1, 21, 2, '2017-06-04 21:52:44', '2017-06-04 21:53:37', '2017-06-04 21:53:37'),
(1521, 1, 21, 3, '2017-06-04 21:52:44', '2017-06-04 21:53:37', '2017-06-04 21:53:37'),
(1522, 1, 21, 4, '2017-06-04 21:52:44', '2017-06-04 21:53:37', '2017-06-04 21:53:37'),
(1523, 1, 1, 1, '2017-06-04 21:53:37', '2017-06-05 16:59:04', '2017-06-05 16:59:04'),
(1524, 1, 1, 2, '2017-06-04 21:53:37', '2017-06-05 16:59:04', '2017-06-05 16:59:04'),
(1525, 1, 1, 3, '2017-06-04 21:53:37', '2017-06-05 16:59:04', '2017-06-05 16:59:04'),
(1526, 1, 1, 4, '2017-06-04 21:53:37', '2017-06-05 16:59:04', '2017-06-05 16:59:04'),
(1527, 1, 2, 1, '2017-06-04 21:53:37', '2017-06-05 16:59:04', '2017-06-05 16:59:04'),
(1528, 1, 2, 2, '2017-06-04 21:53:37', '2017-06-05 16:59:04', '2017-06-05 16:59:04'),
(1529, 1, 2, 3, '2017-06-04 21:53:38', '2017-06-05 16:59:04', '2017-06-05 16:59:04'),
(1530, 1, 2, 4, '2017-06-04 21:53:38', '2017-06-05 16:59:04', '2017-06-05 16:59:04'),
(1531, 1, 3, 1, '2017-06-04 21:53:38', '2017-06-05 16:59:04', '2017-06-05 16:59:04'),
(1532, 1, 3, 2, '2017-06-04 21:53:38', '2017-06-05 16:59:04', '2017-06-05 16:59:04'),
(1533, 1, 3, 3, '2017-06-04 21:53:38', '2017-06-05 16:59:04', '2017-06-05 16:59:04'),
(1534, 1, 3, 4, '2017-06-04 21:53:38', '2017-06-05 16:59:04', '2017-06-05 16:59:04'),
(1535, 1, 4, 1, '2017-06-04 21:53:38', '2017-06-05 16:59:04', '2017-06-05 16:59:04'),
(1536, 1, 4, 2, '2017-06-04 21:53:38', '2017-06-05 16:59:04', '2017-06-05 16:59:04'),
(1537, 1, 4, 3, '2017-06-04 21:53:38', '2017-06-05 16:59:04', '2017-06-05 16:59:04'),
(1538, 1, 4, 4, '2017-06-04 21:53:38', '2017-06-05 16:59:04', '2017-06-05 16:59:04'),
(1539, 1, 5, 1, '2017-06-04 21:53:38', '2017-06-05 16:59:04', '2017-06-05 16:59:04'),
(1540, 1, 5, 2, '2017-06-04 21:53:38', '2017-06-05 16:59:04', '2017-06-05 16:59:04'),
(1541, 1, 5, 3, '2017-06-04 21:53:38', '2017-06-05 16:59:04', '2017-06-05 16:59:04'),
(1542, 1, 5, 4, '2017-06-04 21:53:38', '2017-06-05 16:59:04', '2017-06-05 16:59:04'),
(1543, 1, 5, 10, '2017-06-04 21:53:38', '2017-06-05 16:59:04', '2017-06-05 16:59:04'),
(1544, 1, 5, 11, '2017-06-04 21:53:38', '2017-06-05 16:59:04', '2017-06-05 16:59:04'),
(1546, 1, 6, 1, '2017-06-04 21:53:38', '2017-06-05 16:59:04', '2017-06-05 16:59:04'),
(1547, 1, 6, 2, '2017-06-04 21:53:38', '2017-06-05 16:59:04', '2017-06-05 16:59:04'),
(1548, 1, 6, 3, '2017-06-04 21:53:38', '2017-06-05 16:59:04', '2017-06-05 16:59:04'),
(1549, 1, 6, 4, '2017-06-04 21:53:38', '2017-06-05 16:59:04', '2017-06-05 16:59:04'),
(1550, 1, 7, 1, '2017-06-04 21:53:38', '2017-06-05 16:59:04', '2017-06-05 16:59:04'),
(1551, 1, 7, 2, '2017-06-04 21:53:38', '2017-06-05 16:59:04', '2017-06-05 16:59:04'),
(1552, 1, 7, 3, '2017-06-04 21:53:38', '2017-06-05 16:59:04', '2017-06-05 16:59:04'),
(1553, 1, 7, 4, '2017-06-04 21:53:38', '2017-06-05 16:59:04', '2017-06-05 16:59:04'),
(1554, 1, 8, 1, '2017-06-04 21:53:38', '2017-06-05 16:59:04', '2017-06-05 16:59:04'),
(1555, 1, 8, 2, '2017-06-04 21:53:38', '2017-06-05 16:59:04', '2017-06-05 16:59:04'),
(1556, 1, 8, 3, '2017-06-04 21:53:39', '2017-06-05 16:59:04', '2017-06-05 16:59:04'),
(1557, 1, 8, 4, '2017-06-04 21:53:39', '2017-06-05 16:59:04', '2017-06-05 16:59:04'),
(1558, 1, 9, 1, '2017-06-04 21:53:39', '2017-06-05 16:59:04', '2017-06-05 16:59:04'),
(1559, 1, 9, 2, '2017-06-04 21:53:39', '2017-06-05 16:59:04', '2017-06-05 16:59:04'),
(1560, 1, 9, 3, '2017-06-04 21:53:39', '2017-06-05 16:59:04', '2017-06-05 16:59:04'),
(1561, 1, 9, 4, '2017-06-04 21:53:39', '2017-06-05 16:59:04', '2017-06-05 16:59:04'),
(1562, 1, 10, 1, '2017-06-04 21:53:39', '2017-06-05 16:59:04', '2017-06-05 16:59:04'),
(1563, 1, 10, 2, '2017-06-04 21:53:39', '2017-06-05 16:59:04', '2017-06-05 16:59:04'),
(1564, 1, 10, 3, '2017-06-04 21:53:39', '2017-06-05 16:59:04', '2017-06-05 16:59:04'),
(1565, 1, 10, 4, '2017-06-04 21:53:39', '2017-06-05 16:59:04', '2017-06-05 16:59:04'),
(1566, 1, 10, 5, '2017-06-04 21:53:39', '2017-06-05 16:59:04', '2017-06-05 16:59:04'),
(1571, 1, 11, 1, '2017-06-04 21:53:39', '2017-06-05 16:59:04', '2017-06-05 16:59:04'),
(1572, 1, 11, 2, '2017-06-04 21:53:39', '2017-06-05 16:59:04', '2017-06-05 16:59:04'),
(1573, 1, 11, 3, '2017-06-04 21:53:39', '2017-06-05 16:59:04', '2017-06-05 16:59:04'),
(1574, 1, 11, 4, '2017-06-04 21:53:39', '2017-06-05 16:59:04', '2017-06-05 16:59:04'),
(1575, 1, 12, 1, '2017-06-04 21:53:39', '2017-06-05 16:59:04', '2017-06-05 16:59:04'),
(1576, 1, 12, 2, '2017-06-04 21:53:39', '2017-06-05 16:59:04', '2017-06-05 16:59:04'),
(1577, 1, 12, 3, '2017-06-04 21:53:39', '2017-06-05 16:59:04', '2017-06-05 16:59:04'),
(1578, 1, 12, 4, '2017-06-04 21:53:40', '2017-06-05 16:59:04', '2017-06-05 16:59:04'),
(1579, 1, 12, 10, '2017-06-04 21:53:40', '2017-06-05 16:59:04', '2017-06-05 16:59:04'),
(1580, 1, 12, 11, '2017-06-04 21:53:40', '2017-06-05 16:59:04', '2017-06-05 16:59:04'),
(1581, 1, 13, 1, '2017-06-04 21:53:40', '2017-06-05 16:59:04', '2017-06-05 16:59:04'),
(1582, 1, 13, 2, '2017-06-04 21:53:40', '2017-06-05 16:59:04', '2017-06-05 16:59:04'),
(1583, 1, 13, 3, '2017-06-04 21:53:40', '2017-06-05 16:59:04', '2017-06-05 16:59:04'),
(1584, 1, 13, 4, '2017-06-04 21:53:40', '2017-06-05 16:59:04', '2017-06-05 16:59:04'),
(1585, 1, 13, 5, '2017-06-04 21:53:40', '2017-06-05 16:59:04', '2017-06-05 16:59:04'),
(1586, 1, 13, 10, '2017-06-04 21:53:40', '2017-06-05 16:59:04', '2017-06-05 16:59:04'),
(1587, 1, 13, 11, '2017-06-04 21:53:40', '2017-06-05 16:59:04', '2017-06-05 16:59:04'),
(1588, 1, 14, 1, '2017-06-04 21:53:40', '2017-06-05 16:59:04', '2017-06-05 16:59:04'),
(1589, 1, 14, 2, '2017-06-04 21:53:40', '2017-06-05 16:59:04', '2017-06-05 16:59:04'),
(1590, 1, 14, 3, '2017-06-04 21:53:40', '2017-06-05 16:59:04', '2017-06-05 16:59:04'),
(1591, 1, 14, 4, '2017-06-04 21:53:40', '2017-06-05 16:59:04', '2017-06-05 16:59:04'),
(1592, 1, 15, 1, '2017-06-04 21:53:40', '2017-06-05 16:59:04', '2017-06-05 16:59:04'),
(1593, 1, 15, 2, '2017-06-04 21:53:40', '2017-06-05 16:59:04', '2017-06-05 16:59:04'),
(1594, 1, 15, 3, '2017-06-04 21:53:40', '2017-06-05 16:59:04', '2017-06-05 16:59:04'),
(1595, 1, 15, 4, '2017-06-04 21:53:40', '2017-06-05 16:59:04', '2017-06-05 16:59:04'),
(1596, 1, 15, 10, '2017-06-04 21:53:40', '2017-06-05 16:59:04', '2017-06-05 16:59:04'),
(1597, 1, 15, 11, '2017-06-04 21:53:40', '2017-06-05 16:59:04', '2017-06-05 16:59:04'),
(1598, 1, 15, 16, '2017-06-04 21:53:40', '2017-06-05 16:59:04', '2017-06-05 16:59:04'),
(1599, 1, 16, 1, '2017-06-04 21:53:40', '2017-06-05 16:59:04', '2017-06-05 16:59:04'),
(1600, 1, 16, 2, '2017-06-04 21:53:41', '2017-06-05 16:59:04', '2017-06-05 16:59:04'),
(1601, 1, 16, 3, '2017-06-04 21:53:41', '2017-06-05 16:59:04', '2017-06-05 16:59:04'),
(1602, 1, 16, 4, '2017-06-04 21:53:41', '2017-06-05 16:59:04', '2017-06-05 16:59:04'),
(1603, 1, 16, 10, '2017-06-04 21:53:41', '2017-06-05 16:59:04', '2017-06-05 16:59:04'),
(1604, 1, 16, 11, '2017-06-04 21:53:41', '2017-06-05 16:59:04', '2017-06-05 16:59:04'),
(1605, 1, 16, 16, '2017-06-04 21:53:41', '2017-06-05 16:59:04', '2017-06-05 16:59:04'),
(1606, 1, 17, 1, '2017-06-04 21:53:41', '2017-06-05 16:59:04', '2017-06-05 16:59:04'),
(1607, 1, 17, 2, '2017-06-04 21:53:41', '2017-06-05 16:59:04', '2017-06-05 16:59:04'),
(1608, 1, 17, 3, '2017-06-04 21:53:41', '2017-06-05 16:59:04', '2017-06-05 16:59:04'),
(1609, 1, 17, 4, '2017-06-04 21:53:41', '2017-06-05 16:59:04', '2017-06-05 16:59:04'),
(1610, 1, 17, 10, '2017-06-04 21:53:41', '2017-06-05 16:59:04', '2017-06-05 16:59:04'),
(1611, 1, 17, 11, '2017-06-04 21:53:41', '2017-06-05 16:59:04', '2017-06-05 16:59:04'),
(1612, 1, 17, 16, '2017-06-04 21:53:41', '2017-06-05 16:59:04', '2017-06-05 16:59:04'),
(1613, 1, 18, 1, '2017-06-04 21:53:41', '2017-06-05 16:59:04', '2017-06-05 16:59:04'),
(1614, 1, 18, 2, '2017-06-04 21:53:41', '2017-06-05 16:59:04', '2017-06-05 16:59:04'),
(1615, 1, 18, 3, '2017-06-04 21:53:41', '2017-06-05 16:59:04', '2017-06-05 16:59:04'),
(1616, 1, 18, 4, '2017-06-04 21:53:41', '2017-06-05 16:59:04', '2017-06-05 16:59:04'),
(1617, 1, 19, 1, '2017-06-04 21:53:41', '2017-06-05 16:59:04', '2017-06-05 16:59:04'),
(1618, 1, 19, 2, '2017-06-04 21:53:41', '2017-06-05 16:59:04', '2017-06-05 16:59:04'),
(1619, 1, 19, 3, '2017-06-04 21:53:41', '2017-06-05 16:59:04', '2017-06-05 16:59:04'),
(1620, 1, 19, 4, '2017-06-04 21:53:41', '2017-06-05 16:59:04', '2017-06-05 16:59:04'),
(1621, 1, 20, 1, '2017-06-04 21:53:41', '2017-06-05 16:59:04', '2017-06-05 16:59:04'),
(1622, 1, 20, 2, '2017-06-04 21:53:41', '2017-06-05 16:59:04', '2017-06-05 16:59:04'),
(1623, 1, 20, 3, '2017-06-04 21:53:41', '2017-06-05 16:59:04', '2017-06-05 16:59:04'),
(1624, 1, 20, 4, '2017-06-04 21:53:41', '2017-06-05 16:59:04', '2017-06-05 16:59:04'),
(1625, 1, 21, 1, '2017-06-04 21:53:42', '2017-06-05 16:59:04', '2017-06-05 16:59:04'),
(1626, 1, 21, 2, '2017-06-04 21:53:42', '2017-06-05 16:59:04', '2017-06-05 16:59:04'),
(1627, 1, 21, 3, '2017-06-04 21:53:42', '2017-06-05 16:59:04', '2017-06-05 16:59:04'),
(1628, 1, 21, 4, '2017-06-04 21:53:42', '2017-06-05 16:59:04', '2017-06-05 16:59:04'),
(1629, 29, 5, 1, '2017-06-04 21:54:32', '2017-06-05 00:30:05', '2017-06-05 00:30:05'),
(1630, 29, 5, 11, '2017-06-04 21:54:32', '2017-06-05 00:30:05', '2017-06-05 00:30:05'),
(1631, 29, 9, 1, '2017-06-04 21:54:32', '2017-06-05 00:30:05', '2017-06-05 00:30:05'),
(1632, 29, 9, 11, '2017-06-04 21:54:32', '2017-06-05 00:30:05', '2017-06-05 00:30:05'),
(1633, 29, 10, 1, '2017-06-04 21:54:32', '2017-06-05 00:30:05', '2017-06-05 00:30:05'),
(1636, 29, 11, 1, '2017-06-04 21:54:32', '2017-06-05 00:30:05', '2017-06-05 00:30:05'),
(1637, 29, 12, 1, '2017-06-04 21:54:33', '2017-06-05 00:30:05', '2017-06-05 00:30:05'),
(1638, 29, 12, 11, '2017-06-04 21:54:33', '2017-06-05 00:30:05', '2017-06-05 00:30:05'),
(1639, 29, 13, 1, '2017-06-04 21:54:33', '2017-06-05 00:30:05', '2017-06-05 00:30:05'),
(1640, 29, 13, 11, '2017-06-04 21:54:33', '2017-06-05 00:30:05', '2017-06-05 00:30:05'),
(1641, 29, 14, 1, '2017-06-04 21:54:33', '2017-06-05 00:30:05', '2017-06-05 00:30:05'),
(1642, 29, 15, 1, '2017-06-04 21:54:33', '2017-06-05 00:30:05', '2017-06-05 00:30:05'),
(1643, 29, 15, 11, '2017-06-04 21:54:33', '2017-06-05 00:30:05', '2017-06-05 00:30:05'),
(1644, 29, 15, 16, '2017-06-04 21:54:33', '2017-06-05 00:30:05', '2017-06-05 00:30:05'),
(1645, 29, 16, 1, '2017-06-04 21:54:33', '2017-06-05 00:30:05', '2017-06-05 00:30:05'),
(1646, 29, 16, 11, '2017-06-04 21:54:33', '2017-06-05 00:30:05', '2017-06-05 00:30:05'),
(1647, 29, 16, 16, '2017-06-04 21:54:33', '2017-06-05 00:30:05', '2017-06-05 00:30:05'),
(1648, 29, 17, 1, '2017-06-04 21:54:33', '2017-06-05 00:30:05', '2017-06-05 00:30:05'),
(1649, 29, 17, 11, '2017-06-04 21:54:33', '2017-06-05 00:30:05', '2017-06-05 00:30:05'),
(1650, 29, 17, 16, '2017-06-04 21:54:33', '2017-06-05 00:30:05', '2017-06-05 00:30:05'),
(1651, 31, 5, 1, '2017-06-05 00:03:04', '2017-06-05 00:03:07', '2017-06-05 00:03:07'),
(1652, 31, 5, 2, '2017-06-05 00:03:04', '2017-06-05 00:03:07', '2017-06-05 00:03:07'),
(1653, 31, 5, 3, '2017-06-05 00:03:04', '2017-06-05 00:03:07', '2017-06-05 00:03:07'),
(1655, 31, 9, 1, '2017-06-05 00:03:04', '2017-06-05 00:03:07', '2017-06-05 00:03:07'),
(1656, 31, 9, 2, '2017-06-05 00:03:04', '2017-06-05 00:03:07', '2017-06-05 00:03:07'),
(1657, 31, 9, 3, '2017-06-05 00:03:04', '2017-06-05 00:03:07', '2017-06-05 00:03:07'),
(1658, 31, 10, 1, '2017-06-05 00:03:04', '2017-06-05 00:03:07', '2017-06-05 00:03:07'),
(1659, 31, 10, 2, '2017-06-05 00:03:04', '2017-06-05 00:03:07', '2017-06-05 00:03:07'),
(1661, 31, 11, 1, '2017-06-05 00:03:04', '2017-06-05 00:03:07', '2017-06-05 00:03:07'),
(1662, 31, 12, 1, '2017-06-05 00:03:04', '2017-06-05 00:03:07', '2017-06-05 00:03:07'),
(1663, 31, 12, 2, '2017-06-05 00:03:04', '2017-06-05 00:03:07', '2017-06-05 00:03:07'),
(1664, 31, 13, 1, '2017-06-05 00:03:04', '2017-06-05 00:03:07', '2017-06-05 00:03:07'),
(1665, 31, 13, 2, '2017-06-05 00:03:05', '2017-06-05 00:03:07', '2017-06-05 00:03:07'),
(1666, 31, 14, 1, '2017-06-05 00:03:05', '2017-06-05 00:03:07', '2017-06-05 00:03:07'),
(1667, 31, 15, 1, '2017-06-05 00:03:05', '2017-06-05 00:03:07', '2017-06-05 00:03:07'),
(1668, 31, 15, 2, '2017-06-05 00:03:05', '2017-06-05 00:03:07', '2017-06-05 00:03:07'),
(1669, 31, 16, 1, '2017-06-05 00:03:05', '2017-06-05 00:03:07', '2017-06-05 00:03:07'),
(1670, 31, 16, 2, '2017-06-05 00:03:05', '2017-06-05 00:03:07', '2017-06-05 00:03:07'),
(1671, 31, 16, 16, '2017-06-05 00:03:05', '2017-06-05 00:03:07', '2017-06-05 00:03:07'),
(1672, 31, 17, 1, '2017-06-05 00:03:05', '2017-06-05 00:03:07', '2017-06-05 00:03:07'),
(1673, 31, 17, 2, '2017-06-05 00:03:05', '2017-06-05 00:03:07', '2017-06-05 00:03:07'),
(1674, 31, 5, 1, '2017-06-05 00:03:07', '2017-06-05 00:04:44', '2017-06-05 00:04:44'),
(1675, 31, 5, 2, '2017-06-05 00:03:07', '2017-06-05 00:04:44', '2017-06-05 00:04:44'),
(1676, 31, 5, 3, '2017-06-05 00:03:07', '2017-06-05 00:04:44', '2017-06-05 00:04:44'),
(1678, 31, 9, 1, '2017-06-05 00:03:07', '2017-06-05 00:04:44', '2017-06-05 00:04:44'),
(1679, 31, 9, 2, '2017-06-05 00:03:07', '2017-06-05 00:04:44', '2017-06-05 00:04:44'),
(1680, 31, 9, 3, '2017-06-05 00:03:07', '2017-06-05 00:04:44', '2017-06-05 00:04:44'),
(1681, 31, 10, 1, '2017-06-05 00:03:07', '2017-06-05 00:04:44', '2017-06-05 00:04:44'),
(1682, 31, 10, 2, '2017-06-05 00:03:07', '2017-06-05 00:04:44', '2017-06-05 00:04:44'),
(1684, 31, 11, 1, '2017-06-05 00:03:07', '2017-06-05 00:04:44', '2017-06-05 00:04:44'),
(1685, 31, 12, 1, '2017-06-05 00:03:07', '2017-06-05 00:04:44', '2017-06-05 00:04:44'),
(1686, 31, 12, 2, '2017-06-05 00:03:07', '2017-06-05 00:04:44', '2017-06-05 00:04:44'),
(1687, 31, 13, 1, '2017-06-05 00:03:07', '2017-06-05 00:04:44', '2017-06-05 00:04:44'),
(1688, 31, 13, 2, '2017-06-05 00:03:07', '2017-06-05 00:04:44', '2017-06-05 00:04:44'),
(1689, 31, 14, 1, '2017-06-05 00:03:07', '2017-06-05 00:04:44', '2017-06-05 00:04:44'),
(1690, 31, 15, 1, '2017-06-05 00:03:07', '2017-06-05 00:04:44', '2017-06-05 00:04:44'),
(1691, 31, 15, 2, '2017-06-05 00:03:07', '2017-06-05 00:04:44', '2017-06-05 00:04:44'),
(1692, 31, 16, 1, '2017-06-05 00:03:07', '2017-06-05 00:04:44', '2017-06-05 00:04:44'),
(1693, 31, 16, 2, '2017-06-05 00:03:07', '2017-06-05 00:04:44', '2017-06-05 00:04:44'),
(1694, 31, 16, 16, '2017-06-05 00:03:08', '2017-06-05 00:04:44', '2017-06-05 00:04:44'),
(1695, 31, 17, 1, '2017-06-05 00:03:08', '2017-06-05 00:04:44', '2017-06-05 00:04:44'),
(1696, 31, 17, 2, '2017-06-05 00:03:08', '2017-06-05 00:04:44', '2017-06-05 00:04:44'),
(1697, 31, 5, 1, '2017-06-05 00:04:44', '2017-06-05 00:18:48', '2017-06-05 00:18:48'),
(1698, 31, 5, 2, '2017-06-05 00:04:44', '2017-06-05 00:18:48', '2017-06-05 00:18:48'),
(1699, 31, 5, 3, '2017-06-05 00:04:44', '2017-06-05 00:18:48', '2017-06-05 00:18:48'),
(1701, 31, 9, 1, '2017-06-05 00:04:44', '2017-06-05 00:18:48', '2017-06-05 00:18:48'),
(1702, 31, 9, 2, '2017-06-05 00:04:44', '2017-06-05 00:18:48', '2017-06-05 00:18:48'),
(1703, 31, 9, 3, '2017-06-05 00:04:45', '2017-06-05 00:18:48', '2017-06-05 00:18:48'),
(1704, 31, 10, 1, '2017-06-05 00:04:45', '2017-06-05 00:18:48', '2017-06-05 00:18:48'),
(1705, 31, 10, 2, '2017-06-05 00:04:45', '2017-06-05 00:18:48', '2017-06-05 00:18:48'),
(1707, 31, 11, 1, '2017-06-05 00:04:45', '2017-06-05 00:18:48', '2017-06-05 00:18:48'),
(1708, 31, 12, 1, '2017-06-05 00:04:45', '2017-06-05 00:18:48', '2017-06-05 00:18:48'),
(1709, 31, 12, 2, '2017-06-05 00:04:45', '2017-06-05 00:18:48', '2017-06-05 00:18:48'),
(1710, 31, 13, 1, '2017-06-05 00:04:45', '2017-06-05 00:18:48', '2017-06-05 00:18:48'),
(1711, 31, 13, 2, '2017-06-05 00:04:45', '2017-06-05 00:18:48', '2017-06-05 00:18:48'),
(1712, 31, 14, 1, '2017-06-05 00:04:45', '2017-06-05 00:18:48', '2017-06-05 00:18:48'),
(1713, 31, 15, 1, '2017-06-05 00:04:45', '2017-06-05 00:18:48', '2017-06-05 00:18:48'),
(1714, 31, 15, 2, '2017-06-05 00:04:45', '2017-06-05 00:18:48', '2017-06-05 00:18:48'),
(1715, 31, 16, 1, '2017-06-05 00:04:45', '2017-06-05 00:18:48', '2017-06-05 00:18:48'),
(1716, 31, 16, 2, '2017-06-05 00:04:45', '2017-06-05 00:18:48', '2017-06-05 00:18:48'),
(1717, 31, 16, 3, '2017-06-05 00:04:45', '2017-06-05 00:18:48', '2017-06-05 00:18:48'),
(1718, 31, 16, 16, '2017-06-05 00:04:45', '2017-06-05 00:18:48', '2017-06-05 00:18:48'),
(1719, 31, 17, 1, '2017-06-05 00:04:45', '2017-06-05 00:18:48', '2017-06-05 00:18:48'),
(1720, 31, 17, 2, '2017-06-05 00:04:45', '2017-06-05 00:18:48', '2017-06-05 00:18:48'),
(1721, 31, 5, 1, '2017-06-05 00:18:48', '2017-06-05 00:25:06', '2017-06-05 00:25:06'),
(1722, 31, 5, 2, '2017-06-05 00:18:48', '2017-06-05 00:25:06', '2017-06-05 00:25:06'),
(1723, 31, 5, 3, '2017-06-05 00:18:48', '2017-06-05 00:25:06', '2017-06-05 00:25:06'),
(1725, 31, 9, 1, '2017-06-05 00:18:48', '2017-06-05 00:25:06', '2017-06-05 00:25:06'),
(1726, 31, 9, 2, '2017-06-05 00:18:48', '2017-06-05 00:25:06', '2017-06-05 00:25:06'),
(1727, 31, 9, 3, '2017-06-05 00:18:48', '2017-06-05 00:25:06', '2017-06-05 00:25:06'),
(1728, 31, 10, 1, '2017-06-05 00:18:48', '2017-06-05 00:25:06', '2017-06-05 00:25:06'),
(1729, 31, 10, 2, '2017-06-05 00:18:48', '2017-06-05 00:25:06', '2017-06-05 00:25:06'),
(1731, 31, 11, 1, '2017-06-05 00:18:48', '2017-06-05 00:25:06', '2017-06-05 00:25:06'),
(1732, 31, 12, 1, '2017-06-05 00:18:48', '2017-06-05 00:25:06', '2017-06-05 00:25:06'),
(1733, 31, 12, 2, '2017-06-05 00:18:48', '2017-06-05 00:25:06', '2017-06-05 00:25:06'),
(1734, 31, 13, 1, '2017-06-05 00:18:49', '2017-06-05 00:25:06', '2017-06-05 00:25:06'),
(1735, 31, 13, 2, '2017-06-05 00:18:49', '2017-06-05 00:25:06', '2017-06-05 00:25:06'),
(1736, 31, 14, 1, '2017-06-05 00:18:49', '2017-06-05 00:25:06', '2017-06-05 00:25:06'),
(1737, 31, 15, 1, '2017-06-05 00:18:49', '2017-06-05 00:25:06', '2017-06-05 00:25:06'),
(1738, 31, 15, 2, '2017-06-05 00:18:49', '2017-06-05 00:25:06', '2017-06-05 00:25:06'),
(1739, 31, 16, 1, '2017-06-05 00:18:49', '2017-06-05 00:25:06', '2017-06-05 00:25:06'),
(1740, 31, 16, 2, '2017-06-05 00:18:49', '2017-06-05 00:25:06', '2017-06-05 00:25:06'),
(1741, 31, 16, 3, '2017-06-05 00:18:49', '2017-06-05 00:25:06', '2017-06-05 00:25:06'),
(1742, 31, 16, 16, '2017-06-05 00:18:49', '2017-06-05 00:25:06', '2017-06-05 00:25:06'),
(1743, 31, 17, 1, '2017-06-05 00:18:49', '2017-06-05 00:25:06', '2017-06-05 00:25:06'),
(1744, 31, 17, 2, '2017-06-05 00:18:49', '2017-06-05 00:25:06', '2017-06-05 00:25:06'),
(1745, 31, 17, 3, '2017-06-05 00:18:49', '2017-06-05 00:25:06', '2017-06-05 00:25:06'),
(1746, 31, 5, 1, '2017-06-05 00:25:06', '2017-06-05 05:30:34', '2017-06-05 05:30:34'),
(1747, 31, 5, 2, '2017-06-05 00:25:07', '2017-06-05 05:30:34', '2017-06-05 05:30:34'),
(1748, 31, 5, 3, '2017-06-05 00:25:07', '2017-06-05 05:30:34', '2017-06-05 05:30:34'),
(1750, 31, 9, 1, '2017-06-05 00:25:07', '2017-06-05 05:30:34', '2017-06-05 05:30:34'),
(1751, 31, 9, 2, '2017-06-05 00:25:07', '2017-06-05 05:30:34', '2017-06-05 05:30:34'),
(1752, 31, 9, 3, '2017-06-05 00:25:07', '2017-06-05 05:30:34', '2017-06-05 05:30:34'),
(1753, 31, 10, 1, '2017-06-05 00:25:07', '2017-06-05 05:30:34', '2017-06-05 05:30:34'),
(1754, 31, 10, 2, '2017-06-05 00:25:07', '2017-06-05 05:30:34', '2017-06-05 05:30:34'),
(1756, 31, 11, 1, '2017-06-05 00:25:07', '2017-06-05 05:30:34', '2017-06-05 05:30:34'),
(1757, 31, 12, 1, '2017-06-05 00:25:07', '2017-06-05 05:30:34', '2017-06-05 05:30:34'),
(1758, 31, 12, 2, '2017-06-05 00:25:07', '2017-06-05 05:30:34', '2017-06-05 05:30:34'),
(1759, 31, 13, 1, '2017-06-05 00:25:07', '2017-06-05 05:30:34', '2017-06-05 05:30:34'),
(1760, 31, 13, 2, '2017-06-05 00:25:07', '2017-06-05 05:30:34', '2017-06-05 05:30:34'),
(1761, 31, 14, 1, '2017-06-05 00:25:07', '2017-06-05 05:30:34', '2017-06-05 05:30:34'),
(1762, 31, 15, 1, '2017-06-05 00:25:07', '2017-06-05 05:30:34', '2017-06-05 05:30:34'),
(1763, 31, 15, 2, '2017-06-05 00:25:07', '2017-06-05 05:30:34', '2017-06-05 05:30:34'),
(1764, 31, 16, 1, '2017-06-05 00:25:07', '2017-06-05 05:30:34', '2017-06-05 05:30:34'),
(1765, 31, 16, 2, '2017-06-05 00:25:07', '2017-06-05 05:30:34', '2017-06-05 05:30:34'),
(1766, 31, 16, 3, '2017-06-05 00:25:07', '2017-06-05 05:30:34', '2017-06-05 05:30:34'),
(1767, 31, 16, 16, '2017-06-05 00:25:07', '2017-06-05 05:30:34', '2017-06-05 05:30:34'),
(1768, 31, 17, 1, '2017-06-05 00:25:07', '2017-06-05 05:30:34', '2017-06-05 05:30:34'),
(1769, 31, 17, 2, '2017-06-05 00:25:07', '2017-06-05 05:30:34', '2017-06-05 05:30:34'),
(1770, 31, 17, 3, '2017-06-05 00:25:07', '2017-06-05 05:30:34', '2017-06-05 05:30:34'),
(1771, 31, 17, 16, '2017-06-05 00:25:08', '2017-06-05 05:30:34', '2017-06-05 05:30:34'),
(1772, 29, 5, 1, '2017-06-05 00:30:05', '2017-06-05 06:41:05', '2017-06-05 06:41:05'),
(1773, 29, 5, 11, '2017-06-05 00:30:05', '2017-06-05 06:41:05', '2017-06-05 06:41:05'),
(1774, 29, 9, 1, '2017-06-05 00:30:05', '2017-06-05 06:41:05', '2017-06-05 06:41:05'),
(1775, 29, 9, 11, '2017-06-05 00:30:05', '2017-06-05 06:41:05', '2017-06-05 06:41:05'),
(1776, 29, 10, 1, '2017-06-05 00:30:05', '2017-06-05 06:41:05', '2017-06-05 06:41:05'),
(1779, 29, 11, 1, '2017-06-05 00:30:05', '2017-06-05 06:41:05', '2017-06-05 06:41:05'),
(1780, 29, 12, 1, '2017-06-05 00:30:05', '2017-06-05 06:41:05', '2017-06-05 06:41:05'),
(1781, 29, 12, 11, '2017-06-05 00:30:05', '2017-06-05 06:41:05', '2017-06-05 06:41:05'),
(1782, 29, 13, 1, '2017-06-05 00:30:05', '2017-06-05 06:41:05', '2017-06-05 06:41:05'),
(1783, 29, 13, 11, '2017-06-05 00:30:05', '2017-06-05 06:41:05', '2017-06-05 06:41:05'),
(1784, 29, 14, 1, '2017-06-05 00:30:05', '2017-06-05 06:41:05', '2017-06-05 06:41:05'),
(1785, 29, 15, 1, '2017-06-05 00:30:05', '2017-06-05 06:41:05', '2017-06-05 06:41:05'),
(1786, 29, 15, 11, '2017-06-05 00:30:05', '2017-06-05 06:41:05', '2017-06-05 06:41:05'),
(1787, 29, 15, 16, '2017-06-05 00:30:05', '2017-06-05 06:41:05', '2017-06-05 06:41:05'),
(1788, 29, 16, 1, '2017-06-05 00:30:05', '2017-06-05 06:41:05', '2017-06-05 06:41:05'),
(1789, 29, 16, 11, '2017-06-05 00:30:05', '2017-06-05 06:41:05', '2017-06-05 06:41:05'),
(1790, 29, 16, 16, '2017-06-05 00:30:05', '2017-06-05 06:41:05', '2017-06-05 06:41:05'),
(1791, 29, 17, 1, '2017-06-05 00:30:05', '2017-06-05 06:41:05', '2017-06-05 06:41:05'),
(1792, 29, 17, 11, '2017-06-05 00:30:06', '2017-06-05 06:41:05', '2017-06-05 06:41:05'),
(1793, 31, 5, 1, '2017-06-05 05:30:34', '2017-06-05 06:45:09', '2017-06-05 06:45:09'),
(1794, 31, 5, 2, '2017-06-05 05:30:34', '2017-06-05 06:45:09', '2017-06-05 06:45:09'),
(1795, 31, 5, 3, '2017-06-05 05:30:34', '2017-06-05 06:45:09', '2017-06-05 06:45:09'),
(1797, 31, 9, 1, '2017-06-05 05:30:34', '2017-06-05 06:45:09', '2017-06-05 06:45:09'),
(1798, 31, 9, 2, '2017-06-05 05:30:34', '2017-06-05 06:45:09', '2017-06-05 06:45:09'),
(1799, 31, 9, 3, '2017-06-05 05:30:34', '2017-06-05 06:45:09', '2017-06-05 06:45:09'),
(1800, 31, 10, 1, '2017-06-05 05:30:34', '2017-06-05 06:45:09', '2017-06-05 06:45:09'),
(1801, 31, 10, 2, '2017-06-05 05:30:34', '2017-06-05 06:45:09', '2017-06-05 06:45:09'),
(1802, 31, 10, 3, '2017-06-05 05:30:34', '2017-06-05 06:45:09', '2017-06-05 06:45:09'),
(1804, 31, 11, 1, '2017-06-05 05:30:34', '2017-06-05 06:45:09', '2017-06-05 06:45:09'),
(1805, 31, 12, 1, '2017-06-05 05:30:34', '2017-06-05 06:45:09', '2017-06-05 06:45:09'),
(1806, 31, 12, 2, '2017-06-05 05:30:34', '2017-06-05 06:45:09', '2017-06-05 06:45:09'),
(1807, 31, 12, 3, '2017-06-05 05:30:34', '2017-06-05 06:45:09', '2017-06-05 06:45:09'),
(1808, 31, 13, 1, '2017-06-05 05:30:34', '2017-06-05 06:45:09', '2017-06-05 06:45:09'),
(1809, 31, 13, 2, '2017-06-05 05:30:34', '2017-06-05 06:45:09', '2017-06-05 06:45:09'),
(1810, 31, 13, 3, '2017-06-05 05:30:34', '2017-06-05 06:45:09', '2017-06-05 06:45:09'),
(1811, 31, 14, 1, '2017-06-05 05:30:34', '2017-06-05 06:45:09', '2017-06-05 06:45:09'),
(1812, 31, 15, 1, '2017-06-05 05:30:34', '2017-06-05 06:45:09', '2017-06-05 06:45:09'),
(1813, 31, 15, 2, '2017-06-05 05:30:34', '2017-06-05 06:45:09', '2017-06-05 06:45:09'),
(1814, 31, 15, 3, '2017-06-05 05:30:34', '2017-06-05 06:45:09', '2017-06-05 06:45:09'),
(1815, 31, 16, 1, '2017-06-05 05:30:35', '2017-06-05 06:45:09', '2017-06-05 06:45:09'),
(1816, 31, 16, 2, '2017-06-05 05:30:35', '2017-06-05 06:45:09', '2017-06-05 06:45:09'),
(1817, 31, 16, 3, '2017-06-05 05:30:35', '2017-06-05 06:45:09', '2017-06-05 06:45:09'),
(1818, 31, 16, 16, '2017-06-05 05:30:35', '2017-06-05 06:45:09', '2017-06-05 06:45:09'),
(1819, 31, 17, 1, '2017-06-05 05:30:35', '2017-06-05 06:45:09', '2017-06-05 06:45:09'),
(1820, 31, 17, 2, '2017-06-05 05:30:35', '2017-06-05 06:45:09', '2017-06-05 06:45:09'),
(1821, 31, 17, 3, '2017-06-05 05:30:35', '2017-06-05 06:45:09', '2017-06-05 06:45:09'),
(1822, 31, 17, 16, '2017-06-05 05:30:35', '2017-06-05 06:45:09', '2017-06-05 06:45:09'),
(1823, 31, 18, 1, '2017-06-05 05:30:35', '2017-06-05 06:45:09', '2017-06-05 06:45:09'),
(1824, 31, 18, 2, '2017-06-05 05:30:35', '2017-06-05 06:45:09', '2017-06-05 06:45:09'),
(1825, 31, 18, 3, '2017-06-05 05:30:35', '2017-06-05 06:45:09', '2017-06-05 06:45:09'),
(1826, 29, 5, 1, '2017-06-05 06:41:05', '2017-06-05 06:41:42', '2017-06-05 06:41:42'),
(1827, 29, 5, 11, '2017-06-05 06:41:05', '2017-06-05 06:41:42', '2017-06-05 06:41:42'),
(1828, 29, 9, 1, '2017-06-05 06:41:05', '2017-06-05 06:41:42', '2017-06-05 06:41:42'),
(1829, 29, 9, 11, '2017-06-05 06:41:05', '2017-06-05 06:41:42', '2017-06-05 06:41:42'),
(1830, 29, 10, 1, '2017-06-05 06:41:05', '2017-06-05 06:41:42', '2017-06-05 06:41:42'),
(1833, 29, 11, 1, '2017-06-05 06:41:05', '2017-06-05 06:41:42', '2017-06-05 06:41:42'),
(1834, 29, 12, 1, '2017-06-05 06:41:05', '2017-06-05 06:41:42', '2017-06-05 06:41:42'),
(1835, 29, 12, 11, '2017-06-05 06:41:05', '2017-06-05 06:41:42', '2017-06-05 06:41:42'),
(1836, 29, 13, 1, '2017-06-05 06:41:05', '2017-06-05 06:41:42', '2017-06-05 06:41:42'),
(1837, 29, 13, 11, '2017-06-05 06:41:06', '2017-06-05 06:41:42', '2017-06-05 06:41:42'),
(1838, 29, 14, 1, '2017-06-05 06:41:06', '2017-06-05 06:41:42', '2017-06-05 06:41:42'),
(1839, 29, 15, 1, '2017-06-05 06:41:06', '2017-06-05 06:41:42', '2017-06-05 06:41:42'),
(1840, 29, 15, 11, '2017-06-05 06:41:06', '2017-06-05 06:41:42', '2017-06-05 06:41:42'),
(1841, 29, 15, 16, '2017-06-05 06:41:06', '2017-06-05 06:41:42', '2017-06-05 06:41:42'),
(1842, 29, 16, 1, '2017-06-05 06:41:06', '2017-06-05 06:41:42', '2017-06-05 06:41:42'),
(1843, 29, 16, 11, '2017-06-05 06:41:06', '2017-06-05 06:41:42', '2017-06-05 06:41:42'),
(1844, 29, 16, 16, '2017-06-05 06:41:06', '2017-06-05 06:41:42', '2017-06-05 06:41:42'),
(1845, 29, 17, 1, '2017-06-05 06:41:06', '2017-06-05 06:41:42', '2017-06-05 06:41:42'),
(1846, 29, 17, 11, '2017-06-05 06:41:06', '2017-06-05 06:41:42', '2017-06-05 06:41:42'),
(1847, 29, 17, 16, '2017-06-05 06:41:06', '2017-06-05 06:41:42', '2017-06-05 06:41:42'),
(1848, 29, 5, 1, '2017-06-05 06:41:42', '2017-06-05 06:42:09', '2017-06-05 06:42:09'),
(1849, 29, 5, 11, '2017-06-05 06:41:42', '2017-06-05 06:42:09', '2017-06-05 06:42:09'),
(1850, 29, 9, 1, '2017-06-05 06:41:42', '2017-06-05 06:42:09', '2017-06-05 06:42:09'),
(1851, 29, 9, 11, '2017-06-05 06:41:42', '2017-06-05 06:42:09', '2017-06-05 06:42:09'),
(1852, 29, 10, 1, '2017-06-05 06:41:42', '2017-06-05 06:42:09', '2017-06-05 06:42:09'),
(1855, 29, 11, 1, '2017-06-05 06:41:42', '2017-06-05 06:42:09', '2017-06-05 06:42:09'),
(1856, 29, 12, 1, '2017-06-05 06:41:42', '2017-06-05 06:42:09', '2017-06-05 06:42:09'),
(1857, 29, 12, 11, '2017-06-05 06:41:42', '2017-06-05 06:42:09', '2017-06-05 06:42:09'),
(1858, 29, 13, 1, '2017-06-05 06:41:42', '2017-06-05 06:42:09', '2017-06-05 06:42:09'),
(1859, 29, 13, 11, '2017-06-05 06:41:42', '2017-06-05 06:42:09', '2017-06-05 06:42:09'),
(1860, 29, 14, 1, '2017-06-05 06:41:42', '2017-06-05 06:42:09', '2017-06-05 06:42:09'),
(1861, 29, 15, 1, '2017-06-05 06:41:42', '2017-06-05 06:42:09', '2017-06-05 06:42:09'),
(1862, 29, 15, 11, '2017-06-05 06:41:43', '2017-06-05 06:42:09', '2017-06-05 06:42:09'),
(1863, 29, 15, 16, '2017-06-05 06:41:43', '2017-06-05 06:42:09', '2017-06-05 06:42:09'),
(1864, 29, 16, 1, '2017-06-05 06:41:43', '2017-06-05 06:42:09', '2017-06-05 06:42:09'),
(1865, 29, 16, 11, '2017-06-05 06:41:43', '2017-06-05 06:42:09', '2017-06-05 06:42:09'),
(1866, 29, 16, 16, '2017-06-05 06:41:43', '2017-06-05 06:42:09', '2017-06-05 06:42:09'),
(1867, 29, 17, 1, '2017-06-05 06:41:43', '2017-06-05 06:42:09', '2017-06-05 06:42:09'),
(1869, 29, 17, 11, '2017-06-05 06:41:43', '2017-06-05 06:42:09', '2017-06-05 06:42:09'),
(1870, 29, 5, 1, '2017-06-05 06:42:09', '2017-06-05 06:45:27', '2017-06-05 06:45:27'),
(1871, 29, 5, 11, '2017-06-05 06:42:09', '2017-06-05 06:45:27', '2017-06-05 06:45:27'),
(1872, 29, 9, 1, '2017-06-05 06:42:09', '2017-06-05 06:45:27', '2017-06-05 06:45:27'),
(1873, 29, 9, 11, '2017-06-05 06:42:09', '2017-06-05 06:45:27', '2017-06-05 06:45:27'),
(1874, 29, 10, 1, '2017-06-05 06:42:09', '2017-06-05 06:45:27', '2017-06-05 06:45:27'),
(1877, 29, 11, 1, '2017-06-05 06:42:09', '2017-06-05 06:45:27', '2017-06-05 06:45:27'),
(1878, 29, 12, 1, '2017-06-05 06:42:09', '2017-06-05 06:45:27', '2017-06-05 06:45:27'),
(1879, 29, 12, 11, '2017-06-05 06:42:09', '2017-06-05 06:45:27', '2017-06-05 06:45:27'),
(1880, 29, 13, 1, '2017-06-05 06:42:10', '2017-06-05 06:45:27', '2017-06-05 06:45:27'),
(1881, 29, 13, 11, '2017-06-05 06:42:10', '2017-06-05 06:45:27', '2017-06-05 06:45:27'),
(1882, 29, 14, 1, '2017-06-05 06:42:10', '2017-06-05 06:45:27', '2017-06-05 06:45:27'),
(1883, 29, 15, 1, '2017-06-05 06:42:10', '2017-06-05 06:45:27', '2017-06-05 06:45:27'),
(1884, 29, 15, 11, '2017-06-05 06:42:10', '2017-06-05 06:45:27', '2017-06-05 06:45:27'),
(1885, 29, 15, 16, '2017-06-05 06:42:10', '2017-06-05 06:45:27', '2017-06-05 06:45:27'),
(1886, 29, 16, 1, '2017-06-05 06:42:10', '2017-06-05 06:45:27', '2017-06-05 06:45:27'),
(1887, 29, 16, 11, '2017-06-05 06:42:10', '2017-06-05 06:45:27', '2017-06-05 06:45:27'),
(1888, 29, 16, 16, '2017-06-05 06:42:10', '2017-06-05 06:45:27', '2017-06-05 06:45:27'),
(1889, 29, 17, 1, '2017-06-05 06:42:10', '2017-06-05 06:45:27', '2017-06-05 06:45:27'),
(1890, 29, 17, 11, '2017-06-05 06:42:10', '2017-06-05 06:45:27', '2017-06-05 06:45:27'),
(1891, 31, 5, 1, '2017-06-05 06:45:09', '2017-06-05 06:46:04', '2017-06-05 06:46:04'),
(1892, 31, 5, 2, '2017-06-05 06:45:09', '2017-06-05 06:46:04', '2017-06-05 06:46:04'),
(1893, 31, 5, 3, '2017-06-05 06:45:09', '2017-06-05 06:46:04', '2017-06-05 06:46:04'),
(1895, 31, 9, 1, '2017-06-05 06:45:09', '2017-06-05 06:46:04', '2017-06-05 06:46:04'),
(1896, 31, 9, 2, '2017-06-05 06:45:09', '2017-06-05 06:46:04', '2017-06-05 06:46:04'),
(1897, 31, 9, 3, '2017-06-05 06:45:09', '2017-06-05 06:46:04', '2017-06-05 06:46:04'),
(1898, 31, 10, 1, '2017-06-05 06:45:09', '2017-06-05 06:46:04', '2017-06-05 06:46:04'),
(1899, 31, 10, 2, '2017-06-05 06:45:09', '2017-06-05 06:46:04', '2017-06-05 06:46:04'),
(1900, 31, 10, 3, '2017-06-05 06:45:09', '2017-06-05 06:46:04', '2017-06-05 06:46:04'),
(1902, 31, 11, 1, '2017-06-05 06:45:09', '2017-06-05 06:46:04', '2017-06-05 06:46:04'),
(1903, 31, 12, 1, '2017-06-05 06:45:09', '2017-06-05 06:46:04', '2017-06-05 06:46:04'),
(1904, 31, 12, 2, '2017-06-05 06:45:09', '2017-06-05 06:46:04', '2017-06-05 06:46:04'),
(1905, 31, 12, 3, '2017-06-05 06:45:09', '2017-06-05 06:46:04', '2017-06-05 06:46:04'),
(1906, 31, 13, 1, '2017-06-05 06:45:09', '2017-06-05 06:46:04', '2017-06-05 06:46:04'),
(1907, 31, 13, 2, '2017-06-05 06:45:09', '2017-06-05 06:46:04', '2017-06-05 06:46:04'),
(1908, 31, 13, 3, '2017-06-05 06:45:09', '2017-06-05 06:46:04', '2017-06-05 06:46:04'),
(1909, 31, 14, 1, '2017-06-05 06:45:09', '2017-06-05 06:46:04', '2017-06-05 06:46:04'),
(1910, 31, 15, 1, '2017-06-05 06:45:09', '2017-06-05 06:46:04', '2017-06-05 06:46:04'),
(1911, 31, 15, 2, '2017-06-05 06:45:10', '2017-06-05 06:46:04', '2017-06-05 06:46:04'),
(1912, 31, 15, 3, '2017-06-05 06:45:10', '2017-06-05 06:46:04', '2017-06-05 06:46:04'),
(1913, 31, 15, 16, '2017-06-05 06:45:10', '2017-06-05 06:46:04', '2017-06-05 06:46:04'),
(1914, 31, 16, 1, '2017-06-05 06:45:10', '2017-06-05 06:46:04', '2017-06-05 06:46:04'),
(1915, 31, 16, 2, '2017-06-05 06:45:10', '2017-06-05 06:46:04', '2017-06-05 06:46:04'),
(1916, 31, 16, 3, '2017-06-05 06:45:10', '2017-06-05 06:46:04', '2017-06-05 06:46:04'),
(1917, 31, 16, 16, '2017-06-05 06:45:10', '2017-06-05 06:46:04', '2017-06-05 06:46:04'),
(1918, 31, 17, 1, '2017-06-05 06:45:10', '2017-06-05 06:46:04', '2017-06-05 06:46:04'),
(1919, 31, 17, 2, '2017-06-05 06:45:10', '2017-06-05 06:46:04', '2017-06-05 06:46:04'),
(1920, 31, 17, 3, '2017-06-05 06:45:10', '2017-06-05 06:46:04', '2017-06-05 06:46:04'),
(1921, 31, 17, 16, '2017-06-05 06:45:10', '2017-06-05 06:46:04', '2017-06-05 06:46:04'),
(1922, 31, 18, 1, '2017-06-05 06:45:10', '2017-06-05 06:46:04', '2017-06-05 06:46:04'),
(1923, 31, 18, 2, '2017-06-05 06:45:10', '2017-06-05 06:46:04', '2017-06-05 06:46:04');
INSERT INTO `privilege` (`id`, `user_id`, `module_id`, `action_id`, `created_at`, `updated_at`, `deleted_at`) VALUES
(1924, 31, 18, 3, '2017-06-05 06:45:10', '2017-06-05 06:46:04', '2017-06-05 06:46:04'),
(1925, 29, 5, 1, '2017-06-05 06:45:28', '2017-06-05 06:48:33', '2017-06-05 06:48:33'),
(1926, 29, 5, 11, '2017-06-05 06:45:28', '2017-06-05 06:48:33', '2017-06-05 06:48:33'),
(1927, 29, 9, 1, '2017-06-05 06:45:28', '2017-06-05 06:48:33', '2017-06-05 06:48:33'),
(1928, 29, 9, 11, '2017-06-05 06:45:28', '2017-06-05 06:48:33', '2017-06-05 06:48:33'),
(1929, 29, 10, 1, '2017-06-05 06:45:28', '2017-06-05 06:48:33', '2017-06-05 06:48:33'),
(1932, 29, 11, 1, '2017-06-05 06:45:28', '2017-06-05 06:48:33', '2017-06-05 06:48:33'),
(1933, 29, 12, 1, '2017-06-05 06:45:28', '2017-06-05 06:48:33', '2017-06-05 06:48:33'),
(1934, 29, 12, 11, '2017-06-05 06:45:28', '2017-06-05 06:48:33', '2017-06-05 06:48:33'),
(1935, 29, 13, 1, '2017-06-05 06:45:28', '2017-06-05 06:48:33', '2017-06-05 06:48:33'),
(1936, 29, 13, 11, '2017-06-05 06:45:28', '2017-06-05 06:48:33', '2017-06-05 06:48:33'),
(1937, 29, 14, 1, '2017-06-05 06:45:28', '2017-06-05 06:48:33', '2017-06-05 06:48:33'),
(1938, 29, 15, 1, '2017-06-05 06:45:28', '2017-06-05 06:48:33', '2017-06-05 06:48:33'),
(1939, 29, 15, 11, '2017-06-05 06:45:28', '2017-06-05 06:48:33', '2017-06-05 06:48:33'),
(1940, 29, 16, 1, '2017-06-05 06:45:28', '2017-06-05 06:48:33', '2017-06-05 06:48:33'),
(1941, 29, 16, 11, '2017-06-05 06:45:28', '2017-06-05 06:48:33', '2017-06-05 06:48:33'),
(1942, 29, 16, 16, '2017-06-05 06:45:28', '2017-06-05 06:48:33', '2017-06-05 06:48:33'),
(1943, 29, 17, 1, '2017-06-05 06:45:28', '2017-06-05 06:48:33', '2017-06-05 06:48:33'),
(1944, 29, 17, 11, '2017-06-05 06:45:28', '2017-06-05 06:48:33', '2017-06-05 06:48:33'),
(1945, 31, 5, 1, '2017-06-05 06:46:04', '2017-06-08 23:09:02', '2017-06-08 23:09:02'),
(1946, 31, 5, 2, '2017-06-05 06:46:04', '2017-06-08 23:09:02', '2017-06-08 23:09:02'),
(1947, 31, 5, 3, '2017-06-05 06:46:04', '2017-06-08 23:09:02', '2017-06-08 23:09:02'),
(1949, 31, 9, 1, '2017-06-05 06:46:04', '2017-06-08 23:09:02', '2017-06-08 23:09:02'),
(1950, 31, 9, 2, '2017-06-05 06:46:04', '2017-06-08 23:09:02', '2017-06-08 23:09:02'),
(1951, 31, 9, 3, '2017-06-05 06:46:04', '2017-06-08 23:09:02', '2017-06-08 23:09:02'),
(1952, 31, 9, 16, '2017-06-05 06:46:04', '2017-06-08 23:09:02', '2017-06-08 23:09:02'),
(1953, 31, 10, 1, '2017-06-05 06:46:04', '2017-06-08 23:09:02', '2017-06-08 23:09:02'),
(1954, 31, 10, 2, '2017-06-05 06:46:04', '2017-06-08 23:09:02', '2017-06-08 23:09:02'),
(1955, 31, 10, 3, '2017-06-05 06:46:05', '2017-06-08 23:09:02', '2017-06-08 23:09:02'),
(1957, 31, 11, 1, '2017-06-05 06:46:05', '2017-06-08 23:09:02', '2017-06-08 23:09:02'),
(1958, 31, 12, 1, '2017-06-05 06:46:05', '2017-06-08 23:09:02', '2017-06-08 23:09:02'),
(1959, 31, 12, 2, '2017-06-05 06:46:05', '2017-06-08 23:09:02', '2017-06-08 23:09:02'),
(1960, 31, 12, 3, '2017-06-05 06:46:05', '2017-06-08 23:09:02', '2017-06-08 23:09:02'),
(1961, 31, 13, 1, '2017-06-05 06:46:05', '2017-06-08 23:09:02', '2017-06-08 23:09:02'),
(1962, 31, 13, 2, '2017-06-05 06:46:05', '2017-06-08 23:09:02', '2017-06-08 23:09:02'),
(1963, 31, 13, 3, '2017-06-05 06:46:05', '2017-06-08 23:09:02', '2017-06-08 23:09:02'),
(1964, 31, 14, 1, '2017-06-05 06:46:05', '2017-06-08 23:09:02', '2017-06-08 23:09:02'),
(1965, 31, 15, 1, '2017-06-05 06:46:05', '2017-06-08 23:09:02', '2017-06-08 23:09:02'),
(1966, 31, 15, 2, '2017-06-05 06:46:05', '2017-06-08 23:09:02', '2017-06-08 23:09:02'),
(1967, 31, 15, 3, '2017-06-05 06:46:05', '2017-06-08 23:09:02', '2017-06-08 23:09:02'),
(1968, 31, 15, 16, '2017-06-05 06:46:05', '2017-06-08 23:09:02', '2017-06-08 23:09:02'),
(1969, 31, 16, 1, '2017-06-05 06:46:05', '2017-06-08 23:09:02', '2017-06-08 23:09:02'),
(1970, 31, 16, 2, '2017-06-05 06:46:05', '2017-06-08 23:09:02', '2017-06-08 23:09:02'),
(1971, 31, 16, 3, '2017-06-05 06:46:05', '2017-06-08 23:09:02', '2017-06-08 23:09:02'),
(1972, 31, 16, 16, '2017-06-05 06:46:05', '2017-06-08 23:09:02', '2017-06-08 23:09:02'),
(1973, 31, 17, 1, '2017-06-05 06:46:05', '2017-06-08 23:09:02', '2017-06-08 23:09:02'),
(1974, 31, 17, 2, '2017-06-05 06:46:05', '2017-06-08 23:09:02', '2017-06-08 23:09:02'),
(1975, 31, 17, 3, '2017-06-05 06:46:05', '2017-06-08 23:09:02', '2017-06-08 23:09:02'),
(1976, 31, 17, 16, '2017-06-05 06:46:05', '2017-06-08 23:09:02', '2017-06-08 23:09:02'),
(1977, 31, 18, 1, '2017-06-05 06:46:05', '2017-06-08 23:09:02', '2017-06-08 23:09:02'),
(1978, 31, 18, 2, '2017-06-05 06:46:05', '2017-06-08 23:09:02', '2017-06-08 23:09:02'),
(1979, 31, 18, 3, '2017-06-05 06:46:06', '2017-06-08 23:09:02', '2017-06-08 23:09:02'),
(1980, 29, 5, 1, '2017-06-05 06:48:33', '2017-06-05 17:01:42', '2017-06-05 17:01:42'),
(1981, 29, 5, 11, '2017-06-05 06:48:33', '2017-06-05 17:01:42', '2017-06-05 17:01:42'),
(1982, 29, 9, 1, '2017-06-05 06:48:33', '2017-06-05 17:01:42', '2017-06-05 17:01:42'),
(1983, 29, 9, 11, '2017-06-05 06:48:33', '2017-06-05 17:01:42', '2017-06-05 17:01:42'),
(1984, 29, 9, 16, '2017-06-05 06:48:33', '2017-06-05 17:01:42', '2017-06-05 17:01:42'),
(1985, 29, 10, 1, '2017-06-05 06:48:33', '2017-06-05 17:01:42', '2017-06-05 17:01:42'),
(1988, 29, 11, 1, '2017-06-05 06:48:33', '2017-06-05 17:01:42', '2017-06-05 17:01:42'),
(1989, 29, 12, 1, '2017-06-05 06:48:33', '2017-06-05 17:01:42', '2017-06-05 17:01:42'),
(1990, 29, 12, 11, '2017-06-05 06:48:33', '2017-06-05 17:01:42', '2017-06-05 17:01:42'),
(1991, 29, 13, 1, '2017-06-05 06:48:33', '2017-06-05 17:01:42', '2017-06-05 17:01:42'),
(1992, 29, 13, 11, '2017-06-05 06:48:33', '2017-06-05 17:01:42', '2017-06-05 17:01:42'),
(1993, 29, 14, 1, '2017-06-05 06:48:33', '2017-06-05 17:01:42', '2017-06-05 17:01:42'),
(1994, 29, 15, 1, '2017-06-05 06:48:33', '2017-06-05 17:01:42', '2017-06-05 17:01:42'),
(1995, 29, 15, 11, '2017-06-05 06:48:33', '2017-06-05 17:01:42', '2017-06-05 17:01:42'),
(1996, 29, 16, 1, '2017-06-05 06:48:33', '2017-06-05 17:01:42', '2017-06-05 17:01:42'),
(1997, 29, 16, 11, '2017-06-05 06:48:34', '2017-06-05 17:01:42', '2017-06-05 17:01:42'),
(1998, 29, 16, 16, '2017-06-05 06:48:34', '2017-06-05 17:01:42', '2017-06-05 17:01:42'),
(1999, 29, 17, 1, '2017-06-05 06:48:34', '2017-06-05 17:01:42', '2017-06-05 17:01:42'),
(2000, 29, 17, 11, '2017-06-05 06:48:34', '2017-06-05 17:01:42', '2017-06-05 17:01:42'),
(2001, 1, 1, 1, '2017-06-05 16:59:04', '2017-06-05 16:59:40', '2017-06-05 16:59:40'),
(2002, 1, 1, 2, '2017-06-05 16:59:04', '2017-06-05 16:59:40', '2017-06-05 16:59:40'),
(2003, 1, 1, 3, '2017-06-05 16:59:04', '2017-06-05 16:59:40', '2017-06-05 16:59:40'),
(2004, 1, 1, 4, '2017-06-05 16:59:05', '2017-06-05 16:59:40', '2017-06-05 16:59:40'),
(2005, 1, 2, 1, '2017-06-05 16:59:05', '2017-06-05 16:59:40', '2017-06-05 16:59:40'),
(2006, 1, 2, 2, '2017-06-05 16:59:05', '2017-06-05 16:59:40', '2017-06-05 16:59:40'),
(2007, 1, 2, 3, '2017-06-05 16:59:05', '2017-06-05 16:59:40', '2017-06-05 16:59:40'),
(2008, 1, 2, 4, '2017-06-05 16:59:05', '2017-06-05 16:59:40', '2017-06-05 16:59:40'),
(2009, 1, 3, 1, '2017-06-05 16:59:05', '2017-06-05 16:59:40', '2017-06-05 16:59:40'),
(2010, 1, 3, 2, '2017-06-05 16:59:05', '2017-06-05 16:59:40', '2017-06-05 16:59:40'),
(2011, 1, 3, 3, '2017-06-05 16:59:05', '2017-06-05 16:59:40', '2017-06-05 16:59:40'),
(2012, 1, 3, 4, '2017-06-05 16:59:05', '2017-06-05 16:59:40', '2017-06-05 16:59:40'),
(2013, 1, 4, 1, '2017-06-05 16:59:05', '2017-06-05 16:59:40', '2017-06-05 16:59:40'),
(2014, 1, 4, 2, '2017-06-05 16:59:05', '2017-06-05 16:59:40', '2017-06-05 16:59:40'),
(2015, 1, 4, 3, '2017-06-05 16:59:05', '2017-06-05 16:59:40', '2017-06-05 16:59:40'),
(2016, 1, 4, 4, '2017-06-05 16:59:05', '2017-06-05 16:59:40', '2017-06-05 16:59:40'),
(2017, 1, 5, 1, '2017-06-05 16:59:05', '2017-06-05 16:59:40', '2017-06-05 16:59:40'),
(2018, 1, 5, 2, '2017-06-05 16:59:05', '2017-06-05 16:59:40', '2017-06-05 16:59:40'),
(2019, 1, 5, 3, '2017-06-05 16:59:05', '2017-06-05 16:59:40', '2017-06-05 16:59:40'),
(2020, 1, 5, 4, '2017-06-05 16:59:05', '2017-06-05 16:59:40', '2017-06-05 16:59:40'),
(2021, 1, 5, 10, '2017-06-05 16:59:05', '2017-06-05 16:59:40', '2017-06-05 16:59:40'),
(2022, 1, 5, 11, '2017-06-05 16:59:05', '2017-06-05 16:59:40', '2017-06-05 16:59:40'),
(2024, 1, 5, 16, '2017-06-05 16:59:05', '2017-06-05 16:59:40', '2017-06-05 16:59:40'),
(2025, 1, 6, 1, '2017-06-05 16:59:05', '2017-06-05 16:59:40', '2017-06-05 16:59:40'),
(2026, 1, 6, 2, '2017-06-05 16:59:05', '2017-06-05 16:59:40', '2017-06-05 16:59:40'),
(2027, 1, 6, 3, '2017-06-05 16:59:06', '2017-06-05 16:59:40', '2017-06-05 16:59:40'),
(2028, 1, 6, 4, '2017-06-05 16:59:06', '2017-06-05 16:59:40', '2017-06-05 16:59:40'),
(2029, 1, 7, 1, '2017-06-05 16:59:06', '2017-06-05 16:59:40', '2017-06-05 16:59:40'),
(2030, 1, 7, 2, '2017-06-05 16:59:06', '2017-06-05 16:59:40', '2017-06-05 16:59:40'),
(2031, 1, 7, 3, '2017-06-05 16:59:06', '2017-06-05 16:59:40', '2017-06-05 16:59:40'),
(2032, 1, 7, 4, '2017-06-05 16:59:06', '2017-06-05 16:59:40', '2017-06-05 16:59:40'),
(2033, 1, 8, 1, '2017-06-05 16:59:06', '2017-06-05 16:59:40', '2017-06-05 16:59:40'),
(2034, 1, 8, 2, '2017-06-05 16:59:06', '2017-06-05 16:59:40', '2017-06-05 16:59:40'),
(2035, 1, 8, 3, '2017-06-05 16:59:06', '2017-06-05 16:59:40', '2017-06-05 16:59:40'),
(2036, 1, 8, 4, '2017-06-05 16:59:06', '2017-06-05 16:59:40', '2017-06-05 16:59:40'),
(2037, 1, 8, 10, '2017-06-05 16:59:06', '2017-06-05 16:59:40', '2017-06-05 16:59:40'),
(2038, 1, 8, 11, '2017-06-05 16:59:06', '2017-06-05 16:59:40', '2017-06-05 16:59:40'),
(2039, 1, 8, 16, '2017-06-05 16:59:06', '2017-06-05 16:59:40', '2017-06-05 16:59:40'),
(2040, 1, 9, 1, '2017-06-05 16:59:06', '2017-06-05 16:59:40', '2017-06-05 16:59:40'),
(2041, 1, 9, 2, '2017-06-05 16:59:06', '2017-06-05 16:59:40', '2017-06-05 16:59:40'),
(2042, 1, 9, 3, '2017-06-05 16:59:06', '2017-06-05 16:59:40', '2017-06-05 16:59:40'),
(2043, 1, 9, 4, '2017-06-05 16:59:06', '2017-06-05 16:59:40', '2017-06-05 16:59:40'),
(2044, 1, 9, 10, '2017-06-05 16:59:06', '2017-06-05 16:59:40', '2017-06-05 16:59:40'),
(2045, 1, 9, 11, '2017-06-05 16:59:06', '2017-06-05 16:59:40', '2017-06-05 16:59:40'),
(2046, 1, 9, 16, '2017-06-05 16:59:06', '2017-06-05 16:59:40', '2017-06-05 16:59:40'),
(2047, 1, 10, 1, '2017-06-05 16:59:06', '2017-06-05 16:59:40', '2017-06-05 16:59:40'),
(2048, 1, 10, 2, '2017-06-05 16:59:06', '2017-06-05 16:59:40', '2017-06-05 16:59:40'),
(2049, 1, 10, 3, '2017-06-05 16:59:06', '2017-06-05 16:59:40', '2017-06-05 16:59:40'),
(2050, 1, 10, 4, '2017-06-05 16:59:06', '2017-06-05 16:59:40', '2017-06-05 16:59:40'),
(2051, 1, 10, 5, '2017-06-05 16:59:06', '2017-06-05 16:59:40', '2017-06-05 16:59:40'),
(2056, 1, 11, 1, '2017-06-05 16:59:07', '2017-06-05 16:59:40', '2017-06-05 16:59:40'),
(2057, 1, 11, 2, '2017-06-05 16:59:07', '2017-06-05 16:59:40', '2017-06-05 16:59:40'),
(2058, 1, 11, 3, '2017-06-05 16:59:07', '2017-06-05 16:59:40', '2017-06-05 16:59:40'),
(2059, 1, 11, 4, '2017-06-05 16:59:07', '2017-06-05 16:59:40', '2017-06-05 16:59:40'),
(2060, 1, 12, 1, '2017-06-05 16:59:07', '2017-06-05 16:59:40', '2017-06-05 16:59:40'),
(2061, 1, 12, 2, '2017-06-05 16:59:07', '2017-06-05 16:59:40', '2017-06-05 16:59:40'),
(2062, 1, 12, 3, '2017-06-05 16:59:07', '2017-06-05 16:59:40', '2017-06-05 16:59:40'),
(2063, 1, 12, 4, '2017-06-05 16:59:07', '2017-06-05 16:59:40', '2017-06-05 16:59:40'),
(2064, 1, 12, 10, '2017-06-05 16:59:07', '2017-06-05 16:59:40', '2017-06-05 16:59:40'),
(2065, 1, 12, 11, '2017-06-05 16:59:07', '2017-06-05 16:59:40', '2017-06-05 16:59:40'),
(2066, 1, 12, 16, '2017-06-05 16:59:07', '2017-06-05 16:59:40', '2017-06-05 16:59:40'),
(2067, 1, 13, 1, '2017-06-05 16:59:07', '2017-06-05 16:59:40', '2017-06-05 16:59:40'),
(2068, 1, 13, 2, '2017-06-05 16:59:07', '2017-06-05 16:59:40', '2017-06-05 16:59:40'),
(2069, 1, 13, 3, '2017-06-05 16:59:07', '2017-06-05 16:59:40', '2017-06-05 16:59:40'),
(2070, 1, 13, 4, '2017-06-05 16:59:07', '2017-06-05 16:59:40', '2017-06-05 16:59:40'),
(2071, 1, 13, 5, '2017-06-05 16:59:07', '2017-06-05 16:59:40', '2017-06-05 16:59:40'),
(2072, 1, 13, 10, '2017-06-05 16:59:07', '2017-06-05 16:59:40', '2017-06-05 16:59:40'),
(2073, 1, 13, 11, '2017-06-05 16:59:07', '2017-06-05 16:59:40', '2017-06-05 16:59:40'),
(2074, 1, 13, 16, '2017-06-05 16:59:07', '2017-06-05 16:59:40', '2017-06-05 16:59:40'),
(2075, 1, 14, 1, '2017-06-05 16:59:07', '2017-06-05 16:59:40', '2017-06-05 16:59:40'),
(2076, 1, 14, 2, '2017-06-05 16:59:07', '2017-06-05 16:59:40', '2017-06-05 16:59:40'),
(2077, 1, 14, 3, '2017-06-05 16:59:08', '2017-06-05 16:59:40', '2017-06-05 16:59:40'),
(2078, 1, 14, 4, '2017-06-05 16:59:08', '2017-06-05 16:59:40', '2017-06-05 16:59:40'),
(2079, 1, 15, 1, '2017-06-05 16:59:08', '2017-06-05 16:59:40', '2017-06-05 16:59:40'),
(2080, 1, 15, 2, '2017-06-05 16:59:08', '2017-06-05 16:59:40', '2017-06-05 16:59:40'),
(2081, 1, 15, 3, '2017-06-05 16:59:08', '2017-06-05 16:59:40', '2017-06-05 16:59:40'),
(2082, 1, 15, 4, '2017-06-05 16:59:08', '2017-06-05 16:59:40', '2017-06-05 16:59:40'),
(2083, 1, 15, 10, '2017-06-05 16:59:08', '2017-06-05 16:59:40', '2017-06-05 16:59:40'),
(2084, 1, 15, 11, '2017-06-05 16:59:08', '2017-06-05 16:59:40', '2017-06-05 16:59:40'),
(2085, 1, 15, 16, '2017-06-05 16:59:08', '2017-06-05 16:59:40', '2017-06-05 16:59:40'),
(2086, 1, 16, 1, '2017-06-05 16:59:08', '2017-06-05 16:59:40', '2017-06-05 16:59:40'),
(2087, 1, 16, 2, '2017-06-05 16:59:08', '2017-06-05 16:59:40', '2017-06-05 16:59:40'),
(2088, 1, 16, 3, '2017-06-05 16:59:08', '2017-06-05 16:59:40', '2017-06-05 16:59:40'),
(2089, 1, 16, 4, '2017-06-05 16:59:08', '2017-06-05 16:59:40', '2017-06-05 16:59:40'),
(2090, 1, 16, 10, '2017-06-05 16:59:08', '2017-06-05 16:59:40', '2017-06-05 16:59:40'),
(2091, 1, 16, 11, '2017-06-05 16:59:08', '2017-06-05 16:59:40', '2017-06-05 16:59:40'),
(2092, 1, 16, 16, '2017-06-05 16:59:08', '2017-06-05 16:59:40', '2017-06-05 16:59:40'),
(2093, 1, 17, 1, '2017-06-05 16:59:08', '2017-06-05 16:59:40', '2017-06-05 16:59:40'),
(2094, 1, 17, 2, '2017-06-05 16:59:08', '2017-06-05 16:59:40', '2017-06-05 16:59:40'),
(2095, 1, 17, 3, '2017-06-05 16:59:08', '2017-06-05 16:59:40', '2017-06-05 16:59:40'),
(2096, 1, 17, 4, '2017-06-05 16:59:08', '2017-06-05 16:59:40', '2017-06-05 16:59:40'),
(2097, 1, 17, 10, '2017-06-05 16:59:09', '2017-06-05 16:59:40', '2017-06-05 16:59:40'),
(2098, 1, 17, 11, '2017-06-05 16:59:09', '2017-06-05 16:59:40', '2017-06-05 16:59:40'),
(2099, 1, 17, 16, '2017-06-05 16:59:09', '2017-06-05 16:59:40', '2017-06-05 16:59:40'),
(2100, 1, 18, 1, '2017-06-05 16:59:09', '2017-06-05 16:59:40', '2017-06-05 16:59:40'),
(2101, 1, 18, 2, '2017-06-05 16:59:09', '2017-06-05 16:59:40', '2017-06-05 16:59:40'),
(2102, 1, 18, 3, '2017-06-05 16:59:09', '2017-06-05 16:59:40', '2017-06-05 16:59:40'),
(2103, 1, 18, 4, '2017-06-05 16:59:09', '2017-06-05 16:59:40', '2017-06-05 16:59:40'),
(2104, 1, 19, 1, '2017-06-05 16:59:09', '2017-06-05 16:59:40', '2017-06-05 16:59:40'),
(2105, 1, 19, 2, '2017-06-05 16:59:09', '2017-06-05 16:59:40', '2017-06-05 16:59:40'),
(2106, 1, 19, 3, '2017-06-05 16:59:09', '2017-06-05 16:59:40', '2017-06-05 16:59:40'),
(2107, 1, 19, 4, '2017-06-05 16:59:09', '2017-06-05 16:59:40', '2017-06-05 16:59:40'),
(2108, 1, 20, 1, '2017-06-05 16:59:09', '2017-06-05 16:59:40', '2017-06-05 16:59:40'),
(2109, 1, 20, 2, '2017-06-05 16:59:09', '2017-06-05 16:59:40', '2017-06-05 16:59:40'),
(2110, 1, 20, 3, '2017-06-05 16:59:09', '2017-06-05 16:59:40', '2017-06-05 16:59:40'),
(2111, 1, 20, 4, '2017-06-05 16:59:09', '2017-06-05 16:59:40', '2017-06-05 16:59:40'),
(2112, 1, 21, 1, '2017-06-05 16:59:09', '2017-06-05 16:59:40', '2017-06-05 16:59:40'),
(2113, 1, 21, 2, '2017-06-05 16:59:09', '2017-06-05 16:59:40', '2017-06-05 16:59:40'),
(2114, 1, 21, 3, '2017-06-05 16:59:09', '2017-06-05 16:59:40', '2017-06-05 16:59:40'),
(2115, 1, 21, 4, '2017-06-05 16:59:09', '2017-06-05 16:59:40', '2017-06-05 16:59:40'),
(2116, 1, 1, 1, '2017-06-05 16:59:40', '2017-06-09 00:32:25', '2017-06-09 00:32:25'),
(2117, 1, 1, 2, '2017-06-05 16:59:40', '2017-06-09 00:32:25', '2017-06-09 00:32:25'),
(2118, 1, 1, 3, '2017-06-05 16:59:40', '2017-06-09 00:32:25', '2017-06-09 00:32:25'),
(2119, 1, 1, 4, '2017-06-05 16:59:40', '2017-06-09 00:32:25', '2017-06-09 00:32:25'),
(2120, 1, 2, 1, '2017-06-05 16:59:40', '2017-06-09 00:32:25', '2017-06-09 00:32:25'),
(2121, 1, 2, 2, '2017-06-05 16:59:40', '2017-06-09 00:32:25', '2017-06-09 00:32:25'),
(2122, 1, 2, 3, '2017-06-05 16:59:40', '2017-06-09 00:32:25', '2017-06-09 00:32:25'),
(2123, 1, 2, 4, '2017-06-05 16:59:40', '2017-06-09 00:32:25', '2017-06-09 00:32:25'),
(2124, 1, 3, 1, '2017-06-05 16:59:40', '2017-06-09 00:32:25', '2017-06-09 00:32:25'),
(2125, 1, 3, 2, '2017-06-05 16:59:40', '2017-06-09 00:32:25', '2017-06-09 00:32:25'),
(2126, 1, 3, 3, '2017-06-05 16:59:40', '2017-06-09 00:32:25', '2017-06-09 00:32:25'),
(2127, 1, 3, 4, '2017-06-05 16:59:40', '2017-06-09 00:32:25', '2017-06-09 00:32:25'),
(2128, 1, 4, 1, '2017-06-05 16:59:40', '2017-06-09 00:32:25', '2017-06-09 00:32:25'),
(2129, 1, 4, 2, '2017-06-05 16:59:40', '2017-06-09 00:32:25', '2017-06-09 00:32:25'),
(2130, 1, 4, 3, '2017-06-05 16:59:40', '2017-06-09 00:32:25', '2017-06-09 00:32:25'),
(2131, 1, 4, 4, '2017-06-05 16:59:40', '2017-06-09 00:32:25', '2017-06-09 00:32:25'),
(2132, 1, 5, 1, '2017-06-05 16:59:40', '2017-06-09 00:32:25', '2017-06-09 00:32:25'),
(2133, 1, 5, 2, '2017-06-05 16:59:41', '2017-06-09 00:32:25', '2017-06-09 00:32:25'),
(2134, 1, 5, 3, '2017-06-05 16:59:41', '2017-06-09 00:32:25', '2017-06-09 00:32:25'),
(2135, 1, 5, 4, '2017-06-05 16:59:41', '2017-06-09 00:32:25', '2017-06-09 00:32:25'),
(2136, 1, 5, 10, '2017-06-05 16:59:41', '2017-06-09 00:32:25', '2017-06-09 00:32:25'),
(2137, 1, 5, 11, '2017-06-05 16:59:41', '2017-06-09 00:32:25', '2017-06-09 00:32:25'),
(2139, 1, 5, 16, '2017-06-05 16:59:41', '2017-06-09 00:32:25', '2017-06-09 00:32:25'),
(2140, 1, 6, 1, '2017-06-05 16:59:41', '2017-06-09 00:32:25', '2017-06-09 00:32:25'),
(2141, 1, 6, 2, '2017-06-05 16:59:41', '2017-06-09 00:32:25', '2017-06-09 00:32:25'),
(2142, 1, 6, 3, '2017-06-05 16:59:41', '2017-06-09 00:32:25', '2017-06-09 00:32:25'),
(2143, 1, 6, 4, '2017-06-05 16:59:41', '2017-06-09 00:32:25', '2017-06-09 00:32:25'),
(2144, 1, 7, 1, '2017-06-05 16:59:41', '2017-06-09 00:32:25', '2017-06-09 00:32:25'),
(2145, 1, 7, 2, '2017-06-05 16:59:41', '2017-06-09 00:32:25', '2017-06-09 00:32:25'),
(2146, 1, 7, 3, '2017-06-05 16:59:41', '2017-06-09 00:32:25', '2017-06-09 00:32:25'),
(2147, 1, 7, 4, '2017-06-05 16:59:41', '2017-06-09 00:32:25', '2017-06-09 00:32:25'),
(2148, 1, 8, 1, '2017-06-05 16:59:41', '2017-06-09 00:32:25', '2017-06-09 00:32:25'),
(2149, 1, 8, 2, '2017-06-05 16:59:41', '2017-06-09 00:32:25', '2017-06-09 00:32:25'),
(2150, 1, 8, 3, '2017-06-05 16:59:41', '2017-06-09 00:32:25', '2017-06-09 00:32:25'),
(2151, 1, 8, 4, '2017-06-05 16:59:41', '2017-06-09 00:32:25', '2017-06-09 00:32:25'),
(2152, 1, 8, 10, '2017-06-05 16:59:41', '2017-06-09 00:32:25', '2017-06-09 00:32:25'),
(2153, 1, 8, 11, '2017-06-05 16:59:41', '2017-06-09 00:32:25', '2017-06-09 00:32:25'),
(2154, 1, 8, 16, '2017-06-05 16:59:41', '2017-06-09 00:32:25', '2017-06-09 00:32:25'),
(2155, 1, 9, 1, '2017-06-05 16:59:42', '2017-06-09 00:32:25', '2017-06-09 00:32:25'),
(2156, 1, 9, 2, '2017-06-05 16:59:42', '2017-06-09 00:32:25', '2017-06-09 00:32:25'),
(2157, 1, 9, 3, '2017-06-05 16:59:42', '2017-06-09 00:32:25', '2017-06-09 00:32:25'),
(2158, 1, 9, 4, '2017-06-05 16:59:42', '2017-06-09 00:32:25', '2017-06-09 00:32:25'),
(2159, 1, 9, 5, '2017-06-05 16:59:42', '2017-06-09 00:32:25', '2017-06-09 00:32:25'),
(2160, 1, 9, 10, '2017-06-05 16:59:42', '2017-06-09 00:32:25', '2017-06-09 00:32:25'),
(2161, 1, 9, 11, '2017-06-05 16:59:42', '2017-06-09 00:32:25', '2017-06-09 00:32:25'),
(2162, 1, 9, 16, '2017-06-05 16:59:42', '2017-06-09 00:32:25', '2017-06-09 00:32:25'),
(2163, 1, 10, 1, '2017-06-05 16:59:42', '2017-06-09 00:32:25', '2017-06-09 00:32:25'),
(2164, 1, 10, 2, '2017-06-05 16:59:42', '2017-06-09 00:32:25', '2017-06-09 00:32:25'),
(2165, 1, 10, 3, '2017-06-05 16:59:42', '2017-06-09 00:32:25', '2017-06-09 00:32:25'),
(2166, 1, 10, 4, '2017-06-05 16:59:42', '2017-06-09 00:32:25', '2017-06-09 00:32:25'),
(2167, 1, 10, 5, '2017-06-05 16:59:42', '2017-06-09 00:32:25', '2017-06-09 00:32:25'),
(2172, 1, 11, 1, '2017-06-05 16:59:42', '2017-06-09 00:32:25', '2017-06-09 00:32:25'),
(2173, 1, 11, 2, '2017-06-05 16:59:42', '2017-06-09 00:32:25', '2017-06-09 00:32:25'),
(2174, 1, 11, 3, '2017-06-05 16:59:42', '2017-06-09 00:32:25', '2017-06-09 00:32:25'),
(2175, 1, 11, 4, '2017-06-05 16:59:42', '2017-06-09 00:32:25', '2017-06-09 00:32:25'),
(2176, 1, 12, 1, '2017-06-05 16:59:42', '2017-06-09 00:32:25', '2017-06-09 00:32:25'),
(2177, 1, 12, 2, '2017-06-05 16:59:42', '2017-06-09 00:32:25', '2017-06-09 00:32:25'),
(2178, 1, 12, 3, '2017-06-05 16:59:42', '2017-06-09 00:32:25', '2017-06-09 00:32:25'),
(2179, 1, 12, 4, '2017-06-05 16:59:42', '2017-06-09 00:32:25', '2017-06-09 00:32:25'),
(2180, 1, 12, 10, '2017-06-05 16:59:42', '2017-06-09 00:32:25', '2017-06-09 00:32:25'),
(2181, 1, 12, 11, '2017-06-05 16:59:42', '2017-06-09 00:32:25', '2017-06-09 00:32:25'),
(2182, 1, 12, 16, '2017-06-05 16:59:43', '2017-06-09 00:32:25', '2017-06-09 00:32:25'),
(2183, 1, 13, 1, '2017-06-05 16:59:43', '2017-06-09 00:32:25', '2017-06-09 00:32:25'),
(2184, 1, 13, 2, '2017-06-05 16:59:43', '2017-06-09 00:32:25', '2017-06-09 00:32:25'),
(2185, 1, 13, 3, '2017-06-05 16:59:43', '2017-06-09 00:32:25', '2017-06-09 00:32:25'),
(2186, 1, 13, 4, '2017-06-05 16:59:43', '2017-06-09 00:32:25', '2017-06-09 00:32:25'),
(2187, 1, 13, 5, '2017-06-05 16:59:43', '2017-06-09 00:32:25', '2017-06-09 00:32:25'),
(2188, 1, 13, 10, '2017-06-05 16:59:43', '2017-06-09 00:32:25', '2017-06-09 00:32:25'),
(2189, 1, 13, 11, '2017-06-05 16:59:43', '2017-06-09 00:32:25', '2017-06-09 00:32:25'),
(2190, 1, 13, 16, '2017-06-05 16:59:43', '2017-06-09 00:32:25', '2017-06-09 00:32:25'),
(2191, 1, 14, 1, '2017-06-05 16:59:43', '2017-06-09 00:32:25', '2017-06-09 00:32:25'),
(2192, 1, 14, 2, '2017-06-05 16:59:43', '2017-06-09 00:32:25', '2017-06-09 00:32:25'),
(2193, 1, 14, 3, '2017-06-05 16:59:43', '2017-06-09 00:32:25', '2017-06-09 00:32:25'),
(2194, 1, 14, 4, '2017-06-05 16:59:43', '2017-06-09 00:32:25', '2017-06-09 00:32:25'),
(2195, 1, 15, 1, '2017-06-05 16:59:43', '2017-06-09 00:32:25', '2017-06-09 00:32:25'),
(2196, 1, 15, 2, '2017-06-05 16:59:43', '2017-06-09 00:32:25', '2017-06-09 00:32:25'),
(2197, 1, 15, 3, '2017-06-05 16:59:43', '2017-06-09 00:32:25', '2017-06-09 00:32:25'),
(2198, 1, 15, 4, '2017-06-05 16:59:43', '2017-06-09 00:32:25', '2017-06-09 00:32:25'),
(2199, 1, 15, 10, '2017-06-05 16:59:43', '2017-06-09 00:32:25', '2017-06-09 00:32:25'),
(2200, 1, 15, 11, '2017-06-05 16:59:43', '2017-06-09 00:32:25', '2017-06-09 00:32:25'),
(2201, 1, 15, 16, '2017-06-05 16:59:43', '2017-06-09 00:32:25', '2017-06-09 00:32:25'),
(2202, 1, 16, 1, '2017-06-05 16:59:44', '2017-06-09 00:32:25', '2017-06-09 00:32:25'),
(2203, 1, 16, 2, '2017-06-05 16:59:44', '2017-06-09 00:32:25', '2017-06-09 00:32:25'),
(2204, 1, 16, 3, '2017-06-05 16:59:44', '2017-06-09 00:32:25', '2017-06-09 00:32:25'),
(2205, 1, 16, 4, '2017-06-05 16:59:44', '2017-06-09 00:32:25', '2017-06-09 00:32:25'),
(2206, 1, 16, 10, '2017-06-05 16:59:44', '2017-06-09 00:32:25', '2017-06-09 00:32:25'),
(2207, 1, 16, 11, '2017-06-05 16:59:44', '2017-06-09 00:32:25', '2017-06-09 00:32:25'),
(2208, 1, 16, 16, '2017-06-05 16:59:44', '2017-06-09 00:32:25', '2017-06-09 00:32:25'),
(2209, 1, 17, 1, '2017-06-05 16:59:44', '2017-06-09 00:32:25', '2017-06-09 00:32:25'),
(2210, 1, 17, 2, '2017-06-05 16:59:44', '2017-06-09 00:32:25', '2017-06-09 00:32:25'),
(2211, 1, 17, 3, '2017-06-05 16:59:44', '2017-06-09 00:32:25', '2017-06-09 00:32:25'),
(2212, 1, 17, 4, '2017-06-05 16:59:44', '2017-06-09 00:32:25', '2017-06-09 00:32:25'),
(2213, 1, 17, 10, '2017-06-05 16:59:44', '2017-06-09 00:32:25', '2017-06-09 00:32:25'),
(2214, 1, 17, 11, '2017-06-05 16:59:44', '2017-06-09 00:32:25', '2017-06-09 00:32:25'),
(2215, 1, 17, 16, '2017-06-05 16:59:44', '2017-06-09 00:32:25', '2017-06-09 00:32:25'),
(2216, 1, 18, 1, '2017-06-05 16:59:44', '2017-06-09 00:32:25', '2017-06-09 00:32:25'),
(2217, 1, 18, 2, '2017-06-05 16:59:44', '2017-06-09 00:32:25', '2017-06-09 00:32:25'),
(2218, 1, 18, 3, '2017-06-05 16:59:44', '2017-06-09 00:32:25', '2017-06-09 00:32:25'),
(2219, 1, 18, 4, '2017-06-05 16:59:44', '2017-06-09 00:32:25', '2017-06-09 00:32:25'),
(2220, 1, 19, 1, '2017-06-05 16:59:44', '2017-06-09 00:32:25', '2017-06-09 00:32:25'),
(2221, 1, 19, 2, '2017-06-05 16:59:45', '2017-06-09 00:32:25', '2017-06-09 00:32:25'),
(2222, 1, 19, 3, '2017-06-05 16:59:45', '2017-06-09 00:32:25', '2017-06-09 00:32:25'),
(2223, 1, 19, 4, '2017-06-05 16:59:45', '2017-06-09 00:32:25', '2017-06-09 00:32:25'),
(2224, 1, 20, 1, '2017-06-05 16:59:45', '2017-06-09 00:32:25', '2017-06-09 00:32:25'),
(2225, 1, 20, 2, '2017-06-05 16:59:45', '2017-06-09 00:32:25', '2017-06-09 00:32:25'),
(2226, 1, 20, 3, '2017-06-05 16:59:45', '2017-06-09 00:32:25', '2017-06-09 00:32:25'),
(2227, 1, 20, 4, '2017-06-05 16:59:45', '2017-06-09 00:32:25', '2017-06-09 00:32:25'),
(2228, 1, 21, 1, '2017-06-05 16:59:45', '2017-06-09 00:32:25', '2017-06-09 00:32:25'),
(2229, 1, 21, 2, '2017-06-05 16:59:45', '2017-06-09 00:32:25', '2017-06-09 00:32:25'),
(2230, 1, 21, 3, '2017-06-05 16:59:45', '2017-06-09 00:32:25', '2017-06-09 00:32:25'),
(2231, 1, 21, 4, '2017-06-05 16:59:45', '2017-06-09 00:32:25', '2017-06-09 00:32:25'),
(2232, 29, 5, 1, '2017-06-05 17:01:42', '2017-06-05 17:03:51', '2017-06-05 17:03:51'),
(2233, 29, 5, 11, '2017-06-05 17:01:42', '2017-06-05 17:03:51', '2017-06-05 17:03:51'),
(2234, 29, 9, 1, '2017-06-05 17:01:42', '2017-06-05 17:03:51', '2017-06-05 17:03:51'),
(2235, 29, 9, 5, '2017-06-05 17:01:42', '2017-06-05 17:03:51', '2017-06-05 17:03:51'),
(2236, 29, 9, 11, '2017-06-05 17:01:42', '2017-06-05 17:03:51', '2017-06-05 17:03:51'),
(2237, 29, 9, 16, '2017-06-05 17:01:42', '2017-06-05 17:03:51', '2017-06-05 17:03:51'),
(2238, 29, 10, 1, '2017-06-05 17:01:42', '2017-06-05 17:03:51', '2017-06-05 17:03:51'),
(2241, 29, 11, 1, '2017-06-05 17:01:42', '2017-06-05 17:03:51', '2017-06-05 17:03:51'),
(2242, 29, 12, 1, '2017-06-05 17:01:42', '2017-06-05 17:03:51', '2017-06-05 17:03:51'),
(2243, 29, 12, 11, '2017-06-05 17:01:42', '2017-06-05 17:03:51', '2017-06-05 17:03:51'),
(2244, 29, 13, 1, '2017-06-05 17:01:42', '2017-06-05 17:03:51', '2017-06-05 17:03:51'),
(2245, 29, 13, 11, '2017-06-05 17:01:43', '2017-06-05 17:03:51', '2017-06-05 17:03:51'),
(2246, 29, 14, 1, '2017-06-05 17:01:43', '2017-06-05 17:03:51', '2017-06-05 17:03:51'),
(2247, 29, 15, 1, '2017-06-05 17:01:43', '2017-06-05 17:03:51', '2017-06-05 17:03:51'),
(2248, 29, 15, 11, '2017-06-05 17:01:43', '2017-06-05 17:03:51', '2017-06-05 17:03:51'),
(2249, 29, 16, 1, '2017-06-05 17:01:43', '2017-06-05 17:03:51', '2017-06-05 17:03:51'),
(2250, 29, 16, 11, '2017-06-05 17:01:43', '2017-06-05 17:03:51', '2017-06-05 17:03:51'),
(2251, 29, 16, 16, '2017-06-05 17:01:43', '2017-06-05 17:03:51', '2017-06-05 17:03:51'),
(2252, 29, 17, 1, '2017-06-05 17:01:43', '2017-06-05 17:03:51', '2017-06-05 17:03:51'),
(2253, 29, 17, 11, '2017-06-05 17:01:43', '2017-06-05 17:03:51', '2017-06-05 17:03:51'),
(2254, 29, 5, 1, '2017-06-05 17:03:51', '2017-06-05 17:08:46', '2017-06-05 17:08:46'),
(2255, 29, 5, 11, '2017-06-05 17:03:51', '2017-06-05 17:08:46', '2017-06-05 17:08:46'),
(2256, 29, 9, 1, '2017-06-05 17:03:51', '2017-06-05 17:08:46', '2017-06-05 17:08:46'),
(2257, 29, 9, 5, '2017-06-05 17:03:51', '2017-06-05 17:08:46', '2017-06-05 17:08:46'),
(2258, 29, 9, 11, '2017-06-05 17:03:51', '2017-06-05 17:08:46', '2017-06-05 17:08:46'),
(2259, 29, 9, 16, '2017-06-05 17:03:51', '2017-06-05 17:08:46', '2017-06-05 17:08:46'),
(2260, 29, 10, 1, '2017-06-05 17:03:51', '2017-06-05 17:08:46', '2017-06-05 17:08:46'),
(2263, 29, 11, 1, '2017-06-05 17:03:51', '2017-06-05 17:08:46', '2017-06-05 17:08:46'),
(2264, 29, 12, 1, '2017-06-05 17:03:51', '2017-06-05 17:08:46', '2017-06-05 17:08:46'),
(2265, 29, 12, 11, '2017-06-05 17:03:51', '2017-06-05 17:08:46', '2017-06-05 17:08:46'),
(2266, 29, 13, 1, '2017-06-05 17:03:51', '2017-06-05 17:08:46', '2017-06-05 17:08:46'),
(2267, 29, 13, 11, '2017-06-05 17:03:51', '2017-06-05 17:08:46', '2017-06-05 17:08:46'),
(2268, 29, 14, 1, '2017-06-05 17:03:51', '2017-06-05 17:08:46', '2017-06-05 17:08:46'),
(2269, 29, 15, 1, '2017-06-05 17:03:51', '2017-06-05 17:08:46', '2017-06-05 17:08:46'),
(2270, 29, 15, 11, '2017-06-05 17:03:51', '2017-06-05 17:08:46', '2017-06-05 17:08:46'),
(2271, 29, 16, 1, '2017-06-05 17:03:51', '2017-06-05 17:08:46', '2017-06-05 17:08:46'),
(2272, 29, 16, 11, '2017-06-05 17:03:51', '2017-06-05 17:08:46', '2017-06-05 17:08:46'),
(2273, 29, 16, 16, '2017-06-05 17:03:51', '2017-06-05 17:08:46', '2017-06-05 17:08:46'),
(2274, 29, 17, 1, '2017-06-05 17:03:51', '2017-06-05 17:08:46', '2017-06-05 17:08:46'),
(2275, 29, 17, 11, '2017-06-05 17:03:52', '2017-06-05 17:08:46', '2017-06-05 17:08:46'),
(2276, 29, 5, 1, '2017-06-05 17:08:46', '2017-06-05 17:09:19', '2017-06-05 17:09:19'),
(2277, 29, 5, 11, '2017-06-05 17:08:46', '2017-06-05 17:09:19', '2017-06-05 17:09:19'),
(2278, 29, 9, 1, '2017-06-05 17:08:46', '2017-06-05 17:09:19', '2017-06-05 17:09:19'),
(2279, 29, 9, 5, '2017-06-05 17:08:46', '2017-06-05 17:09:19', '2017-06-05 17:09:19'),
(2280, 29, 9, 11, '2017-06-05 17:08:46', '2017-06-05 17:09:19', '2017-06-05 17:09:19'),
(2281, 29, 9, 16, '2017-06-05 17:08:46', '2017-06-05 17:09:19', '2017-06-05 17:09:19'),
(2282, 29, 10, 1, '2017-06-05 17:08:46', '2017-06-05 17:09:19', '2017-06-05 17:09:19'),
(2285, 29, 11, 1, '2017-06-05 17:08:46', '2017-06-05 17:09:19', '2017-06-05 17:09:19'),
(2286, 29, 12, 1, '2017-06-05 17:08:46', '2017-06-05 17:09:19', '2017-06-05 17:09:19'),
(2287, 29, 12, 11, '2017-06-05 17:08:47', '2017-06-05 17:09:19', '2017-06-05 17:09:19'),
(2288, 29, 13, 1, '2017-06-05 17:08:47', '2017-06-05 17:09:19', '2017-06-05 17:09:19'),
(2289, 29, 13, 11, '2017-06-05 17:08:47', '2017-06-05 17:09:19', '2017-06-05 17:09:19'),
(2290, 29, 14, 1, '2017-06-05 17:08:47', '2017-06-05 17:09:19', '2017-06-05 17:09:19'),
(2291, 29, 15, 1, '2017-06-05 17:08:47', '2017-06-05 17:09:19', '2017-06-05 17:09:19'),
(2292, 29, 15, 11, '2017-06-05 17:08:47', '2017-06-05 17:09:19', '2017-06-05 17:09:19'),
(2293, 29, 16, 1, '2017-06-05 17:08:47', '2017-06-05 17:09:19', '2017-06-05 17:09:19'),
(2294, 29, 16, 11, '2017-06-05 17:08:47', '2017-06-05 17:09:19', '2017-06-05 17:09:19'),
(2295, 29, 16, 16, '2017-06-05 17:08:47', '2017-06-05 17:09:19', '2017-06-05 17:09:19'),
(2296, 29, 17, 1, '2017-06-05 17:08:47', '2017-06-05 17:09:19', '2017-06-05 17:09:19'),
(2297, 29, 17, 5, '2017-06-05 17:08:47', '2017-06-05 17:09:19', '2017-06-05 17:09:19'),
(2298, 29, 17, 11, '2017-06-05 17:08:47', '2017-06-05 17:09:19', '2017-06-05 17:09:19'),
(2299, 29, 5, 1, '2017-06-05 17:09:19', '2017-06-05 20:31:20', '2017-06-05 20:31:20'),
(2300, 29, 5, 11, '2017-06-05 17:09:19', '2017-06-05 20:31:20', '2017-06-05 20:31:20'),
(2301, 29, 9, 1, '2017-06-05 17:09:19', '2017-06-05 20:31:20', '2017-06-05 20:31:20'),
(2302, 29, 9, 5, '2017-06-05 17:09:19', '2017-06-05 20:31:20', '2017-06-05 20:31:20'),
(2303, 29, 9, 11, '2017-06-05 17:09:19', '2017-06-05 20:31:20', '2017-06-05 20:31:20'),
(2304, 29, 9, 16, '2017-06-05 17:09:19', '2017-06-05 20:31:20', '2017-06-05 20:31:20'),
(2305, 29, 10, 1, '2017-06-05 17:09:19', '2017-06-05 20:31:20', '2017-06-05 20:31:20'),
(2308, 29, 11, 1, '2017-06-05 17:09:19', '2017-06-05 20:31:20', '2017-06-05 20:31:20'),
(2309, 29, 12, 1, '2017-06-05 17:09:19', '2017-06-05 20:31:20', '2017-06-05 20:31:20'),
(2310, 29, 12, 11, '2017-06-05 17:09:19', '2017-06-05 20:31:20', '2017-06-05 20:31:20'),
(2311, 29, 13, 1, '2017-06-05 17:09:19', '2017-06-05 20:31:20', '2017-06-05 20:31:20'),
(2312, 29, 13, 11, '2017-06-05 17:09:19', '2017-06-05 20:31:20', '2017-06-05 20:31:20'),
(2313, 29, 14, 1, '2017-06-05 17:09:19', '2017-06-05 20:31:20', '2017-06-05 20:31:20'),
(2314, 29, 15, 1, '2017-06-05 17:09:19', '2017-06-05 20:31:20', '2017-06-05 20:31:20'),
(2315, 29, 15, 11, '2017-06-05 17:09:19', '2017-06-05 20:31:20', '2017-06-05 20:31:20'),
(2316, 29, 16, 1, '2017-06-05 17:09:19', '2017-06-05 20:31:20', '2017-06-05 20:31:20'),
(2317, 29, 16, 11, '2017-06-05 17:09:20', '2017-06-05 20:31:20', '2017-06-05 20:31:20'),
(2318, 29, 16, 16, '2017-06-05 17:09:20', '2017-06-05 20:31:20', '2017-06-05 20:31:20'),
(2319, 29, 17, 1, '2017-06-05 17:09:20', '2017-06-05 20:31:20', '2017-06-05 20:31:20'),
(2320, 29, 17, 11, '2017-06-05 17:09:20', '2017-06-05 20:31:20', '2017-06-05 20:31:20'),
(2321, 29, 17, 16, '2017-06-05 17:09:20', '2017-06-05 20:31:20', '2017-06-05 20:31:20'),
(2322, 29, 5, 1, '2017-06-05 20:31:20', '2017-06-06 01:15:31', '2017-06-06 01:15:31'),
(2323, 29, 5, 11, '2017-06-05 20:31:20', '2017-06-06 01:15:31', '2017-06-06 01:15:31'),
(2324, 29, 9, 1, '2017-06-05 20:31:20', '2017-06-06 01:15:31', '2017-06-06 01:15:31'),
(2325, 29, 9, 5, '2017-06-05 20:31:20', '2017-06-06 01:15:31', '2017-06-06 01:15:31'),
(2326, 29, 9, 11, '2017-06-05 20:31:20', '2017-06-06 01:15:31', '2017-06-06 01:15:31'),
(2327, 29, 9, 16, '2017-06-05 20:31:20', '2017-06-06 01:15:31', '2017-06-06 01:15:31'),
(2328, 29, 10, 1, '2017-06-05 20:31:20', '2017-06-06 01:15:31', '2017-06-06 01:15:31'),
(2331, 29, 11, 1, '2017-06-05 20:31:21', '2017-06-06 01:15:31', '2017-06-06 01:15:31'),
(2332, 29, 12, 1, '2017-06-05 20:31:21', '2017-06-06 01:15:31', '2017-06-06 01:15:31'),
(2333, 29, 12, 11, '2017-06-05 20:31:21', '2017-06-06 01:15:31', '2017-06-06 01:15:31'),
(2334, 29, 13, 1, '2017-06-05 20:31:21', '2017-06-06 01:15:31', '2017-06-06 01:15:31'),
(2335, 29, 13, 11, '2017-06-05 20:31:21', '2017-06-06 01:15:31', '2017-06-06 01:15:31'),
(2336, 29, 14, 1, '2017-06-05 20:31:21', '2017-06-06 01:15:31', '2017-06-06 01:15:31'),
(2337, 29, 15, 1, '2017-06-05 20:31:21', '2017-06-06 01:15:31', '2017-06-06 01:15:31'),
(2338, 29, 15, 11, '2017-06-05 20:31:21', '2017-06-06 01:15:31', '2017-06-06 01:15:31'),
(2339, 29, 16, 1, '2017-06-05 20:31:21', '2017-06-06 01:15:31', '2017-06-06 01:15:31'),
(2340, 29, 16, 11, '2017-06-05 20:31:21', '2017-06-06 01:15:31', '2017-06-06 01:15:31'),
(2341, 29, 16, 16, '2017-06-05 20:31:21', '2017-06-06 01:15:31', '2017-06-06 01:15:31'),
(2342, 29, 17, 1, '2017-06-05 20:31:21', '2017-06-06 01:15:31', '2017-06-06 01:15:31'),
(2343, 29, 17, 11, '2017-06-05 20:31:21', '2017-06-06 01:15:31', '2017-06-06 01:15:31'),
(2344, 29, 5, 1, '2017-06-06 01:15:31', '2017-06-08 23:08:04', '2017-06-08 23:08:04'),
(2345, 29, 5, 11, '2017-06-06 01:15:31', '2017-06-08 23:08:04', '2017-06-08 23:08:04'),
(2346, 29, 9, 1, '2017-06-06 01:15:31', '2017-06-08 23:08:04', '2017-06-08 23:08:04'),
(2347, 29, 9, 5, '2017-06-06 01:15:31', '2017-06-08 23:08:04', '2017-06-08 23:08:04'),
(2348, 29, 9, 11, '2017-06-06 01:15:31', '2017-06-08 23:08:04', '2017-06-08 23:08:04'),
(2349, 29, 9, 16, '2017-06-06 01:15:31', '2017-06-08 23:08:04', '2017-06-08 23:08:04'),
(2350, 29, 10, 1, '2017-06-06 01:15:32', '2017-06-08 23:08:04', '2017-06-08 23:08:04'),
(2353, 29, 11, 1, '2017-06-06 01:15:32', '2017-06-08 23:08:04', '2017-06-08 23:08:04'),
(2354, 29, 12, 1, '2017-06-06 01:15:32', '2017-06-08 23:08:04', '2017-06-08 23:08:04'),
(2355, 29, 12, 11, '2017-06-06 01:15:32', '2017-06-08 23:08:04', '2017-06-08 23:08:04'),
(2356, 29, 13, 1, '2017-06-06 01:15:32', '2017-06-08 23:08:04', '2017-06-08 23:08:04'),
(2357, 29, 13, 11, '2017-06-06 01:15:32', '2017-06-08 23:08:04', '2017-06-08 23:08:04'),
(2358, 29, 14, 1, '2017-06-06 01:15:32', '2017-06-08 23:08:04', '2017-06-08 23:08:04'),
(2359, 29, 15, 1, '2017-06-06 01:15:32', '2017-06-08 23:08:04', '2017-06-08 23:08:04'),
(2360, 29, 15, 11, '2017-06-06 01:15:32', '2017-06-08 23:08:04', '2017-06-08 23:08:04'),
(2361, 29, 16, 1, '2017-06-06 01:15:32', '2017-06-08 23:08:04', '2017-06-08 23:08:04'),
(2362, 29, 16, 11, '2017-06-06 01:15:32', '2017-06-08 23:08:04', '2017-06-08 23:08:04'),
(2363, 29, 17, 1, '2017-06-06 01:15:32', '2017-06-08 23:08:04', '2017-06-08 23:08:04'),
(2364, 29, 17, 11, '2017-06-06 01:15:32', '2017-06-08 23:08:04', '2017-06-08 23:08:04'),
(2365, 32, 5, 1, '2017-06-06 21:19:26', '2017-06-08 21:27:04', '2017-06-08 21:27:04'),
(2366, 32, 5, 10, '2017-06-06 21:19:26', '2017-06-08 21:27:04', '2017-06-08 21:27:04'),
(2367, 32, 9, 1, '2017-06-06 21:19:26', '2017-06-08 21:27:04', '2017-06-08 21:27:04'),
(2368, 32, 9, 10, '2017-06-06 21:19:26', '2017-06-08 21:27:04', '2017-06-08 21:27:04'),
(2369, 32, 10, 1, '2017-06-06 21:19:26', '2017-06-08 21:27:04', '2017-06-08 21:27:04'),
(2371, 32, 11, 1, '2017-06-06 21:19:26', '2017-06-08 21:27:04', '2017-06-08 21:27:04'),
(2372, 32, 12, 1, '2017-06-06 21:19:26', '2017-06-08 21:27:04', '2017-06-08 21:27:04'),
(2373, 32, 12, 10, '2017-06-06 21:19:26', '2017-06-08 21:27:04', '2017-06-08 21:27:04'),
(2374, 32, 13, 1, '2017-06-06 21:19:26', '2017-06-08 21:27:04', '2017-06-08 21:27:04'),
(2375, 32, 13, 10, '2017-06-06 21:19:26', '2017-06-08 21:27:04', '2017-06-08 21:27:04'),
(2376, 32, 14, 1, '2017-06-06 21:19:26', '2017-06-08 21:27:04', '2017-06-08 21:27:04'),
(2377, 32, 15, 1, '2017-06-06 21:19:26', '2017-06-08 21:27:04', '2017-06-08 21:27:04'),
(2378, 32, 15, 5, '2017-06-06 21:19:26', '2017-06-08 21:27:04', '2017-06-08 21:27:04'),
(2379, 32, 15, 10, '2017-06-06 21:19:26', '2017-06-08 21:27:04', '2017-06-08 21:27:04'),
(2380, 32, 16, 1, '2017-06-06 21:19:26', '2017-06-08 21:27:04', '2017-06-08 21:27:04'),
(2381, 32, 16, 10, '2017-06-06 21:19:26', '2017-06-08 21:27:04', '2017-06-08 21:27:04'),
(2382, 32, 17, 1, '2017-06-06 21:19:26', '2017-06-08 21:27:04', '2017-06-08 21:27:04'),
(2383, 32, 17, 10, '2017-06-06 21:19:27', '2017-06-08 21:27:04', '2017-06-08 21:27:04'),
(2384, 32, 18, 1, '2017-06-06 21:19:27', '2017-06-08 21:27:04', '2017-06-08 21:27:04'),
(2385, 28, 5, 1, '2017-06-08 20:53:22', '2017-06-08 20:53:22', NULL),
(2386, 28, 5, 2, '2017-06-08 20:53:22', '2017-06-08 20:53:22', NULL),
(2387, 28, 5, 3, '2017-06-08 20:53:23', '2017-06-08 20:53:23', NULL),
(2388, 28, 5, 16, '2017-06-08 20:53:23', '2017-06-08 20:53:23', NULL),
(2389, 28, 9, 1, '2017-06-08 20:53:23', '2017-06-08 20:53:23', NULL),
(2390, 28, 9, 2, '2017-06-08 20:53:23', '2017-06-08 20:53:23', NULL),
(2391, 28, 9, 3, '2017-06-08 20:53:23', '2017-06-08 20:53:23', NULL),
(2392, 28, 9, 16, '2017-06-08 20:53:23', '2017-06-08 20:53:23', NULL),
(2393, 28, 10, 1, '2017-06-08 20:53:23', '2017-06-08 20:53:23', NULL),
(2394, 28, 10, 2, '2017-06-08 20:53:23', '2017-06-08 20:53:23', NULL),
(2395, 28, 10, 3, '2017-06-08 20:53:23', '2017-06-08 20:53:23', NULL),
(2396, 28, 11, 1, '2017-06-08 20:53:23', '2017-06-08 20:53:23', NULL),
(2397, 28, 12, 1, '2017-06-08 20:53:23', '2017-06-08 20:53:23', NULL),
(2398, 28, 12, 2, '2017-06-08 20:53:23', '2017-06-08 20:53:23', NULL),
(2399, 28, 12, 3, '2017-06-08 20:53:23', '2017-06-08 20:53:23', NULL),
(2400, 28, 13, 1, '2017-06-08 20:53:23', '2017-06-08 20:53:23', NULL),
(2401, 28, 13, 2, '2017-06-08 20:53:23', '2017-06-08 20:53:23', NULL),
(2402, 28, 13, 3, '2017-06-08 20:53:23', '2017-06-08 20:53:23', NULL),
(2403, 28, 14, 1, '2017-06-08 20:53:23', '2017-06-08 20:53:23', NULL),
(2404, 28, 15, 1, '2017-06-08 20:53:23', '2017-06-08 20:53:23', NULL),
(2405, 28, 15, 2, '2017-06-08 20:53:23', '2017-06-08 20:53:23', NULL),
(2406, 28, 15, 3, '2017-06-08 20:53:23', '2017-06-08 20:53:23', NULL),
(2407, 28, 15, 16, '2017-06-08 20:53:23', '2017-06-08 20:53:23', NULL),
(2408, 28, 16, 1, '2017-06-08 20:53:23', '2017-06-08 20:53:23', NULL),
(2409, 28, 16, 2, '2017-06-08 20:53:23', '2017-06-08 20:53:23', NULL),
(2410, 28, 16, 3, '2017-06-08 20:53:23', '2017-06-08 20:53:23', NULL),
(2411, 28, 16, 16, '2017-06-08 20:53:24', '2017-06-08 20:53:24', NULL),
(2412, 28, 17, 1, '2017-06-08 20:53:24', '2017-06-08 20:53:24', NULL),
(2413, 28, 17, 2, '2017-06-08 20:53:24', '2017-06-08 20:53:24', NULL),
(2414, 28, 17, 3, '2017-06-08 20:53:24', '2017-06-08 20:53:24', NULL),
(2415, 28, 17, 16, '2017-06-08 20:53:24', '2017-06-08 20:53:24', NULL),
(2416, 32, 5, 1, '2017-06-08 21:27:04', '2017-06-08 21:27:04', NULL),
(2417, 32, 5, 10, '2017-06-08 21:27:04', '2017-06-08 21:27:04', NULL),
(2418, 32, 9, 1, '2017-06-08 21:27:04', '2017-06-08 21:27:04', NULL),
(2419, 32, 9, 10, '2017-06-08 21:27:05', '2017-06-08 21:27:05', NULL),
(2420, 32, 10, 1, '2017-06-08 21:27:05', '2017-06-08 21:27:05', NULL),
(2421, 32, 10, 10, '2017-06-08 21:27:05', '2017-06-08 21:27:05', NULL),
(2422, 32, 11, 1, '2017-06-08 21:27:05', '2017-06-08 21:27:05', NULL),
(2423, 32, 12, 1, '2017-06-08 21:27:05', '2017-06-08 21:27:05', NULL),
(2424, 32, 12, 10, '2017-06-08 21:27:05', '2017-06-08 21:27:05', NULL),
(2425, 32, 13, 1, '2017-06-08 21:27:05', '2017-06-08 21:27:05', NULL),
(2426, 32, 13, 10, '2017-06-08 21:27:05', '2017-06-08 21:27:05', NULL),
(2427, 32, 14, 1, '2017-06-08 21:27:05', '2017-06-08 21:27:05', NULL),
(2428, 32, 15, 1, '2017-06-08 21:27:05', '2017-06-08 21:27:05', NULL),
(2429, 32, 15, 5, '2017-06-08 21:27:05', '2017-06-08 21:27:05', NULL),
(2430, 32, 15, 10, '2017-06-08 21:27:05', '2017-06-08 21:27:05', NULL),
(2431, 32, 16, 1, '2017-06-08 21:27:05', '2017-06-08 21:27:05', NULL),
(2432, 32, 16, 10, '2017-06-08 21:27:05', '2017-06-08 21:27:05', NULL),
(2433, 32, 17, 1, '2017-06-08 21:27:05', '2017-06-08 21:27:05', NULL),
(2434, 32, 17, 10, '2017-06-08 21:27:05', '2017-06-08 21:27:05', NULL),
(2435, 32, 18, 1, '2017-06-08 21:27:05', '2017-06-08 21:27:05', NULL),
(2436, 26, 5, 1, '2017-06-08 23:06:04', '2017-06-08 23:06:04', NULL),
(2437, 26, 5, 11, '2017-06-08 23:06:04', '2017-06-08 23:06:04', NULL),
(2438, 26, 9, 1, '2017-06-08 23:06:04', '2017-06-08 23:06:04', NULL),
(2439, 26, 9, 11, '2017-06-08 23:06:04', '2017-06-08 23:06:04', NULL),
(2440, 26, 10, 1, '2017-06-08 23:06:04', '2017-06-08 23:06:04', NULL),
(2441, 26, 10, 11, '2017-06-08 23:06:04', '2017-06-08 23:06:04', NULL),
(2442, 26, 11, 1, '2017-06-08 23:06:04', '2017-06-08 23:06:04', NULL),
(2443, 26, 12, 1, '2017-06-08 23:06:04', '2017-06-08 23:06:04', NULL),
(2444, 26, 12, 11, '2017-06-08 23:06:04', '2017-06-08 23:06:04', NULL),
(2445, 26, 13, 1, '2017-06-08 23:06:04', '2017-06-08 23:06:04', NULL),
(2446, 26, 13, 11, '2017-06-08 23:06:04', '2017-06-08 23:06:04', NULL),
(2447, 26, 14, 1, '2017-06-08 23:06:04', '2017-06-08 23:06:04', NULL),
(2448, 26, 15, 1, '2017-06-08 23:06:04', '2017-06-08 23:06:04', NULL),
(2449, 26, 15, 11, '2017-06-08 23:06:04', '2017-06-08 23:06:04', NULL),
(2450, 26, 16, 1, '2017-06-08 23:06:04', '2017-06-08 23:06:04', NULL),
(2451, 26, 16, 11, '2017-06-08 23:06:04', '2017-06-08 23:06:04', NULL),
(2452, 26, 17, 1, '2017-06-08 23:06:04', '2017-06-08 23:06:04', NULL),
(2453, 26, 17, 11, '2017-06-08 23:06:04', '2017-06-08 23:06:04', NULL),
(2454, 30, 5, 1, '2017-06-08 23:06:58', '2017-06-08 23:06:58', NULL),
(2455, 30, 5, 11, '2017-06-08 23:06:58', '2017-06-08 23:06:58', NULL),
(2456, 30, 9, 1, '2017-06-08 23:06:58', '2017-06-08 23:06:58', NULL),
(2457, 30, 9, 11, '2017-06-08 23:06:58', '2017-06-08 23:06:58', NULL),
(2458, 30, 10, 1, '2017-06-08 23:06:58', '2017-06-08 23:06:58', NULL),
(2459, 30, 10, 11, '2017-06-08 23:06:58', '2017-06-08 23:06:58', NULL),
(2460, 30, 11, 1, '2017-06-08 23:06:58', '2017-06-08 23:06:58', NULL),
(2461, 30, 12, 1, '2017-06-08 23:06:58', '2017-06-08 23:06:58', NULL),
(2462, 30, 12, 11, '2017-06-08 23:06:59', '2017-06-08 23:06:59', NULL),
(2463, 30, 13, 1, '2017-06-08 23:06:59', '2017-06-08 23:06:59', NULL),
(2464, 30, 13, 11, '2017-06-08 23:06:59', '2017-06-08 23:06:59', NULL),
(2465, 30, 14, 1, '2017-06-08 23:06:59', '2017-06-08 23:06:59', NULL),
(2466, 30, 15, 1, '2017-06-08 23:06:59', '2017-06-08 23:06:59', NULL),
(2467, 30, 15, 11, '2017-06-08 23:06:59', '2017-06-08 23:06:59', NULL),
(2468, 30, 16, 1, '2017-06-08 23:06:59', '2017-06-08 23:06:59', NULL),
(2469, 30, 16, 11, '2017-06-08 23:06:59', '2017-06-08 23:06:59', NULL),
(2470, 30, 17, 1, '2017-06-08 23:06:59', '2017-06-08 23:06:59', NULL),
(2471, 30, 17, 11, '2017-06-08 23:06:59', '2017-06-08 23:06:59', NULL),
(2472, 29, 5, 1, '2017-06-08 23:08:04', '2017-06-08 23:08:04', NULL),
(2473, 29, 5, 11, '2017-06-08 23:08:04', '2017-06-08 23:08:04', NULL),
(2474, 29, 9, 1, '2017-06-08 23:08:04', '2017-06-08 23:08:04', NULL),
(2475, 29, 9, 11, '2017-06-08 23:08:04', '2017-06-08 23:08:04', NULL),
(2476, 29, 10, 1, '2017-06-08 23:08:04', '2017-06-08 23:08:04', NULL),
(2477, 29, 10, 11, '2017-06-08 23:08:04', '2017-06-08 23:08:04', NULL),
(2478, 29, 11, 1, '2017-06-08 23:08:04', '2017-06-08 23:08:04', NULL),
(2479, 29, 12, 1, '2017-06-08 23:08:04', '2017-06-08 23:08:04', NULL),
(2480, 29, 12, 11, '2017-06-08 23:08:04', '2017-06-08 23:08:04', NULL),
(2481, 29, 13, 1, '2017-06-08 23:08:04', '2017-06-08 23:08:04', NULL),
(2482, 29, 13, 11, '2017-06-08 23:08:04', '2017-06-08 23:08:04', NULL),
(2483, 29, 14, 1, '2017-06-08 23:08:04', '2017-06-08 23:08:04', NULL),
(2484, 29, 15, 1, '2017-06-08 23:08:04', '2017-06-08 23:08:04', NULL),
(2485, 29, 15, 11, '2017-06-08 23:08:04', '2017-06-08 23:08:04', NULL),
(2486, 29, 16, 1, '2017-06-08 23:08:04', '2017-06-08 23:08:04', NULL),
(2487, 29, 16, 11, '2017-06-08 23:08:04', '2017-06-08 23:08:04', NULL),
(2488, 29, 17, 1, '2017-06-08 23:08:04', '2017-06-08 23:08:04', NULL),
(2489, 29, 17, 11, '2017-06-08 23:08:04', '2017-06-08 23:08:04', NULL),
(2490, 31, 5, 1, '2017-06-08 23:09:03', '2017-06-08 23:09:03', NULL),
(2491, 31, 5, 11, '2017-06-08 23:09:03', '2017-06-08 23:09:03', NULL),
(2492, 31, 9, 1, '2017-06-08 23:09:03', '2017-06-08 23:09:03', NULL),
(2493, 31, 9, 11, '2017-06-08 23:09:03', '2017-06-08 23:09:03', NULL),
(2494, 31, 10, 1, '2017-06-08 23:09:03', '2017-06-08 23:09:03', NULL),
(2495, 31, 10, 11, '2017-06-08 23:09:03', '2017-06-08 23:09:03', NULL),
(2496, 31, 11, 1, '2017-06-08 23:09:03', '2017-06-08 23:09:03', NULL),
(2497, 31, 12, 1, '2017-06-08 23:09:03', '2017-06-08 23:09:03', NULL),
(2498, 31, 12, 11, '2017-06-08 23:09:03', '2017-06-08 23:09:03', NULL),
(2499, 31, 13, 1, '2017-06-08 23:09:03', '2017-06-08 23:09:03', NULL),
(2500, 31, 13, 11, '2017-06-08 23:09:03', '2017-06-08 23:09:03', NULL),
(2501, 31, 14, 1, '2017-06-08 23:09:03', '2017-06-08 23:09:03', NULL),
(2502, 31, 15, 1, '2017-06-08 23:09:03', '2017-06-08 23:09:03', NULL),
(2503, 31, 15, 11, '2017-06-08 23:09:03', '2017-06-08 23:09:03', NULL),
(2504, 31, 16, 1, '2017-06-08 23:09:03', '2017-06-08 23:09:03', NULL),
(2505, 31, 16, 11, '2017-06-08 23:09:03', '2017-06-08 23:09:03', NULL),
(2506, 31, 17, 1, '2017-06-08 23:09:03', '2017-06-08 23:09:03', NULL),
(2507, 31, 17, 11, '2017-06-08 23:09:03', '2017-06-08 23:09:03', NULL),
(2508, 31, 18, 1, '2017-06-08 23:09:03', '2017-06-08 23:09:03', NULL),
(2509, 33, 5, 1, '2017-06-08 23:09:33', '2017-06-08 23:09:33', NULL),
(2510, 33, 9, 1, '2017-06-08 23:09:33', '2017-06-08 23:09:33', NULL),
(2511, 33, 10, 1, '2017-06-08 23:09:33', '2017-06-08 23:09:33', NULL),
(2512, 33, 11, 1, '2017-06-08 23:09:33', '2017-06-08 23:09:33', NULL),
(2513, 33, 12, 1, '2017-06-08 23:09:33', '2017-06-08 23:09:33', NULL),
(2514, 33, 13, 1, '2017-06-08 23:09:33', '2017-06-08 23:09:33', NULL),
(2515, 33, 14, 1, '2017-06-08 23:09:33', '2017-06-08 23:09:33', NULL),
(2516, 33, 15, 1, '2017-06-08 23:09:33', '2017-06-08 23:09:33', NULL),
(2517, 33, 16, 1, '2017-06-08 23:09:33', '2017-06-08 23:09:33', NULL),
(2518, 33, 17, 1, '2017-06-08 23:09:33', '2017-06-08 23:09:33', NULL),
(2519, 33, 18, 1, '2017-06-08 23:09:34', '2017-06-08 23:09:34', NULL),
(2520, 1, 1, 1, '2017-06-09 00:32:26', '2017-07-05 19:03:27', '2017-07-05 19:03:27'),
(2521, 1, 1, 2, '2017-06-09 00:32:26', '2017-07-05 19:03:27', '2017-07-05 19:03:27'),
(2522, 1, 1, 3, '2017-06-09 00:32:26', '2017-07-05 19:03:27', '2017-07-05 19:03:27'),
(2523, 1, 1, 4, '2017-06-09 00:32:26', '2017-07-05 19:03:27', '2017-07-05 19:03:27'),
(2524, 1, 2, 1, '2017-06-09 00:32:26', '2017-07-05 19:03:27', '2017-07-05 19:03:27'),
(2525, 1, 2, 2, '2017-06-09 00:32:26', '2017-07-05 19:03:27', '2017-07-05 19:03:27'),
(2526, 1, 2, 3, '2017-06-09 00:32:26', '2017-07-05 19:03:27', '2017-07-05 19:03:27'),
(2527, 1, 2, 4, '2017-06-09 00:32:26', '2017-07-05 19:03:27', '2017-07-05 19:03:27'),
(2528, 1, 3, 1, '2017-06-09 00:32:26', '2017-07-05 19:03:27', '2017-07-05 19:03:27'),
(2529, 1, 3, 2, '2017-06-09 00:32:26', '2017-07-05 19:03:27', '2017-07-05 19:03:27'),
(2530, 1, 3, 3, '2017-06-09 00:32:26', '2017-07-05 19:03:27', '2017-07-05 19:03:27'),
(2531, 1, 3, 4, '2017-06-09 00:32:26', '2017-07-05 19:03:27', '2017-07-05 19:03:27'),
(2532, 1, 4, 1, '2017-06-09 00:32:26', '2017-07-05 19:03:27', '2017-07-05 19:03:27'),
(2533, 1, 4, 2, '2017-06-09 00:32:26', '2017-07-05 19:03:27', '2017-07-05 19:03:27'),
(2534, 1, 4, 3, '2017-06-09 00:32:26', '2017-07-05 19:03:27', '2017-07-05 19:03:27'),
(2535, 1, 4, 4, '2017-06-09 00:32:26', '2017-07-05 19:03:27', '2017-07-05 19:03:27'),
(2536, 1, 5, 1, '2017-06-09 00:32:26', '2017-07-05 19:03:27', '2017-07-05 19:03:27'),
(2537, 1, 5, 2, '2017-06-09 00:32:26', '2017-07-05 19:03:27', '2017-07-05 19:03:27'),
(2538, 1, 5, 3, '2017-06-09 00:32:26', '2017-07-05 19:03:27', '2017-07-05 19:03:27'),
(2539, 1, 5, 4, '2017-06-09 00:32:26', '2017-07-05 19:03:27', '2017-07-05 19:03:27'),
(2540, 1, 5, 10, '2017-06-09 00:32:26', '2017-07-05 19:03:27', '2017-07-05 19:03:27'),
(2541, 1, 5, 11, '2017-06-09 00:32:26', '2017-07-05 19:03:27', '2017-07-05 19:03:27'),
(2542, 1, 5, 16, '2017-06-09 00:32:26', '2017-07-05 19:03:27', '2017-07-05 19:03:27'),
(2543, 1, 6, 1, '2017-06-09 00:32:27', '2017-07-05 19:03:27', '2017-07-05 19:03:27'),
(2544, 1, 6, 2, '2017-06-09 00:32:27', '2017-07-05 19:03:27', '2017-07-05 19:03:27'),
(2545, 1, 6, 3, '2017-06-09 00:32:27', '2017-07-05 19:03:27', '2017-07-05 19:03:27'),
(2546, 1, 6, 4, '2017-06-09 00:32:27', '2017-07-05 19:03:27', '2017-07-05 19:03:27'),
(2547, 1, 7, 1, '2017-06-09 00:32:27', '2017-07-05 19:03:27', '2017-07-05 19:03:27'),
(2548, 1, 7, 2, '2017-06-09 00:32:27', '2017-07-05 19:03:27', '2017-07-05 19:03:27'),
(2549, 1, 7, 3, '2017-06-09 00:32:27', '2017-07-05 19:03:27', '2017-07-05 19:03:27'),
(2550, 1, 7, 4, '2017-06-09 00:32:27', '2017-07-05 19:03:27', '2017-07-05 19:03:27'),
(2551, 1, 8, 1, '2017-06-09 00:32:27', '2017-07-05 19:03:27', '2017-07-05 19:03:27'),
(2552, 1, 8, 2, '2017-06-09 00:32:27', '2017-07-05 19:03:27', '2017-07-05 19:03:27'),
(2553, 1, 8, 3, '2017-06-09 00:32:27', '2017-07-05 19:03:27', '2017-07-05 19:03:27'),
(2554, 1, 8, 4, '2017-06-09 00:32:27', '2017-07-05 19:03:27', '2017-07-05 19:03:27'),
(2555, 1, 8, 10, '2017-06-09 00:32:27', '2017-07-05 19:03:27', '2017-07-05 19:03:27'),
(2556, 1, 8, 11, '2017-06-09 00:32:27', '2017-07-05 19:03:27', '2017-07-05 19:03:27'),
(2557, 1, 8, 16, '2017-06-09 00:32:27', '2017-07-05 19:03:27', '2017-07-05 19:03:27'),
(2558, 1, 9, 1, '2017-06-09 00:32:27', '2017-07-05 19:03:27', '2017-07-05 19:03:27'),
(2559, 1, 9, 2, '2017-06-09 00:32:27', '2017-07-05 19:03:27', '2017-07-05 19:03:27'),
(2560, 1, 9, 3, '2017-06-09 00:32:27', '2017-07-05 19:03:27', '2017-07-05 19:03:27'),
(2561, 1, 9, 4, '2017-06-09 00:32:27', '2017-07-05 19:03:27', '2017-07-05 19:03:27'),
(2562, 1, 9, 5, '2017-06-09 00:32:27', '2017-07-05 19:03:27', '2017-07-05 19:03:27');
INSERT INTO `privilege` (`id`, `user_id`, `module_id`, `action_id`, `created_at`, `updated_at`, `deleted_at`) VALUES
(2563, 1, 9, 10, '2017-06-09 00:32:27', '2017-07-05 19:03:27', '2017-07-05 19:03:27'),
(2564, 1, 9, 11, '2017-06-09 00:32:27', '2017-07-05 19:03:27', '2017-07-05 19:03:27'),
(2565, 1, 9, 16, '2017-06-09 00:32:27', '2017-07-05 19:03:27', '2017-07-05 19:03:27'),
(2566, 1, 10, 1, '2017-06-09 00:32:27', '2017-07-05 19:03:27', '2017-07-05 19:03:27'),
(2567, 1, 10, 2, '2017-06-09 00:32:27', '2017-07-05 19:03:27', '2017-07-05 19:03:27'),
(2568, 1, 10, 3, '2017-06-09 00:32:27', '2017-07-05 19:03:27', '2017-07-05 19:03:27'),
(2569, 1, 10, 4, '2017-06-09 00:32:27', '2017-07-05 19:03:27', '2017-07-05 19:03:27'),
(2570, 1, 10, 5, '2017-06-09 00:32:27', '2017-07-05 19:03:27', '2017-07-05 19:03:27'),
(2571, 1, 10, 10, '2017-06-09 00:32:28', '2017-07-05 19:03:27', '2017-07-05 19:03:27'),
(2572, 1, 10, 11, '2017-06-09 00:32:28', '2017-07-05 19:03:27', '2017-07-05 19:03:27'),
(2573, 1, 10, 16, '2017-06-09 00:32:28', '2017-07-05 19:03:27', '2017-07-05 19:03:27'),
(2574, 1, 11, 1, '2017-06-09 00:32:28', '2017-07-05 19:03:27', '2017-07-05 19:03:27'),
(2575, 1, 11, 2, '2017-06-09 00:32:28', '2017-07-05 19:03:27', '2017-07-05 19:03:27'),
(2576, 1, 11, 3, '2017-06-09 00:32:28', '2017-07-05 19:03:27', '2017-07-05 19:03:27'),
(2577, 1, 11, 4, '2017-06-09 00:32:28', '2017-07-05 19:03:27', '2017-07-05 19:03:27'),
(2578, 1, 12, 1, '2017-06-09 00:32:28', '2017-07-05 19:03:27', '2017-07-05 19:03:27'),
(2579, 1, 12, 2, '2017-06-09 00:32:28', '2017-07-05 19:03:27', '2017-07-05 19:03:27'),
(2580, 1, 12, 3, '2017-06-09 00:32:28', '2017-07-05 19:03:27', '2017-07-05 19:03:27'),
(2581, 1, 12, 4, '2017-06-09 00:32:28', '2017-07-05 19:03:27', '2017-07-05 19:03:27'),
(2582, 1, 12, 10, '2017-06-09 00:32:28', '2017-07-05 19:03:27', '2017-07-05 19:03:27'),
(2583, 1, 12, 11, '2017-06-09 00:32:28', '2017-07-05 19:03:27', '2017-07-05 19:03:27'),
(2584, 1, 12, 16, '2017-06-09 00:32:28', '2017-07-05 19:03:27', '2017-07-05 19:03:27'),
(2585, 1, 13, 1, '2017-06-09 00:32:28', '2017-07-05 19:03:27', '2017-07-05 19:03:27'),
(2586, 1, 13, 2, '2017-06-09 00:32:28', '2017-07-05 19:03:27', '2017-07-05 19:03:27'),
(2587, 1, 13, 3, '2017-06-09 00:32:28', '2017-07-05 19:03:27', '2017-07-05 19:03:27'),
(2588, 1, 13, 4, '2017-06-09 00:32:28', '2017-07-05 19:03:27', '2017-07-05 19:03:27'),
(2589, 1, 13, 5, '2017-06-09 00:32:28', '2017-07-05 19:03:27', '2017-07-05 19:03:27'),
(2590, 1, 13, 10, '2017-06-09 00:32:28', '2017-07-05 19:03:27', '2017-07-05 19:03:27'),
(2591, 1, 13, 11, '2017-06-09 00:32:28', '2017-07-05 19:03:27', '2017-07-05 19:03:27'),
(2592, 1, 13, 16, '2017-06-09 00:32:28', '2017-07-05 19:03:27', '2017-07-05 19:03:27'),
(2593, 1, 14, 1, '2017-06-09 00:32:28', '2017-07-05 19:03:27', '2017-07-05 19:03:27'),
(2594, 1, 14, 2, '2017-06-09 00:32:29', '2017-07-05 19:03:27', '2017-07-05 19:03:27'),
(2595, 1, 14, 3, '2017-06-09 00:32:29', '2017-07-05 19:03:27', '2017-07-05 19:03:27'),
(2596, 1, 14, 4, '2017-06-09 00:32:29', '2017-07-05 19:03:27', '2017-07-05 19:03:27'),
(2597, 1, 15, 1, '2017-06-09 00:32:29', '2017-07-05 19:03:27', '2017-07-05 19:03:27'),
(2598, 1, 15, 2, '2017-06-09 00:32:29', '2017-07-05 19:03:27', '2017-07-05 19:03:27'),
(2599, 1, 15, 3, '2017-06-09 00:32:29', '2017-07-05 19:03:27', '2017-07-05 19:03:27'),
(2600, 1, 15, 4, '2017-06-09 00:32:29', '2017-07-05 19:03:27', '2017-07-05 19:03:27'),
(2601, 1, 15, 10, '2017-06-09 00:32:29', '2017-07-05 19:03:27', '2017-07-05 19:03:27'),
(2602, 1, 15, 11, '2017-06-09 00:32:29', '2017-07-05 19:03:27', '2017-07-05 19:03:27'),
(2603, 1, 15, 16, '2017-06-09 00:32:29', '2017-07-05 19:03:27', '2017-07-05 19:03:27'),
(2604, 1, 16, 1, '2017-06-09 00:32:29', '2017-07-05 19:03:27', '2017-07-05 19:03:27'),
(2605, 1, 16, 2, '2017-06-09 00:32:29', '2017-07-05 19:03:27', '2017-07-05 19:03:27'),
(2606, 1, 16, 3, '2017-06-09 00:32:29', '2017-07-05 19:03:27', '2017-07-05 19:03:27'),
(2607, 1, 16, 4, '2017-06-09 00:32:29', '2017-07-05 19:03:27', '2017-07-05 19:03:27'),
(2608, 1, 16, 10, '2017-06-09 00:32:29', '2017-07-05 19:03:27', '2017-07-05 19:03:27'),
(2609, 1, 16, 11, '2017-06-09 00:32:29', '2017-07-05 19:03:27', '2017-07-05 19:03:27'),
(2610, 1, 16, 16, '2017-06-09 00:32:29', '2017-07-05 19:03:27', '2017-07-05 19:03:27'),
(2611, 1, 17, 1, '2017-06-09 00:32:29', '2017-07-05 19:03:27', '2017-07-05 19:03:27'),
(2612, 1, 17, 2, '2017-06-09 00:32:29', '2017-07-05 19:03:27', '2017-07-05 19:03:27'),
(2613, 1, 17, 3, '2017-06-09 00:32:29', '2017-07-05 19:03:27', '2017-07-05 19:03:27'),
(2614, 1, 17, 4, '2017-06-09 00:32:29', '2017-07-05 19:03:27', '2017-07-05 19:03:27'),
(2615, 1, 17, 10, '2017-06-09 00:32:29', '2017-07-05 19:03:27', '2017-07-05 19:03:27'),
(2616, 1, 17, 11, '2017-06-09 00:32:30', '2017-07-05 19:03:27', '2017-07-05 19:03:27'),
(2617, 1, 17, 16, '2017-06-09 00:32:30', '2017-07-05 19:03:27', '2017-07-05 19:03:27'),
(2618, 1, 18, 1, '2017-06-09 00:32:30', '2017-07-05 19:03:27', '2017-07-05 19:03:27'),
(2619, 1, 18, 2, '2017-06-09 00:32:30', '2017-07-05 19:03:27', '2017-07-05 19:03:27'),
(2620, 1, 18, 3, '2017-06-09 00:32:30', '2017-07-05 19:03:27', '2017-07-05 19:03:27'),
(2621, 1, 18, 4, '2017-06-09 00:32:30', '2017-07-05 19:03:27', '2017-07-05 19:03:27'),
(2622, 1, 19, 1, '2017-06-09 00:32:30', '2017-07-05 19:03:27', '2017-07-05 19:03:27'),
(2623, 1, 19, 2, '2017-06-09 00:32:30', '2017-07-05 19:03:27', '2017-07-05 19:03:27'),
(2624, 1, 19, 3, '2017-06-09 00:32:30', '2017-07-05 19:03:27', '2017-07-05 19:03:27'),
(2625, 1, 19, 4, '2017-06-09 00:32:30', '2017-07-05 19:03:27', '2017-07-05 19:03:27'),
(2626, 1, 20, 1, '2017-06-09 00:32:30', '2017-07-05 19:03:27', '2017-07-05 19:03:27'),
(2627, 1, 20, 2, '2017-06-09 00:32:30', '2017-07-05 19:03:27', '2017-07-05 19:03:27'),
(2628, 1, 20, 3, '2017-06-09 00:32:30', '2017-07-05 19:03:27', '2017-07-05 19:03:27'),
(2629, 1, 20, 4, '2017-06-09 00:32:30', '2017-07-05 19:03:27', '2017-07-05 19:03:27'),
(2630, 1, 21, 1, '2017-06-09 00:32:30', '2017-07-05 19:03:27', '2017-07-05 19:03:27'),
(2631, 1, 21, 2, '2017-06-09 00:32:30', '2017-07-05 19:03:27', '2017-07-05 19:03:27'),
(2632, 1, 21, 3, '2017-06-09 00:32:30', '2017-07-05 19:03:27', '2017-07-05 19:03:27'),
(2633, 1, 21, 4, '2017-06-09 00:32:30', '2017-07-05 19:03:27', '2017-07-05 19:03:27'),
(2634, 1, 1, 1, '2017-07-05 19:03:27', '2017-07-16 21:07:00', '2017-07-16 21:07:00'),
(2635, 1, 1, 2, '2017-07-05 19:03:27', '2017-07-16 21:07:00', '2017-07-16 21:07:00'),
(2636, 1, 1, 3, '2017-07-05 19:03:27', '2017-07-16 21:07:00', '2017-07-16 21:07:00'),
(2637, 1, 1, 4, '2017-07-05 19:03:27', '2017-07-16 21:07:00', '2017-07-16 21:07:00'),
(2638, 1, 2, 1, '2017-07-05 19:03:27', '2017-07-16 21:07:00', '2017-07-16 21:07:00'),
(2639, 1, 2, 2, '2017-07-05 19:03:27', '2017-07-16 21:07:00', '2017-07-16 21:07:00'),
(2640, 1, 2, 3, '2017-07-05 19:03:27', '2017-07-16 21:07:00', '2017-07-16 21:07:00'),
(2641, 1, 2, 4, '2017-07-05 19:03:27', '2017-07-16 21:07:00', '2017-07-16 21:07:00'),
(2642, 1, 3, 1, '2017-07-05 19:03:27', '2017-07-16 21:07:00', '2017-07-16 21:07:00'),
(2643, 1, 3, 2, '2017-07-05 19:03:27', '2017-07-16 21:07:00', '2017-07-16 21:07:00'),
(2644, 1, 3, 3, '2017-07-05 19:03:27', '2017-07-16 21:07:00', '2017-07-16 21:07:00'),
(2645, 1, 3, 4, '2017-07-05 19:03:27', '2017-07-16 21:07:00', '2017-07-16 21:07:00'),
(2646, 1, 4, 1, '2017-07-05 19:03:27', '2017-07-16 21:07:00', '2017-07-16 21:07:00'),
(2647, 1, 4, 2, '2017-07-05 19:03:27', '2017-07-16 21:07:00', '2017-07-16 21:07:00'),
(2648, 1, 4, 3, '2017-07-05 19:03:27', '2017-07-16 21:07:00', '2017-07-16 21:07:00'),
(2649, 1, 4, 4, '2017-07-05 19:03:27', '2017-07-16 21:07:00', '2017-07-16 21:07:00'),
(2650, 1, 5, 1, '2017-07-05 19:03:27', '2017-07-16 21:07:00', '2017-07-16 21:07:00'),
(2651, 1, 5, 2, '2017-07-05 19:03:27', '2017-07-16 21:07:00', '2017-07-16 21:07:00'),
(2652, 1, 5, 3, '2017-07-05 19:03:27', '2017-07-16 21:07:00', '2017-07-16 21:07:00'),
(2653, 1, 5, 4, '2017-07-05 19:03:28', '2017-07-16 21:07:00', '2017-07-16 21:07:00'),
(2654, 1, 5, 10, '2017-07-05 19:03:28', '2017-07-16 21:07:00', '2017-07-16 21:07:00'),
(2655, 1, 5, 11, '2017-07-05 19:03:28', '2017-07-16 21:07:00', '2017-07-16 21:07:00'),
(2656, 1, 5, 16, '2017-07-05 19:03:28', '2017-07-16 21:07:00', '2017-07-16 21:07:00'),
(2657, 1, 6, 1, '2017-07-05 19:03:28', '2017-07-16 21:07:00', '2017-07-16 21:07:00'),
(2658, 1, 6, 2, '2017-07-05 19:03:28', '2017-07-16 21:07:00', '2017-07-16 21:07:00'),
(2659, 1, 6, 3, '2017-07-05 19:03:28', '2017-07-16 21:07:00', '2017-07-16 21:07:00'),
(2660, 1, 6, 4, '2017-07-05 19:03:28', '2017-07-16 21:07:00', '2017-07-16 21:07:00'),
(2661, 1, 7, 1, '2017-07-05 19:03:28', '2017-07-16 21:07:00', '2017-07-16 21:07:00'),
(2662, 1, 7, 2, '2017-07-05 19:03:28', '2017-07-16 21:07:00', '2017-07-16 21:07:00'),
(2663, 1, 7, 3, '2017-07-05 19:03:28', '2017-07-16 21:07:00', '2017-07-16 21:07:00'),
(2664, 1, 7, 4, '2017-07-05 19:03:28', '2017-07-16 21:07:00', '2017-07-16 21:07:00'),
(2665, 1, 8, 1, '2017-07-05 19:03:28', '2017-07-16 21:07:00', '2017-07-16 21:07:00'),
(2666, 1, 8, 2, '2017-07-05 19:03:28', '2017-07-16 21:07:00', '2017-07-16 21:07:00'),
(2667, 1, 8, 3, '2017-07-05 19:03:28', '2017-07-16 21:07:00', '2017-07-16 21:07:00'),
(2668, 1, 8, 4, '2017-07-05 19:03:28', '2017-07-16 21:07:00', '2017-07-16 21:07:00'),
(2669, 1, 8, 10, '2017-07-05 19:03:28', '2017-07-16 21:07:00', '2017-07-16 21:07:00'),
(2670, 1, 8, 11, '2017-07-05 19:03:28', '2017-07-16 21:07:00', '2017-07-16 21:07:00'),
(2671, 1, 8, 16, '2017-07-05 19:03:28', '2017-07-16 21:07:00', '2017-07-16 21:07:00'),
(2672, 1, 9, 1, '2017-07-05 19:03:28', '2017-07-16 21:07:00', '2017-07-16 21:07:00'),
(2673, 1, 9, 2, '2017-07-05 19:03:28', '2017-07-16 21:07:00', '2017-07-16 21:07:00'),
(2674, 1, 9, 3, '2017-07-05 19:03:28', '2017-07-16 21:07:00', '2017-07-16 21:07:00'),
(2675, 1, 9, 4, '2017-07-05 19:03:29', '2017-07-16 21:07:00', '2017-07-16 21:07:00'),
(2676, 1, 9, 5, '2017-07-05 19:03:29', '2017-07-16 21:07:00', '2017-07-16 21:07:00'),
(2677, 1, 9, 10, '2017-07-05 19:03:29', '2017-07-16 21:07:00', '2017-07-16 21:07:00'),
(2678, 1, 9, 11, '2017-07-05 19:03:29', '2017-07-16 21:07:00', '2017-07-16 21:07:00'),
(2679, 1, 9, 16, '2017-07-05 19:03:29', '2017-07-16 21:07:00', '2017-07-16 21:07:00'),
(2680, 1, 10, 1, '2017-07-05 19:03:29', '2017-07-16 21:07:00', '2017-07-16 21:07:00'),
(2681, 1, 10, 2, '2017-07-05 19:03:29', '2017-07-16 21:07:00', '2017-07-16 21:07:00'),
(2682, 1, 10, 3, '2017-07-05 19:03:29', '2017-07-16 21:07:00', '2017-07-16 21:07:00'),
(2683, 1, 10, 4, '2017-07-05 19:03:29', '2017-07-16 21:07:00', '2017-07-16 21:07:00'),
(2684, 1, 10, 5, '2017-07-05 19:03:29', '2017-07-16 21:07:00', '2017-07-16 21:07:00'),
(2685, 1, 10, 10, '2017-07-05 19:03:29', '2017-07-16 21:07:00', '2017-07-16 21:07:00'),
(2686, 1, 10, 11, '2017-07-05 19:03:29', '2017-07-16 21:07:00', '2017-07-16 21:07:00'),
(2687, 1, 10, 16, '2017-07-05 19:03:29', '2017-07-16 21:07:00', '2017-07-16 21:07:00'),
(2688, 1, 11, 1, '2017-07-05 19:03:29', '2017-07-16 21:07:00', '2017-07-16 21:07:00'),
(2689, 1, 11, 2, '2017-07-05 19:03:29', '2017-07-16 21:07:00', '2017-07-16 21:07:00'),
(2690, 1, 11, 3, '2017-07-05 19:03:29', '2017-07-16 21:07:00', '2017-07-16 21:07:00'),
(2691, 1, 11, 4, '2017-07-05 19:03:29', '2017-07-16 21:07:00', '2017-07-16 21:07:00'),
(2692, 1, 12, 1, '2017-07-05 19:03:29', '2017-07-16 21:07:00', '2017-07-16 21:07:00'),
(2693, 1, 12, 2, '2017-07-05 19:03:29', '2017-07-16 21:07:00', '2017-07-16 21:07:00'),
(2694, 1, 12, 3, '2017-07-05 19:03:29', '2017-07-16 21:07:00', '2017-07-16 21:07:00'),
(2695, 1, 12, 4, '2017-07-05 19:03:29', '2017-07-16 21:07:00', '2017-07-16 21:07:00'),
(2696, 1, 12, 10, '2017-07-05 19:03:29', '2017-07-16 21:07:00', '2017-07-16 21:07:00'),
(2697, 1, 12, 11, '2017-07-05 19:03:30', '2017-07-16 21:07:00', '2017-07-16 21:07:00'),
(2698, 1, 12, 16, '2017-07-05 19:03:30', '2017-07-16 21:07:00', '2017-07-16 21:07:00'),
(2699, 1, 13, 1, '2017-07-05 19:03:30', '2017-07-16 21:07:00', '2017-07-16 21:07:00'),
(2700, 1, 13, 2, '2017-07-05 19:03:30', '2017-07-16 21:07:00', '2017-07-16 21:07:00'),
(2701, 1, 13, 3, '2017-07-05 19:03:30', '2017-07-16 21:07:00', '2017-07-16 21:07:00'),
(2702, 1, 13, 4, '2017-07-05 19:03:30', '2017-07-16 21:07:00', '2017-07-16 21:07:00'),
(2703, 1, 13, 5, '2017-07-05 19:03:30', '2017-07-16 21:07:00', '2017-07-16 21:07:00'),
(2704, 1, 13, 10, '2017-07-05 19:03:30', '2017-07-16 21:07:00', '2017-07-16 21:07:00'),
(2705, 1, 13, 11, '2017-07-05 19:03:30', '2017-07-16 21:07:00', '2017-07-16 21:07:00'),
(2706, 1, 13, 16, '2017-07-05 19:03:30', '2017-07-16 21:07:00', '2017-07-16 21:07:00'),
(2707, 1, 14, 1, '2017-07-05 19:03:30', '2017-07-16 21:07:00', '2017-07-16 21:07:00'),
(2708, 1, 14, 2, '2017-07-05 19:03:30', '2017-07-16 21:07:00', '2017-07-16 21:07:00'),
(2709, 1, 14, 3, '2017-07-05 19:03:30', '2017-07-16 21:07:00', '2017-07-16 21:07:00'),
(2710, 1, 14, 4, '2017-07-05 19:03:30', '2017-07-16 21:07:00', '2017-07-16 21:07:00'),
(2711, 1, 15, 1, '2017-07-05 19:03:30', '2017-07-16 21:07:00', '2017-07-16 21:07:00'),
(2712, 1, 15, 2, '2017-07-05 19:03:30', '2017-07-16 21:07:00', '2017-07-16 21:07:00'),
(2713, 1, 15, 3, '2017-07-05 19:03:30', '2017-07-16 21:07:00', '2017-07-16 21:07:00'),
(2714, 1, 15, 4, '2017-07-05 19:03:30', '2017-07-16 21:07:00', '2017-07-16 21:07:00'),
(2715, 1, 15, 10, '2017-07-05 19:03:30', '2017-07-16 21:07:00', '2017-07-16 21:07:00'),
(2716, 1, 15, 11, '2017-07-05 19:03:30', '2017-07-16 21:07:00', '2017-07-16 21:07:00'),
(2717, 1, 15, 16, '2017-07-05 19:03:30', '2017-07-16 21:07:00', '2017-07-16 21:07:00'),
(2718, 1, 16, 1, '2017-07-05 19:03:30', '2017-07-16 21:07:00', '2017-07-16 21:07:00'),
(2719, 1, 16, 2, '2017-07-05 19:03:30', '2017-07-16 21:07:00', '2017-07-16 21:07:00'),
(2720, 1, 16, 3, '2017-07-05 19:03:31', '2017-07-16 21:07:00', '2017-07-16 21:07:00'),
(2721, 1, 16, 4, '2017-07-05 19:03:31', '2017-07-16 21:07:00', '2017-07-16 21:07:00'),
(2722, 1, 16, 10, '2017-07-05 19:03:31', '2017-07-16 21:07:00', '2017-07-16 21:07:00'),
(2723, 1, 16, 11, '2017-07-05 19:03:31', '2017-07-16 21:07:00', '2017-07-16 21:07:00'),
(2724, 1, 16, 16, '2017-07-05 19:03:31', '2017-07-16 21:07:00', '2017-07-16 21:07:00'),
(2725, 1, 17, 1, '2017-07-05 19:03:31', '2017-07-16 21:07:00', '2017-07-16 21:07:00'),
(2726, 1, 17, 2, '2017-07-05 19:03:31', '2017-07-16 21:07:00', '2017-07-16 21:07:00'),
(2727, 1, 17, 3, '2017-07-05 19:03:31', '2017-07-16 21:07:00', '2017-07-16 21:07:00'),
(2728, 1, 17, 4, '2017-07-05 19:03:31', '2017-07-16 21:07:00', '2017-07-16 21:07:00'),
(2729, 1, 17, 10, '2017-07-05 19:03:31', '2017-07-16 21:07:00', '2017-07-16 21:07:00'),
(2730, 1, 17, 11, '2017-07-05 19:03:31', '2017-07-16 21:07:00', '2017-07-16 21:07:00'),
(2731, 1, 17, 16, '2017-07-05 19:03:31', '2017-07-16 21:07:00', '2017-07-16 21:07:00'),
(2732, 1, 18, 1, '2017-07-05 19:03:31', '2017-07-16 21:07:00', '2017-07-16 21:07:00'),
(2733, 1, 18, 2, '2017-07-05 19:03:31', '2017-07-16 21:07:00', '2017-07-16 21:07:00'),
(2734, 1, 18, 3, '2017-07-05 19:03:31', '2017-07-16 21:07:00', '2017-07-16 21:07:00'),
(2735, 1, 18, 4, '2017-07-05 19:03:31', '2017-07-16 21:07:00', '2017-07-16 21:07:00'),
(2736, 1, 19, 1, '2017-07-05 19:03:31', '2017-07-16 21:07:00', '2017-07-16 21:07:00'),
(2737, 1, 19, 2, '2017-07-05 19:03:31', '2017-07-16 21:07:00', '2017-07-16 21:07:00'),
(2738, 1, 19, 3, '2017-07-05 19:03:31', '2017-07-16 21:07:00', '2017-07-16 21:07:00'),
(2739, 1, 19, 4, '2017-07-05 19:03:31', '2017-07-16 21:07:00', '2017-07-16 21:07:00'),
(2740, 1, 20, 1, '2017-07-05 19:03:31', '2017-07-16 21:07:00', '2017-07-16 21:07:00'),
(2741, 1, 20, 2, '2017-07-05 19:03:31', '2017-07-16 21:07:00', '2017-07-16 21:07:00'),
(2742, 1, 20, 3, '2017-07-05 19:03:31', '2017-07-16 21:07:00', '2017-07-16 21:07:00'),
(2743, 1, 20, 4, '2017-07-05 19:03:31', '2017-07-16 21:07:00', '2017-07-16 21:07:00'),
(2744, 1, 21, 1, '2017-07-05 19:03:31', '2017-07-16 21:07:00', '2017-07-16 21:07:00'),
(2745, 1, 21, 2, '2017-07-05 19:03:31', '2017-07-16 21:07:00', '2017-07-16 21:07:00'),
(2746, 1, 21, 3, '2017-07-05 19:03:32', '2017-07-16 21:07:00', '2017-07-16 21:07:00'),
(2747, 1, 21, 4, '2017-07-05 19:03:32', '2017-07-16 21:07:00', '2017-07-16 21:07:00'),
(2748, 1, 22, 1, '2017-07-05 19:03:32', '2017-07-16 21:07:00', '2017-07-16 21:07:00'),
(2749, 1, 22, 2, '2017-07-05 19:03:32', '2017-07-16 21:07:00', '2017-07-16 21:07:00'),
(2750, 1, 22, 3, '2017-07-05 19:03:32', '2017-07-16 21:07:00', '2017-07-16 21:07:00'),
(2751, 1, 22, 4, '2017-07-05 19:03:32', '2017-07-16 21:07:00', '2017-07-16 21:07:00'),
(2752, 1, 1, 1, '2017-07-16 21:07:00', '2017-08-15 21:08:19', '2017-08-15 21:08:19'),
(2753, 1, 1, 2, '2017-07-16 21:07:00', '2017-08-15 21:08:19', '2017-08-15 21:08:19'),
(2754, 1, 1, 3, '2017-07-16 21:07:00', '2017-08-15 21:08:19', '2017-08-15 21:08:19'),
(2755, 1, 1, 4, '2017-07-16 21:07:00', '2017-08-15 21:08:19', '2017-08-15 21:08:19'),
(2756, 1, 2, 1, '2017-07-16 21:07:00', '2017-08-15 21:08:19', '2017-08-15 21:08:19'),
(2757, 1, 2, 2, '2017-07-16 21:07:00', '2017-08-15 21:08:19', '2017-08-15 21:08:19'),
(2758, 1, 2, 3, '2017-07-16 21:07:00', '2017-08-15 21:08:19', '2017-08-15 21:08:19'),
(2759, 1, 2, 4, '2017-07-16 21:07:00', '2017-08-15 21:08:19', '2017-08-15 21:08:19'),
(2760, 1, 3, 1, '2017-07-16 21:07:00', '2017-08-15 21:08:19', '2017-08-15 21:08:19'),
(2761, 1, 3, 2, '2017-07-16 21:07:00', '2017-08-15 21:08:19', '2017-08-15 21:08:19'),
(2762, 1, 3, 3, '2017-07-16 21:07:00', '2017-08-15 21:08:19', '2017-08-15 21:08:19'),
(2763, 1, 3, 4, '2017-07-16 21:07:00', '2017-08-15 21:08:19', '2017-08-15 21:08:19'),
(2764, 1, 4, 1, '2017-07-16 21:07:00', '2017-08-15 21:08:19', '2017-08-15 21:08:19'),
(2765, 1, 4, 2, '2017-07-16 21:07:00', '2017-08-15 21:08:19', '2017-08-15 21:08:19'),
(2766, 1, 4, 3, '2017-07-16 21:07:00', '2017-08-15 21:08:19', '2017-08-15 21:08:19'),
(2767, 1, 4, 4, '2017-07-16 21:07:01', '2017-08-15 21:08:19', '2017-08-15 21:08:19'),
(2768, 1, 5, 1, '2017-07-16 21:07:01', '2017-08-15 21:08:19', '2017-08-15 21:08:19'),
(2769, 1, 5, 2, '2017-07-16 21:07:01', '2017-08-15 21:08:19', '2017-08-15 21:08:19'),
(2770, 1, 5, 3, '2017-07-16 21:07:01', '2017-08-15 21:08:19', '2017-08-15 21:08:19'),
(2771, 1, 5, 4, '2017-07-16 21:07:01', '2017-08-15 21:08:19', '2017-08-15 21:08:19'),
(2772, 1, 5, 10, '2017-07-16 21:07:01', '2017-08-15 21:08:19', '2017-08-15 21:08:19'),
(2773, 1, 5, 11, '2017-07-16 21:07:01', '2017-08-15 21:08:19', '2017-08-15 21:08:19'),
(2774, 1, 5, 16, '2017-07-16 21:07:01', '2017-08-15 21:08:19', '2017-08-15 21:08:19'),
(2775, 1, 6, 1, '2017-07-16 21:07:01', '2017-08-15 21:08:19', '2017-08-15 21:08:19'),
(2776, 1, 6, 2, '2017-07-16 21:07:01', '2017-08-15 21:08:19', '2017-08-15 21:08:19'),
(2777, 1, 6, 3, '2017-07-16 21:07:01', '2017-08-15 21:08:19', '2017-08-15 21:08:19'),
(2778, 1, 6, 4, '2017-07-16 21:07:01', '2017-08-15 21:08:19', '2017-08-15 21:08:19'),
(2779, 1, 7, 1, '2017-07-16 21:07:01', '2017-08-15 21:08:19', '2017-08-15 21:08:19'),
(2780, 1, 7, 2, '2017-07-16 21:07:01', '2017-08-15 21:08:19', '2017-08-15 21:08:19'),
(2781, 1, 7, 3, '2017-07-16 21:07:01', '2017-08-15 21:08:19', '2017-08-15 21:08:19'),
(2782, 1, 7, 4, '2017-07-16 21:07:01', '2017-08-15 21:08:19', '2017-08-15 21:08:19'),
(2783, 1, 8, 1, '2017-07-16 21:07:01', '2017-08-15 21:08:19', '2017-08-15 21:08:19'),
(2784, 1, 8, 2, '2017-07-16 21:07:01', '2017-08-15 21:08:19', '2017-08-15 21:08:19'),
(2785, 1, 8, 3, '2017-07-16 21:07:01', '2017-08-15 21:08:19', '2017-08-15 21:08:19'),
(2786, 1, 8, 4, '2017-07-16 21:07:01', '2017-08-15 21:08:19', '2017-08-15 21:08:19'),
(2787, 1, 8, 10, '2017-07-16 21:07:01', '2017-08-15 21:08:19', '2017-08-15 21:08:19'),
(2788, 1, 8, 11, '2017-07-16 21:07:01', '2017-08-15 21:08:19', '2017-08-15 21:08:19'),
(2789, 1, 8, 16, '2017-07-16 21:07:01', '2017-08-15 21:08:19', '2017-08-15 21:08:19'),
(2790, 1, 9, 1, '2017-07-16 21:07:01', '2017-08-15 21:08:19', '2017-08-15 21:08:19'),
(2791, 1, 9, 2, '2017-07-16 21:07:02', '2017-08-15 21:08:19', '2017-08-15 21:08:19'),
(2792, 1, 9, 3, '2017-07-16 21:07:02', '2017-08-15 21:08:19', '2017-08-15 21:08:19'),
(2793, 1, 9, 4, '2017-07-16 21:07:02', '2017-08-15 21:08:19', '2017-08-15 21:08:19'),
(2794, 1, 9, 5, '2017-07-16 21:07:02', '2017-08-15 21:08:19', '2017-08-15 21:08:19'),
(2795, 1, 9, 10, '2017-07-16 21:07:02', '2017-08-15 21:08:19', '2017-08-15 21:08:19'),
(2796, 1, 9, 11, '2017-07-16 21:07:02', '2017-08-15 21:08:19', '2017-08-15 21:08:19'),
(2797, 1, 9, 16, '2017-07-16 21:07:02', '2017-08-15 21:08:19', '2017-08-15 21:08:19'),
(2798, 1, 10, 1, '2017-07-16 21:07:02', '2017-08-15 21:08:19', '2017-08-15 21:08:19'),
(2799, 1, 10, 2, '2017-07-16 21:07:02', '2017-08-15 21:08:19', '2017-08-15 21:08:19'),
(2800, 1, 10, 3, '2017-07-16 21:07:02', '2017-08-15 21:08:19', '2017-08-15 21:08:19'),
(2801, 1, 10, 4, '2017-07-16 21:07:02', '2017-08-15 21:08:19', '2017-08-15 21:08:19'),
(2802, 1, 10, 5, '2017-07-16 21:07:02', '2017-08-15 21:08:19', '2017-08-15 21:08:19'),
(2803, 1, 10, 10, '2017-07-16 21:07:02', '2017-08-15 21:08:19', '2017-08-15 21:08:19'),
(2804, 1, 10, 11, '2017-07-16 21:07:02', '2017-08-15 21:08:19', '2017-08-15 21:08:19'),
(2805, 1, 10, 16, '2017-07-16 21:07:02', '2017-08-15 21:08:19', '2017-08-15 21:08:19'),
(2806, 1, 11, 1, '2017-07-16 21:07:02', '2017-08-15 21:08:19', '2017-08-15 21:08:19'),
(2807, 1, 11, 2, '2017-07-16 21:07:02', '2017-08-15 21:08:19', '2017-08-15 21:08:19'),
(2808, 1, 11, 3, '2017-07-16 21:07:02', '2017-08-15 21:08:19', '2017-08-15 21:08:19'),
(2809, 1, 11, 4, '2017-07-16 21:07:02', '2017-08-15 21:08:19', '2017-08-15 21:08:19'),
(2810, 1, 12, 1, '2017-07-16 21:07:02', '2017-08-15 21:08:19', '2017-08-15 21:08:19'),
(2811, 1, 12, 2, '2017-07-16 21:07:02', '2017-08-15 21:08:19', '2017-08-15 21:08:19'),
(2812, 1, 12, 3, '2017-07-16 21:07:02', '2017-08-15 21:08:19', '2017-08-15 21:08:19'),
(2813, 1, 12, 10, '2017-07-16 21:07:02', '2017-08-15 21:08:19', '2017-08-15 21:08:19'),
(2814, 1, 12, 11, '2017-07-16 21:07:02', '2017-08-15 21:08:19', '2017-08-15 21:08:19'),
(2815, 1, 12, 16, '2017-07-16 21:07:02', '2017-08-15 21:08:19', '2017-08-15 21:08:19'),
(2816, 1, 13, 1, '2017-07-16 21:07:03', '2017-08-15 21:08:19', '2017-08-15 21:08:19'),
(2817, 1, 13, 2, '2017-07-16 21:07:03', '2017-08-15 21:08:19', '2017-08-15 21:08:19'),
(2818, 1, 13, 3, '2017-07-16 21:07:03', '2017-08-15 21:08:19', '2017-08-15 21:08:19'),
(2819, 1, 13, 4, '2017-07-16 21:07:03', '2017-08-15 21:08:19', '2017-08-15 21:08:19'),
(2820, 1, 13, 5, '2017-07-16 21:07:03', '2017-08-15 21:08:19', '2017-08-15 21:08:19'),
(2821, 1, 13, 10, '2017-07-16 21:07:03', '2017-08-15 21:08:19', '2017-08-15 21:08:19'),
(2822, 1, 13, 11, '2017-07-16 21:07:03', '2017-08-15 21:08:19', '2017-08-15 21:08:19'),
(2823, 1, 13, 16, '2017-07-16 21:07:03', '2017-08-15 21:08:19', '2017-08-15 21:08:19'),
(2824, 1, 14, 1, '2017-07-16 21:07:03', '2017-08-15 21:08:19', '2017-08-15 21:08:19'),
(2825, 1, 14, 2, '2017-07-16 21:07:03', '2017-08-15 21:08:19', '2017-08-15 21:08:19'),
(2826, 1, 14, 3, '2017-07-16 21:07:03', '2017-08-15 21:08:19', '2017-08-15 21:08:19'),
(2827, 1, 14, 4, '2017-07-16 21:07:03', '2017-08-15 21:08:19', '2017-08-15 21:08:19'),
(2828, 1, 15, 1, '2017-07-16 21:07:03', '2017-08-15 21:08:19', '2017-08-15 21:08:19'),
(2829, 1, 15, 2, '2017-07-16 21:07:03', '2017-08-15 21:08:19', '2017-08-15 21:08:19'),
(2830, 1, 15, 3, '2017-07-16 21:07:03', '2017-08-15 21:08:19', '2017-08-15 21:08:19'),
(2831, 1, 15, 4, '2017-07-16 21:07:03', '2017-08-15 21:08:19', '2017-08-15 21:08:19'),
(2832, 1, 15, 10, '2017-07-16 21:07:03', '2017-08-15 21:08:19', '2017-08-15 21:08:19'),
(2833, 1, 15, 11, '2017-07-16 21:07:03', '2017-08-15 21:08:19', '2017-08-15 21:08:19'),
(2834, 1, 15, 16, '2017-07-16 21:07:03', '2017-08-15 21:08:19', '2017-08-15 21:08:19'),
(2835, 1, 16, 1, '2017-07-16 21:07:03', '2017-08-15 21:08:19', '2017-08-15 21:08:19'),
(2836, 1, 16, 2, '2017-07-16 21:07:04', '2017-08-15 21:08:19', '2017-08-15 21:08:19'),
(2837, 1, 16, 3, '2017-07-16 21:07:04', '2017-08-15 21:08:19', '2017-08-15 21:08:19'),
(2838, 1, 16, 4, '2017-07-16 21:07:04', '2017-08-15 21:08:19', '2017-08-15 21:08:19'),
(2839, 1, 16, 10, '2017-07-16 21:07:04', '2017-08-15 21:08:19', '2017-08-15 21:08:19'),
(2840, 1, 16, 11, '2017-07-16 21:07:04', '2017-08-15 21:08:19', '2017-08-15 21:08:19'),
(2841, 1, 16, 16, '2017-07-16 21:07:04', '2017-08-15 21:08:19', '2017-08-15 21:08:19'),
(2842, 1, 17, 1, '2017-07-16 21:07:04', '2017-08-15 21:08:19', '2017-08-15 21:08:19'),
(2843, 1, 17, 2, '2017-07-16 21:07:04', '2017-08-15 21:08:19', '2017-08-15 21:08:19'),
(2844, 1, 17, 3, '2017-07-16 21:07:04', '2017-08-15 21:08:19', '2017-08-15 21:08:19'),
(2845, 1, 17, 4, '2017-07-16 21:07:04', '2017-08-15 21:08:19', '2017-08-15 21:08:19'),
(2846, 1, 17, 10, '2017-07-16 21:07:04', '2017-08-15 21:08:19', '2017-08-15 21:08:19'),
(2847, 1, 17, 11, '2017-07-16 21:07:04', '2017-08-15 21:08:19', '2017-08-15 21:08:19'),
(2848, 1, 17, 16, '2017-07-16 21:07:04', '2017-08-15 21:08:19', '2017-08-15 21:08:19'),
(2849, 1, 18, 1, '2017-07-16 21:07:04', '2017-08-15 21:08:19', '2017-08-15 21:08:19'),
(2850, 1, 18, 2, '2017-07-16 21:07:04', '2017-08-15 21:08:19', '2017-08-15 21:08:19'),
(2851, 1, 18, 3, '2017-07-16 21:07:04', '2017-08-15 21:08:19', '2017-08-15 21:08:19'),
(2852, 1, 18, 4, '2017-07-16 21:07:04', '2017-08-15 21:08:19', '2017-08-15 21:08:19'),
(2853, 1, 19, 1, '2017-07-16 21:07:04', '2017-08-15 21:08:19', '2017-08-15 21:08:19'),
(2854, 1, 19, 2, '2017-07-16 21:07:04', '2017-08-15 21:08:19', '2017-08-15 21:08:19'),
(2855, 1, 19, 3, '2017-07-16 21:07:04', '2017-08-15 21:08:19', '2017-08-15 21:08:19'),
(2856, 1, 19, 4, '2017-07-16 21:07:04', '2017-08-15 21:08:19', '2017-08-15 21:08:19'),
(2857, 1, 20, 1, '2017-07-16 21:07:05', '2017-08-15 21:08:19', '2017-08-15 21:08:19'),
(2858, 1, 20, 2, '2017-07-16 21:07:05', '2017-08-15 21:08:19', '2017-08-15 21:08:19'),
(2859, 1, 20, 3, '2017-07-16 21:07:05', '2017-08-15 21:08:19', '2017-08-15 21:08:19'),
(2860, 1, 20, 4, '2017-07-16 21:07:05', '2017-08-15 21:08:19', '2017-08-15 21:08:19'),
(2861, 1, 21, 1, '2017-07-16 21:07:05', '2017-08-15 21:08:19', '2017-08-15 21:08:19'),
(2862, 1, 21, 2, '2017-07-16 21:07:05', '2017-08-15 21:08:19', '2017-08-15 21:08:19'),
(2863, 1, 21, 3, '2017-07-16 21:07:05', '2017-08-15 21:08:19', '2017-08-15 21:08:19'),
(2864, 1, 21, 4, '2017-07-16 21:07:05', '2017-08-15 21:08:19', '2017-08-15 21:08:19'),
(2865, 1, 22, 1, '2017-07-16 21:07:05', '2017-08-15 21:08:19', '2017-08-15 21:08:19'),
(2866, 1, 22, 2, '2017-07-16 21:07:05', '2017-08-15 21:08:19', '2017-08-15 21:08:19'),
(2867, 1, 22, 3, '2017-07-16 21:07:05', '2017-08-15 21:08:19', '2017-08-15 21:08:19'),
(2868, 1, 22, 4, '2017-07-16 21:07:05', '2017-08-15 21:08:19', '2017-08-15 21:08:19'),
(2869, 1, 1, 1, '2017-08-15 21:08:20', '2017-08-15 21:10:09', '2017-08-15 21:10:09'),
(2870, 1, 1, 2, '2017-08-15 21:08:20', '2017-08-15 21:10:09', '2017-08-15 21:10:09'),
(2871, 1, 1, 3, '2017-08-15 21:08:20', '2017-08-15 21:10:09', '2017-08-15 21:10:09'),
(2872, 1, 1, 4, '2017-08-15 21:08:20', '2017-08-15 21:10:09', '2017-08-15 21:10:09'),
(2873, 1, 2, 1, '2017-08-15 21:08:20', '2017-08-15 21:10:09', '2017-08-15 21:10:09'),
(2874, 1, 2, 2, '2017-08-15 21:08:20', '2017-08-15 21:10:09', '2017-08-15 21:10:09'),
(2875, 1, 2, 3, '2017-08-15 21:08:20', '2017-08-15 21:10:09', '2017-08-15 21:10:09'),
(2876, 1, 2, 4, '2017-08-15 21:08:20', '2017-08-15 21:10:09', '2017-08-15 21:10:09'),
(2877, 1, 3, 1, '2017-08-15 21:08:20', '2017-08-15 21:10:09', '2017-08-15 21:10:09'),
(2878, 1, 3, 2, '2017-08-15 21:08:20', '2017-08-15 21:10:09', '2017-08-15 21:10:09'),
(2879, 1, 3, 3, '2017-08-15 21:08:20', '2017-08-15 21:10:09', '2017-08-15 21:10:09'),
(2880, 1, 3, 4, '2017-08-15 21:08:20', '2017-08-15 21:10:09', '2017-08-15 21:10:09'),
(2881, 1, 4, 1, '2017-08-15 21:08:20', '2017-08-15 21:10:09', '2017-08-15 21:10:09'),
(2882, 1, 4, 2, '2017-08-15 21:08:20', '2017-08-15 21:10:09', '2017-08-15 21:10:09'),
(2883, 1, 4, 3, '2017-08-15 21:08:20', '2017-08-15 21:10:09', '2017-08-15 21:10:09'),
(2884, 1, 4, 4, '2017-08-15 21:08:20', '2017-08-15 21:10:09', '2017-08-15 21:10:09'),
(2885, 1, 5, 1, '2017-08-15 21:08:20', '2017-08-15 21:10:09', '2017-08-15 21:10:09'),
(2886, 1, 5, 2, '2017-08-15 21:08:20', '2017-08-15 21:10:09', '2017-08-15 21:10:09'),
(2887, 1, 5, 3, '2017-08-15 21:08:20', '2017-08-15 21:10:09', '2017-08-15 21:10:09'),
(2888, 1, 5, 4, '2017-08-15 21:08:20', '2017-08-15 21:10:09', '2017-08-15 21:10:09'),
(2889, 1, 5, 10, '2017-08-15 21:08:20', '2017-08-15 21:10:09', '2017-08-15 21:10:09'),
(2890, 1, 5, 11, '2017-08-15 21:08:20', '2017-08-15 21:10:09', '2017-08-15 21:10:09'),
(2891, 1, 5, 16, '2017-08-15 21:08:20', '2017-08-15 21:10:09', '2017-08-15 21:10:09'),
(2892, 1, 6, 1, '2017-08-15 21:08:21', '2017-08-15 21:10:09', '2017-08-15 21:10:09'),
(2893, 1, 6, 2, '2017-08-15 21:08:21', '2017-08-15 21:10:09', '2017-08-15 21:10:09'),
(2894, 1, 6, 3, '2017-08-15 21:08:21', '2017-08-15 21:10:09', '2017-08-15 21:10:09'),
(2895, 1, 6, 4, '2017-08-15 21:08:21', '2017-08-15 21:10:09', '2017-08-15 21:10:09'),
(2896, 1, 7, 1, '2017-08-15 21:08:21', '2017-08-15 21:10:09', '2017-08-15 21:10:09'),
(2897, 1, 7, 2, '2017-08-15 21:08:21', '2017-08-15 21:10:09', '2017-08-15 21:10:09'),
(2898, 1, 7, 3, '2017-08-15 21:08:21', '2017-08-15 21:10:09', '2017-08-15 21:10:09'),
(2899, 1, 7, 4, '2017-08-15 21:08:21', '2017-08-15 21:10:09', '2017-08-15 21:10:09'),
(2900, 1, 8, 1, '2017-08-15 21:08:21', '2017-08-15 21:10:09', '2017-08-15 21:10:09'),
(2901, 1, 8, 2, '2017-08-15 21:08:21', '2017-08-15 21:10:09', '2017-08-15 21:10:09'),
(2902, 1, 8, 3, '2017-08-15 21:08:21', '2017-08-15 21:10:09', '2017-08-15 21:10:09'),
(2903, 1, 8, 4, '2017-08-15 21:08:21', '2017-08-15 21:10:09', '2017-08-15 21:10:09'),
(2904, 1, 8, 10, '2017-08-15 21:08:21', '2017-08-15 21:10:09', '2017-08-15 21:10:09'),
(2905, 1, 8, 11, '2017-08-15 21:08:21', '2017-08-15 21:10:09', '2017-08-15 21:10:09'),
(2906, 1, 8, 16, '2017-08-15 21:08:21', '2017-08-15 21:10:09', '2017-08-15 21:10:09'),
(2907, 1, 9, 1, '2017-08-15 21:08:21', '2017-08-15 21:10:09', '2017-08-15 21:10:09'),
(2908, 1, 9, 2, '2017-08-15 21:08:21', '2017-08-15 21:10:09', '2017-08-15 21:10:09'),
(2909, 1, 9, 3, '2017-08-15 21:08:21', '2017-08-15 21:10:09', '2017-08-15 21:10:09'),
(2910, 1, 9, 4, '2017-08-15 21:08:21', '2017-08-15 21:10:09', '2017-08-15 21:10:09'),
(2911, 1, 9, 5, '2017-08-15 21:08:21', '2017-08-15 21:10:09', '2017-08-15 21:10:09'),
(2912, 1, 9, 10, '2017-08-15 21:08:21', '2017-08-15 21:10:09', '2017-08-15 21:10:09'),
(2913, 1, 9, 11, '2017-08-15 21:08:21', '2017-08-15 21:10:09', '2017-08-15 21:10:09'),
(2914, 1, 9, 16, '2017-08-15 21:08:22', '2017-08-15 21:10:09', '2017-08-15 21:10:09'),
(2915, 1, 10, 1, '2017-08-15 21:08:22', '2017-08-15 21:10:09', '2017-08-15 21:10:09'),
(2916, 1, 10, 2, '2017-08-15 21:08:22', '2017-08-15 21:10:09', '2017-08-15 21:10:09'),
(2917, 1, 10, 3, '2017-08-15 21:08:22', '2017-08-15 21:10:09', '2017-08-15 21:10:09'),
(2918, 1, 10, 4, '2017-08-15 21:08:22', '2017-08-15 21:10:09', '2017-08-15 21:10:09'),
(2919, 1, 10, 5, '2017-08-15 21:08:22', '2017-08-15 21:10:09', '2017-08-15 21:10:09'),
(2920, 1, 10, 10, '2017-08-15 21:08:22', '2017-08-15 21:10:09', '2017-08-15 21:10:09'),
(2921, 1, 10, 11, '2017-08-15 21:08:22', '2017-08-15 21:10:09', '2017-08-15 21:10:09'),
(2922, 1, 10, 16, '2017-08-15 21:08:22', '2017-08-15 21:10:09', '2017-08-15 21:10:09'),
(2923, 1, 11, 1, '2017-08-15 21:08:22', '2017-08-15 21:10:09', '2017-08-15 21:10:09'),
(2924, 1, 11, 2, '2017-08-15 21:08:22', '2017-08-15 21:10:09', '2017-08-15 21:10:09'),
(2925, 1, 11, 3, '2017-08-15 21:08:22', '2017-08-15 21:10:09', '2017-08-15 21:10:09'),
(2926, 1, 11, 4, '2017-08-15 21:08:22', '2017-08-15 21:10:09', '2017-08-15 21:10:09'),
(2927, 1, 12, 1, '2017-08-15 21:08:22', '2017-08-15 21:10:09', '2017-08-15 21:10:09'),
(2928, 1, 12, 2, '2017-08-15 21:08:22', '2017-08-15 21:10:09', '2017-08-15 21:10:09'),
(2929, 1, 12, 3, '2017-08-15 21:08:23', '2017-08-15 21:10:09', '2017-08-15 21:10:09'),
(2930, 1, 12, 4, '2017-08-15 21:08:23', '2017-08-15 21:10:09', '2017-08-15 21:10:09'),
(2931, 1, 12, 10, '2017-08-15 21:08:23', '2017-08-15 21:10:09', '2017-08-15 21:10:09'),
(2932, 1, 12, 11, '2017-08-15 21:08:23', '2017-08-15 21:10:09', '2017-08-15 21:10:09'),
(2933, 1, 12, 16, '2017-08-15 21:08:23', '2017-08-15 21:10:09', '2017-08-15 21:10:09'),
(2934, 1, 13, 1, '2017-08-15 21:08:23', '2017-08-15 21:10:09', '2017-08-15 21:10:09'),
(2935, 1, 13, 2, '2017-08-15 21:08:23', '2017-08-15 21:10:09', '2017-08-15 21:10:09'),
(2936, 1, 13, 3, '2017-08-15 21:08:23', '2017-08-15 21:10:09', '2017-08-15 21:10:09'),
(2937, 1, 13, 4, '2017-08-15 21:08:23', '2017-08-15 21:10:09', '2017-08-15 21:10:09'),
(2938, 1, 13, 5, '2017-08-15 21:08:23', '2017-08-15 21:10:09', '2017-08-15 21:10:09'),
(2939, 1, 13, 10, '2017-08-15 21:08:23', '2017-08-15 21:10:09', '2017-08-15 21:10:09'),
(2940, 1, 13, 11, '2017-08-15 21:08:23', '2017-08-15 21:10:09', '2017-08-15 21:10:09'),
(2941, 1, 13, 16, '2017-08-15 21:08:23', '2017-08-15 21:10:09', '2017-08-15 21:10:09'),
(2942, 1, 14, 1, '2017-08-15 21:08:23', '2017-08-15 21:10:09', '2017-08-15 21:10:09'),
(2943, 1, 14, 2, '2017-08-15 21:08:23', '2017-08-15 21:10:09', '2017-08-15 21:10:09'),
(2944, 1, 14, 3, '2017-08-15 21:08:23', '2017-08-15 21:10:09', '2017-08-15 21:10:09'),
(2945, 1, 14, 4, '2017-08-15 21:08:23', '2017-08-15 21:10:09', '2017-08-15 21:10:09'),
(2946, 1, 15, 1, '2017-08-15 21:08:23', '2017-08-15 21:10:09', '2017-08-15 21:10:09'),
(2947, 1, 15, 2, '2017-08-15 21:08:23', '2017-08-15 21:10:09', '2017-08-15 21:10:09'),
(2948, 1, 15, 3, '2017-08-15 21:08:23', '2017-08-15 21:10:09', '2017-08-15 21:10:09'),
(2949, 1, 15, 4, '2017-08-15 21:08:23', '2017-08-15 21:10:09', '2017-08-15 21:10:09'),
(2950, 1, 15, 10, '2017-08-15 21:08:23', '2017-08-15 21:10:09', '2017-08-15 21:10:09'),
(2951, 1, 15, 11, '2017-08-15 21:08:24', '2017-08-15 21:10:09', '2017-08-15 21:10:09'),
(2952, 1, 15, 16, '2017-08-15 21:08:24', '2017-08-15 21:10:09', '2017-08-15 21:10:09'),
(2953, 1, 16, 1, '2017-08-15 21:08:24', '2017-08-15 21:10:09', '2017-08-15 21:10:09'),
(2954, 1, 16, 2, '2017-08-15 21:08:24', '2017-08-15 21:10:09', '2017-08-15 21:10:09'),
(2955, 1, 16, 3, '2017-08-15 21:08:24', '2017-08-15 21:10:09', '2017-08-15 21:10:09'),
(2956, 1, 16, 4, '2017-08-15 21:08:24', '2017-08-15 21:10:09', '2017-08-15 21:10:09'),
(2957, 1, 16, 10, '2017-08-15 21:08:24', '2017-08-15 21:10:09', '2017-08-15 21:10:09'),
(2958, 1, 16, 11, '2017-08-15 21:08:24', '2017-08-15 21:10:09', '2017-08-15 21:10:09'),
(2959, 1, 16, 16, '2017-08-15 21:08:24', '2017-08-15 21:10:09', '2017-08-15 21:10:09'),
(2960, 1, 17, 1, '2017-08-15 21:08:24', '2017-08-15 21:10:09', '2017-08-15 21:10:09'),
(2961, 1, 17, 2, '2017-08-15 21:08:24', '2017-08-15 21:10:09', '2017-08-15 21:10:09'),
(2962, 1, 17, 3, '2017-08-15 21:08:24', '2017-08-15 21:10:09', '2017-08-15 21:10:09'),
(2963, 1, 17, 4, '2017-08-15 21:08:24', '2017-08-15 21:10:09', '2017-08-15 21:10:09'),
(2964, 1, 17, 10, '2017-08-15 21:08:24', '2017-08-15 21:10:09', '2017-08-15 21:10:09'),
(2965, 1, 17, 11, '2017-08-15 21:08:24', '2017-08-15 21:10:09', '2017-08-15 21:10:09'),
(2966, 1, 17, 16, '2017-08-15 21:08:24', '2017-08-15 21:10:09', '2017-08-15 21:10:09'),
(2967, 1, 18, 1, '2017-08-15 21:08:24', '2017-08-15 21:10:09', '2017-08-15 21:10:09'),
(2968, 1, 18, 2, '2017-08-15 21:08:24', '2017-08-15 21:10:09', '2017-08-15 21:10:09'),
(2969, 1, 18, 3, '2017-08-15 21:08:24', '2017-08-15 21:10:09', '2017-08-15 21:10:09'),
(2970, 1, 18, 4, '2017-08-15 21:08:24', '2017-08-15 21:10:09', '2017-08-15 21:10:09'),
(2971, 1, 19, 1, '2017-08-15 21:08:24', '2017-08-15 21:10:09', '2017-08-15 21:10:09'),
(2972, 1, 19, 2, '2017-08-15 21:08:24', '2017-08-15 21:10:09', '2017-08-15 21:10:09'),
(2973, 1, 19, 3, '2017-08-15 21:08:24', '2017-08-15 21:10:09', '2017-08-15 21:10:09'),
(2974, 1, 19, 4, '2017-08-15 21:08:25', '2017-08-15 21:10:09', '2017-08-15 21:10:09'),
(2975, 1, 20, 1, '2017-08-15 21:08:25', '2017-08-15 21:10:09', '2017-08-15 21:10:09'),
(2976, 1, 20, 2, '2017-08-15 21:08:25', '2017-08-15 21:10:09', '2017-08-15 21:10:09'),
(2977, 1, 20, 3, '2017-08-15 21:08:25', '2017-08-15 21:10:09', '2017-08-15 21:10:09'),
(2978, 1, 20, 4, '2017-08-15 21:08:25', '2017-08-15 21:10:09', '2017-08-15 21:10:09'),
(2979, 1, 21, 1, '2017-08-15 21:08:25', '2017-08-15 21:10:09', '2017-08-15 21:10:09'),
(2980, 1, 21, 2, '2017-08-15 21:08:25', '2017-08-15 21:10:09', '2017-08-15 21:10:09'),
(2981, 1, 21, 3, '2017-08-15 21:08:25', '2017-08-15 21:10:09', '2017-08-15 21:10:09'),
(2982, 1, 21, 4, '2017-08-15 21:08:25', '2017-08-15 21:10:09', '2017-08-15 21:10:09'),
(2983, 1, 22, 1, '2017-08-15 21:08:25', '2017-08-15 21:10:09', '2017-08-15 21:10:09'),
(2984, 1, 22, 2, '2017-08-15 21:08:25', '2017-08-15 21:10:09', '2017-08-15 21:10:09'),
(2985, 1, 22, 3, '2017-08-15 21:08:25', '2017-08-15 21:10:09', '2017-08-15 21:10:09'),
(2986, 1, 22, 4, '2017-08-15 21:08:25', '2017-08-15 21:10:09', '2017-08-15 21:10:09'),
(2987, 1, 1, 1, '2017-08-15 21:10:09', '2017-08-15 21:10:09', NULL),
(2988, 1, 1, 2, '2017-08-15 21:10:09', '2017-08-15 21:10:09', NULL),
(2989, 1, 1, 3, '2017-08-15 21:10:10', '2017-08-15 21:10:10', NULL),
(2990, 1, 1, 4, '2017-08-15 21:10:10', '2017-08-15 21:10:10', NULL),
(2991, 1, 2, 1, '2017-08-15 21:10:10', '2017-08-15 21:10:10', NULL),
(2992, 1, 2, 2, '2017-08-15 21:10:10', '2017-08-15 21:10:10', NULL),
(2993, 1, 2, 3, '2017-08-15 21:10:10', '2017-08-15 21:10:10', NULL),
(2994, 1, 2, 4, '2017-08-15 21:10:10', '2017-08-15 21:10:10', NULL),
(2995, 1, 3, 1, '2017-08-15 21:10:10', '2017-08-15 21:10:10', NULL),
(2996, 1, 3, 2, '2017-08-15 21:10:10', '2017-08-15 21:10:10', NULL),
(2997, 1, 3, 3, '2017-08-15 21:10:10', '2017-08-15 21:10:10', NULL),
(2998, 1, 3, 4, '2017-08-15 21:10:10', '2017-08-15 21:10:10', NULL),
(2999, 1, 4, 1, '2017-08-15 21:10:10', '2017-08-15 21:10:10', NULL),
(3000, 1, 4, 2, '2017-08-15 21:10:10', '2017-08-15 21:10:10', NULL),
(3001, 1, 4, 3, '2017-08-15 21:10:10', '2017-08-15 21:10:10', NULL),
(3002, 1, 4, 4, '2017-08-15 21:10:10', '2017-08-15 21:10:10', NULL),
(3003, 1, 5, 1, '2017-08-15 21:10:10', '2017-08-15 21:10:10', NULL),
(3004, 1, 5, 2, '2017-08-15 21:10:10', '2017-08-15 21:10:10', NULL),
(3005, 1, 5, 3, '2017-08-15 21:10:10', '2017-08-15 21:10:10', NULL),
(3006, 1, 5, 4, '2017-08-15 21:10:10', '2017-08-15 21:10:10', NULL),
(3007, 1, 5, 5, '2017-08-15 21:10:10', '2017-08-15 21:10:10', NULL),
(3008, 1, 5, 10, '2017-08-15 21:10:10', '2017-08-15 21:10:10', NULL),
(3009, 1, 5, 11, '2017-08-15 21:10:10', '2017-08-15 21:10:10', NULL),
(3010, 1, 5, 16, '2017-08-15 21:10:10', '2017-08-15 21:10:10', NULL),
(3011, 1, 6, 1, '2017-08-15 21:10:10', '2017-08-15 21:10:10', NULL),
(3012, 1, 6, 2, '2017-08-15 21:10:10', '2017-08-15 21:10:10', NULL),
(3013, 1, 6, 3, '2017-08-15 21:10:10', '2017-08-15 21:10:10', NULL),
(3014, 1, 6, 4, '2017-08-15 21:10:10', '2017-08-15 21:10:10', NULL),
(3015, 1, 7, 1, '2017-08-15 21:10:10', '2017-08-15 21:10:10', NULL),
(3016, 1, 7, 2, '2017-08-15 21:10:10', '2017-08-15 21:10:10', NULL),
(3017, 1, 7, 3, '2017-08-15 21:10:11', '2017-08-15 21:10:11', NULL),
(3018, 1, 7, 4, '2017-08-15 21:10:11', '2017-08-15 21:10:11', NULL),
(3019, 1, 8, 1, '2017-08-15 21:10:11', '2017-08-15 21:10:11', NULL),
(3020, 1, 8, 2, '2017-08-15 21:10:11', '2017-08-15 21:10:11', NULL),
(3021, 1, 8, 3, '2017-08-15 21:10:11', '2017-08-15 21:10:11', NULL),
(3022, 1, 8, 4, '2017-08-15 21:10:11', '2017-08-15 21:10:11', NULL),
(3023, 1, 8, 10, '2017-08-15 21:10:11', '2017-08-15 21:10:11', NULL),
(3024, 1, 8, 11, '2017-08-15 21:10:11', '2017-08-15 21:10:11', NULL),
(3025, 1, 8, 16, '2017-08-15 21:10:11', '2017-08-15 21:10:11', NULL),
(3026, 1, 9, 1, '2017-08-15 21:10:11', '2017-08-15 21:10:11', NULL),
(3027, 1, 9, 2, '2017-08-15 21:10:11', '2017-08-15 21:10:11', NULL),
(3028, 1, 9, 3, '2017-08-15 21:10:11', '2017-08-15 21:10:11', NULL),
(3029, 1, 9, 4, '2017-08-15 21:10:11', '2017-08-15 21:10:11', NULL),
(3030, 1, 9, 5, '2017-08-15 21:10:11', '2017-08-15 21:10:11', NULL),
(3031, 1, 9, 10, '2017-08-15 21:10:11', '2017-08-15 21:10:11', NULL),
(3032, 1, 9, 11, '2017-08-15 21:10:11', '2017-08-15 21:10:11', NULL),
(3033, 1, 9, 16, '2017-08-15 21:10:11', '2017-08-15 21:10:11', NULL),
(3034, 1, 10, 1, '2017-08-15 21:10:11', '2017-08-15 21:10:11', NULL),
(3035, 1, 10, 2, '2017-08-15 21:10:11', '2017-08-15 21:10:11', NULL),
(3036, 1, 10, 3, '2017-08-15 21:10:11', '2017-08-15 21:10:11', NULL),
(3037, 1, 10, 4, '2017-08-15 21:10:11', '2017-08-15 21:10:11', NULL),
(3038, 1, 10, 5, '2017-08-15 21:10:11', '2017-08-15 21:10:11', NULL),
(3039, 1, 10, 10, '2017-08-15 21:10:11', '2017-08-15 21:10:11', NULL),
(3040, 1, 10, 11, '2017-08-15 21:10:11', '2017-08-15 21:10:11', NULL),
(3041, 1, 10, 16, '2017-08-15 21:10:11', '2017-08-15 21:10:11', NULL),
(3042, 1, 11, 1, '2017-08-15 21:10:11', '2017-08-15 21:10:11', NULL),
(3043, 1, 11, 2, '2017-08-15 21:10:11', '2017-08-15 21:10:11', NULL),
(3044, 1, 11, 3, '2017-08-15 21:10:11', '2017-08-15 21:10:11', NULL),
(3045, 1, 11, 4, '2017-08-15 21:10:11', '2017-08-15 21:10:11', NULL),
(3046, 1, 12, 1, '2017-08-15 21:10:12', '2017-08-15 21:10:12', NULL),
(3047, 1, 12, 2, '2017-08-15 21:10:12', '2017-08-15 21:10:12', NULL),
(3048, 1, 12, 3, '2017-08-15 21:10:12', '2017-08-15 21:10:12', NULL),
(3049, 1, 12, 4, '2017-08-15 21:10:12', '2017-08-15 21:10:12', NULL),
(3050, 1, 12, 10, '2017-08-15 21:10:12', '2017-08-15 21:10:12', NULL),
(3051, 1, 12, 11, '2017-08-15 21:10:12', '2017-08-15 21:10:12', NULL),
(3052, 1, 12, 16, '2017-08-15 21:10:12', '2017-08-15 21:10:12', NULL),
(3053, 1, 13, 1, '2017-08-15 21:10:12', '2017-08-15 21:10:12', NULL),
(3054, 1, 13, 2, '2017-08-15 21:10:12', '2017-08-15 21:10:12', NULL),
(3055, 1, 13, 3, '2017-08-15 21:10:12', '2017-08-15 21:10:12', NULL),
(3056, 1, 13, 4, '2017-08-15 21:10:12', '2017-08-15 21:10:12', NULL),
(3057, 1, 13, 5, '2017-08-15 21:10:12', '2017-08-15 21:10:12', NULL),
(3058, 1, 13, 10, '2017-08-15 21:10:12', '2017-08-15 21:10:12', NULL),
(3059, 1, 13, 11, '2017-08-15 21:10:12', '2017-08-15 21:10:12', NULL),
(3060, 1, 13, 16, '2017-08-15 21:10:12', '2017-08-15 21:10:12', NULL),
(3061, 1, 14, 1, '2017-08-15 21:10:12', '2017-08-15 21:10:12', NULL),
(3062, 1, 14, 2, '2017-08-15 21:10:12', '2017-08-15 21:10:12', NULL),
(3063, 1, 14, 3, '2017-08-15 21:10:12', '2017-08-15 21:10:12', NULL),
(3064, 1, 14, 4, '2017-08-15 21:10:12', '2017-08-15 21:10:12', NULL),
(3065, 1, 15, 1, '2017-08-15 21:10:12', '2017-08-15 21:10:12', NULL),
(3066, 1, 15, 2, '2017-08-15 21:10:12', '2017-08-15 21:10:12', NULL),
(3067, 1, 15, 3, '2017-08-15 21:10:12', '2017-08-15 21:10:12', NULL),
(3068, 1, 15, 4, '2017-08-15 21:10:12', '2017-08-15 21:10:12', NULL),
(3069, 1, 15, 10, '2017-08-15 21:10:12', '2017-08-15 21:10:12', NULL),
(3070, 1, 15, 11, '2017-08-15 21:10:12', '2017-08-15 21:10:12', NULL),
(3071, 1, 15, 16, '2017-08-15 21:10:12', '2017-08-15 21:10:12', NULL),
(3072, 1, 16, 1, '2017-08-15 21:10:13', '2017-08-15 21:10:13', NULL),
(3073, 1, 16, 2, '2017-08-15 21:10:13', '2017-08-15 21:10:13', NULL),
(3074, 1, 16, 3, '2017-08-15 21:10:13', '2017-08-15 21:10:13', NULL),
(3075, 1, 16, 4, '2017-08-15 21:10:13', '2017-08-15 21:10:13', NULL),
(3076, 1, 16, 10, '2017-08-15 21:10:13', '2017-08-15 21:10:13', NULL),
(3077, 1, 16, 11, '2017-08-15 21:10:13', '2017-08-15 21:10:13', NULL),
(3078, 1, 16, 16, '2017-08-15 21:10:13', '2017-08-15 21:10:13', NULL),
(3079, 1, 17, 1, '2017-08-15 21:10:13', '2017-08-15 21:10:13', NULL),
(3080, 1, 17, 2, '2017-08-15 21:10:13', '2017-08-15 21:10:13', NULL),
(3081, 1, 17, 3, '2017-08-15 21:10:13', '2017-08-15 21:10:13', NULL),
(3082, 1, 17, 4, '2017-08-15 21:10:13', '2017-08-15 21:10:13', NULL),
(3083, 1, 17, 10, '2017-08-15 21:10:13', '2017-08-15 21:10:13', NULL),
(3084, 1, 17, 11, '2017-08-15 21:10:13', '2017-08-15 21:10:13', NULL),
(3085, 1, 17, 16, '2017-08-15 21:10:13', '2017-08-15 21:10:13', NULL),
(3086, 1, 18, 1, '2017-08-15 21:10:13', '2017-08-15 21:10:13', NULL),
(3087, 1, 18, 2, '2017-08-15 21:10:13', '2017-08-15 21:10:13', NULL),
(3088, 1, 18, 3, '2017-08-15 21:10:13', '2017-08-15 21:10:13', NULL),
(3089, 1, 18, 4, '2017-08-15 21:10:13', '2017-08-15 21:10:13', NULL),
(3090, 1, 19, 1, '2017-08-15 21:10:13', '2017-08-15 21:10:13', NULL),
(3091, 1, 19, 2, '2017-08-15 21:10:13', '2017-08-15 21:10:13', NULL),
(3092, 1, 19, 3, '2017-08-15 21:10:13', '2017-08-15 21:10:13', NULL),
(3093, 1, 19, 4, '2017-08-15 21:10:13', '2017-08-15 21:10:13', NULL),
(3094, 1, 20, 1, '2017-08-15 21:10:13', '2017-08-15 21:10:13', NULL),
(3095, 1, 20, 2, '2017-08-15 21:10:13', '2017-08-15 21:10:13', NULL),
(3096, 1, 20, 3, '2017-08-15 21:10:13', '2017-08-15 21:10:13', NULL),
(3097, 1, 20, 4, '2017-08-15 21:10:13', '2017-08-15 21:10:13', NULL),
(3098, 1, 21, 1, '2017-08-15 21:10:13', '2017-08-15 21:10:13', NULL),
(3099, 1, 21, 2, '2017-08-15 21:10:14', '2017-08-15 21:10:14', NULL),
(3100, 1, 21, 3, '2017-08-15 21:10:14', '2017-08-15 21:10:14', NULL),
(3101, 1, 21, 4, '2017-08-15 21:10:14', '2017-08-15 21:10:14', NULL),
(3102, 1, 22, 1, '2017-08-15 21:10:14', '2017-08-15 21:10:14', NULL),
(3103, 1, 22, 2, '2017-08-15 21:10:14', '2017-08-15 21:10:14', NULL),
(3104, 1, 22, 3, '2017-08-15 21:10:14', '2017-08-15 21:10:14', NULL),
(3105, 1, 22, 4, '2017-08-15 21:10:14', '2017-08-15 21:10:14', NULL);

-- --------------------------------------------------------

--
-- Table structure for table `religion`
--

CREATE TABLE `religion` (
  `id` int(10) UNSIGNED NOT NULL,
  `religion_name` varchar(255) COLLATE utf8_unicode_ci NOT NULL,
  `religion_desc` varchar(255) COLLATE utf8_unicode_ci DEFAULT NULL,
  `created_by` int(10) UNSIGNED DEFAULT NULL,
  `updated_by` int(10) UNSIGNED DEFAULT NULL,
  `deleted_by` int(10) UNSIGNED DEFAULT NULL,
  `created_at` timestamp NULL DEFAULT NULL,
  `updated_at` timestamp NULL DEFAULT NULL,
  `deleted_at` timestamp NULL DEFAULT NULL
) ENGINE=InnoDB DEFAULT CHARSET=utf8 COLLATE=utf8_unicode_ci;

--
-- Dumping data for table `religion`
--

INSERT INTO `religion` (`id`, `religion_name`, `religion_desc`, `created_by`, `updated_by`, `deleted_by`, `created_at`, `updated_at`, `deleted_at`) VALUES
(1, 'Lainnya', NULL, NULL, NULL, NULL, NULL, NULL, NULL),
(2, 'Islam', NULL, NULL, NULL, NULL, NULL, NULL, NULL),
(3, 'Kristen', NULL, NULL, NULL, NULL, NULL, NULL, NULL),
(4, 'Katolik', NULL, NULL, NULL, NULL, NULL, NULL, NULL),
(5, 'Hindu', NULL, NULL, NULL, NULL, NULL, NULL, NULL);

-- --------------------------------------------------------

--
-- Table structure for table `revenue`
--

CREATE TABLE `revenue` (
  `id` int(10) UNSIGNED NOT NULL,
  `date` date NOT NULL,
  `cash` decimal(10,2) NOT NULL,
  `debit_bca` decimal(10,2) NOT NULL,
  `mastercard` decimal(10,2) NOT NULL,
  `visacard` decimal(10,2) NOT NULL,
  `flazz` decimal(10,2) NOT NULL,
  `other` decimal(10,2) NOT NULL,
  `total` decimal(10,2) NOT NULL,
  `service_charge_rate` decimal(20,2) NOT NULL DEFAULT '7.00',
  `tax_rate` decimal(20,2) NOT NULL DEFAULT '10.00',
  `service_charge` decimal(10,2) NOT NULL,
  `tax` decimal(10,2) NOT NULL,
  `vat` decimal(10,2) NOT NULL,
  `branch_id` int(10) UNSIGNED NOT NULL,
  `status` tinyint(1) NOT NULL DEFAULT '0',
  `created_by` int(11) DEFAULT NULL,
  `updated_by` int(11) DEFAULT NULL,
  `deleted_by` int(11) DEFAULT NULL,
  `created_at` timestamp NULL DEFAULT NULL,
  `updated_at` timestamp NULL DEFAULT NULL,
  `deleted_at` timestamp NULL DEFAULT NULL
) ENGINE=InnoDB DEFAULT CHARSET=utf8 COLLATE=utf8_unicode_ci;

--
-- Dumping data for table `revenue`
--

INSERT INTO `revenue` (`id`, `date`, `cash`, `debit_bca`, `mastercard`, `visacard`, `flazz`, `other`, `total`, `service_charge_rate`, `tax_rate`, `service_charge`, `tax`, `vat`, `branch_id`, `status`, `created_by`, `updated_by`, `deleted_by`, `created_at`, `updated_at`, `deleted_at`) VALUES
(1, '2017-06-06', '200000.00', '200000.00', '200000.00', '200000.00', '200000.00', '200000.00', '1200000.00', '7.00', '10.00', '71367.88', '109090.91', '1019541.21', 1, 0, 28, 28, 1, '2017-06-09 00:34:09', '2017-06-09 06:45:22', '2017-06-09 06:45:22'),
(2, '2017-06-01', '200000.00', '200000.00', '200000.00', '200000.00', '200000.00', '200000.00', '1200000.00', '7.00', '10.00', '71367.88', '109090.91', '1019541.21', 1, 0, 28, 1, 1, '2017-06-09 00:35:32', '2017-06-09 06:45:26', '2017-06-09 06:45:26'),
(3, '2017-06-10', '9060546.00', '3002527.00', '468446.00', '1713712.00', '1127566.00', '0.00', '15372797.00', '7.00', '10.00', '914270.00', '1397527.00', '13061000.00', 1, 1, 28, NULL, NULL, '2017-06-10 09:44:34', '2017-06-10 09:44:57', NULL),
(4, '2017-06-10', '3226157.00', '1697234.00', '685014.00', '639111.00', '0.00', '0.00', '6247516.00', '7.00', '10.00', '371560.00', '567956.00', '5308000.00', 2, 1, 28, NULL, NULL, '2017-06-10 09:48:45', '2017-06-10 09:48:52', NULL),
(5, '2017-06-11', '9210025.00', '2362239.00', '759165.00', '442552.00', '0.00', '0.00', '12773981.00', '7.00', '10.00', '759710.00', '1161271.00', '10853000.00', 1, 1, 28, NULL, NULL, '2017-06-11 09:49:24', '2017-06-11 09:49:51', NULL),
(6, '2017-06-11', '4624433.00', '1761969.00', '417835.00', '419012.00', '0.00', '0.00', '7223249.00', '7.00', '10.00', '429590.00', '656659.00', '6137000.00', 2, 1, 28, NULL, NULL, '2017-06-11 09:51:15', '2017-06-11 09:51:24', NULL),
(7, '2017-06-08', '1.00', '1.00', '1.00', '1.00', '1.00', '1.00', '6.00', '7.00', '15.00', '0.04', '0.01', '5.95', 1, 1, 1, 1, NULL, '2017-07-03 00:04:12', '2017-08-15 20:58:30', NULL),
(8, '2017-08-16', '34535.00', '435.00', '345.00', '435.00', '435.00', '435.00', '36620.00', '7.00', '10.00', '2177.91', '3329.09', '31113.00', 1, 0, 1, NULL, 1, '2017-08-15 20:58:51', '2017-08-15 20:59:03', '2017-08-15 20:59:03'),
(9, '2017-08-16', '43.00', '345.00', '34.00', '435.00', '34.00', '43.00', '934.00', '7.00', '10.00', '55.55', '84.91', '793.54', 1, 0, 1, NULL, NULL, '2017-08-15 21:15:18', '2017-08-15 21:15:18', NULL),
(10, '2017-09-29', '324234.00', '2342.00', '243.00', '234.00', '234.00', '234.00', '327521.00', '7.00', '10.00', '19478.73', '29774.64', '278267.63', 1, 2, 1, NULL, NULL, '2017-09-28 20:46:13', '2017-09-28 20:46:54', NULL);

-- --------------------------------------------------------

--
-- Table structure for table `revenue_attachment`
--

CREATE TABLE `revenue_attachment` (
  `id` int(10) UNSIGNED NOT NULL,
  `revenue_id` int(10) UNSIGNED NOT NULL,
  `filename` varchar(255) COLLATE utf8_unicode_ci NOT NULL,
  `created_by` int(11) DEFAULT NULL,
  `updated_by` int(11) DEFAULT NULL,
  `deleted_by` int(11) DEFAULT NULL,
  `created_at` timestamp NULL DEFAULT NULL,
  `updated_at` timestamp NULL DEFAULT NULL,
  `deleted_at` timestamp NULL DEFAULT NULL
) ENGINE=InnoDB DEFAULT CHARSET=utf8 COLLATE=utf8_unicode_ci;

--
-- Dumping data for table `revenue_attachment`
--

INSERT INTO `revenue_attachment` (`id`, `revenue_id`, `filename`, `created_by`, `updated_by`, `deleted_by`, `created_at`, `updated_at`, `deleted_at`) VALUES
(0, 2, '08-09-10upload file.pdf', 28, 28, NULL, '2017-06-09 00:35:32', '2017-06-09 01:09:10', NULL),
(0, 1, '08-09-10upload file.pdf', NULL, 28, NULL, '2017-06-09 01:05:02', '2017-06-09 01:09:10', NULL),
(0, 3, '04-44-35Screenshot_20170610-230254.png', 28, NULL, NULL, '2017-06-10 09:44:35', '2017-06-10 09:44:35', NULL),
(0, 4, '04-48-45Screenshot_20170610-224957.png', 28, NULL, NULL, '2017-06-10 09:48:45', '2017-06-10 09:48:45', NULL),
(0, 5, '04-49-25Screenshot_20170611-234739.png', 28, NULL, NULL, '2017-06-11 09:49:25', '2017-06-11 09:49:25', NULL),
(0, 6, '04-51-15Screenshot_20170611-234657.png', 28, NULL, NULL, '2017-06-11 09:51:15', '2017-06-11 09:51:15', NULL),
(0, 7, '07-04-12upload file.pdf', 1, NULL, NULL, '2017-07-03 00:04:12', '2017-07-03 00:04:12', NULL),
(0, 10, '03-46-13delivery_order_detail.sql', 1, NULL, NULL, '2017-09-28 20:46:13', '2017-09-28 20:46:13', NULL);

-- --------------------------------------------------------

--
-- Table structure for table `roles`
--

CREATE TABLE `roles` (
  `id` int(10) UNSIGNED NOT NULL,
  `name` varchar(255) COLLATE utf8_unicode_ci NOT NULL,
  `created_at` timestamp NULL DEFAULT NULL,
  `updated_at` timestamp NULL DEFAULT NULL,
  `deleted_at` timestamp NULL DEFAULT NULL
) ENGINE=InnoDB DEFAULT CHARSET=utf8 COLLATE=utf8_unicode_ci;

--
-- Dumping data for table `roles`
--

INSERT INTO `roles` (`id`, `name`, `created_at`, `updated_at`, `deleted_at`) VALUES
(1, 'Super Administrator', NULL, NULL, NULL),
(2, 'Administrator', NULL, NULL, NULL),
(3, 'User', NULL, NULL, NULL);

-- --------------------------------------------------------

--
-- Table structure for table `t_status`
--

CREATE TABLE `t_status` (
  `id` int(10) UNSIGNED NOT NULL,
  `t_status_name` varchar(255) COLLATE utf8_unicode_ci NOT NULL,
  `t_status_desc` varchar(255) COLLATE utf8_unicode_ci DEFAULT NULL,
  `created_by` int(10) UNSIGNED DEFAULT NULL,
  `updated_by` int(10) UNSIGNED DEFAULT NULL,
  `deleted_by` int(10) UNSIGNED DEFAULT NULL,
  `created_at` timestamp NULL DEFAULT NULL,
  `updated_at` timestamp NULL DEFAULT NULL,
  `deleted_at` timestamp NULL DEFAULT NULL
) ENGINE=InnoDB DEFAULT CHARSET=utf8 COLLATE=utf8_unicode_ci;

--
-- Dumping data for table `t_status`
--

INSERT INTO `t_status` (`id`, `t_status_name`, `t_status_desc`, `created_by`, `updated_by`, `deleted_by`, `created_at`, `updated_at`, `deleted_at`) VALUES
(1, 'Request', 'Request', NULL, NULL, NULL, NULL, NULL, NULL),
(2, 'Approved', 'Approved', NULL, NULL, NULL, NULL, NULL, NULL),
(3, 'Paid', 'Paid', NULL, NULL, NULL, NULL, NULL, NULL),
(4, 'Return', 'Return', NULL, NULL, NULL, NULL, NULL, NULL);

-- --------------------------------------------------------

--
-- Table structure for table `user`
--

CREATE TABLE `user` (
  `id` int(10) UNSIGNED NOT NULL,
  `employee_id` int(10) UNSIGNED NOT NULL,
  `username` varchar(255) COLLATE utf8_unicode_ci NOT NULL,
  `email` varchar(255) COLLATE utf8_unicode_ci DEFAULT NULL,
  `first_name` varchar(255) COLLATE utf8_unicode_ci DEFAULT NULL,
  `last_name` varchar(255) COLLATE utf8_unicode_ci DEFAULT NULL,
  `filename` varchar(255) COLLATE utf8_unicode_ci DEFAULT NULL,
  `password` varchar(255) COLLATE utf8_unicode_ci NOT NULL,
  `remember_token` varchar(100) COLLATE utf8_unicode_ci DEFAULT NULL,
  `id_privilege` int(10) UNSIGNED DEFAULT NULL,
  `created_at` timestamp NULL DEFAULT NULL,
  `updated_at` timestamp NULL DEFAULT NULL,
  `deleted_at` timestamp NULL DEFAULT NULL
) ENGINE=InnoDB DEFAULT CHARSET=utf8 COLLATE=utf8_unicode_ci;

--
-- Dumping data for table `user`
--

INSERT INTO `user` (`id`, `employee_id`, `username`, `email`, `first_name`, `last_name`, `filename`, `password`, `remember_token`, `id_privilege`, `created_at`, `updated_at`, `deleted_at`) VALUES
(1, 0, 'superuser', NULL, NULL, NULL, NULL, '$2y$10$JZQGn9eBvCkkhU6Cpmjbw.m1mDCmQTatYe00KpWAQIP6gI28OkT1e', 'CTtbibFHVngS3z5x6WAp5NBelMe08GGJZUg1aJ116nd8ly36xLxS7z1IIxOV', NULL, '2017-05-22 00:01:26', '2017-09-19 18:45:23', NULL),
(26, 1, 'hasena', NULL, NULL, NULL, NULL, '$2y$10$XKTUnEoSD/PdOfzjfE.gPeTXCylOzT2gFQdZRqkIRBUx7FLSOBQoy', 'V6gqcChyuaFEhYBVwzKDatn0GKjClHXa3dKGE2xe3FigXr5n12zmSym7oZH6', NULL, '2017-05-22 01:12:54', '2017-06-11 21:43:08', NULL),
(28, 0, 'teddy', NULL, NULL, NULL, NULL, '$2y$10$rfqNGiE65e60jOKzGl.6x.zP5tJhb5kNi.xJxVe7QT7pq8108zoTm', 'EnmofWLUw3dl8Wy70FSCgfP383cchzKCTHrlql24r4QNYje8WCfvqanM7Y6P', NULL, '2017-06-01 21:42:20', '2017-06-17 07:29:16', NULL),
(29, 0, 'amelia', NULL, NULL, NULL, NULL, '$2y$10$wDKxv3AKraVc/cqxXhNdK.vP1kT/bgVkocU5EInIbY8LkA2yfQhre', 'Otqx2e9zImzFO2MuATurHjIIiIAoukUHSSqxNBYB0CK9sr6S6X1RvEXIMKaW', NULL, '2017-06-01 21:43:01', '2017-06-07 21:51:32', NULL),
(30, 0, 'anissa', NULL, NULL, NULL, NULL, '$2y$10$kIuPQMy7Kei6uiGq.QU/L.T9ntoltoO5xJR7yL2CiGsSGL3NgpYYS', 'O6i96YnJcK2zEnArEuCwtwr8SR4oMGAwqYiMmqB1UVCbSFoczJSbOP2AQzFS', NULL, '2017-06-01 21:54:12', '2017-06-08 19:25:21', NULL),
(31, 0, 'rifa', NULL, NULL, NULL, NULL, '$2y$10$cESLpSs819UH2ITGpozM7.m1m8c6rsqUIoMWydr3mHoXT5bpIH5Zq', 'vkPnO3fKo3U4MFBANaJarFmEuVnYaNQiRXl2X9Le6tHfzZYxFJPp7G8jzVXu', NULL, '2017-06-01 21:55:30', '2017-06-11 22:06:43', NULL),
(32, 0, 'amalia', NULL, NULL, NULL, NULL, '$2y$10$Pr59zQmyf3HFWNhMsSvzzOkscwTA3kX0xh27WyEOUdmMXjmWwjx32', 'gu5tAGn6qhmiPkhoTxDDRq8Jj4pFrRm5v3tZTFmeFmR71Z97Qmah2mIypkTZ', NULL, '2017-06-06 21:16:58', '2017-06-13 01:37:04', NULL),
(33, 0, 'reader', NULL, NULL, NULL, NULL, '$2y$10$NGcjLBBsFnxs3wnHVm/kTuZ5/q295GtRxdP0Bg6l8T1bgK6hzT4CW', 'CXNDnYHTlItDPUVvIbpoQwRi1bpihJio6xkhOujaSXesXnpqnUqiNsLJJjHY', NULL, '2017-06-06 21:16:58', '2017-06-08 23:10:01', NULL);

-- --------------------------------------------------------

--
-- Table structure for table `vendor`
--

CREATE TABLE `vendor` (
  `id` int(10) UNSIGNED NOT NULL,
  `invoice_type_id` int(10) UNSIGNED NOT NULL,
  `vendor_name` varchar(255) COLLATE utf8_unicode_ci DEFAULT NULL,
  `vendor_phone` varchar(255) COLLATE utf8_unicode_ci DEFAULT NULL,
  `vendor_address` varchar(255) COLLATE utf8_unicode_ci DEFAULT NULL,
  `vendor_email` varchar(255) COLLATE utf8_unicode_ci DEFAULT NULL,
  `vendor_bank` varchar(255) COLLATE utf8_unicode_ci DEFAULT NULL,
  `vendor_rekening` varchar(255) COLLATE utf8_unicode_ci DEFAULT NULL,
  `vendor_pic` varchar(255) COLLATE utf8_unicode_ci DEFAULT NULL,
  `vendor_pic_num` varchar(255) COLLATE utf8_unicode_ci DEFAULT NULL,
  `created_by` int(10) UNSIGNED DEFAULT NULL,
  `updated_by` int(10) UNSIGNED DEFAULT NULL,
  `deleted_by` int(10) UNSIGNED DEFAULT NULL,
  `created_at` timestamp NULL DEFAULT NULL,
  `updated_at` timestamp NULL DEFAULT NULL,
  `deleted_at` timestamp NULL DEFAULT NULL
) ENGINE=InnoDB DEFAULT CHARSET=utf8 COLLATE=utf8_unicode_ci;

--
-- Dumping data for table `vendor`
--

INSERT INTO `vendor` (`id`, `invoice_type_id`, `vendor_name`, `vendor_phone`, `vendor_address`, `vendor_email`, `vendor_bank`, `vendor_rekening`, `vendor_pic`, `vendor_pic_num`, `created_by`, `updated_by`, `deleted_by`, `created_at`, `updated_at`, `deleted_at`) VALUES
(1, 3, 'PT. Pangan Indo Mandiri', NULL, NULL, NULL, 'BCA', '6040403131', NULL, NULL, NULL, NULL, NULL, NULL, NULL, NULL),
(2, 3, 'Mochamochi', NULL, NULL, NULL, 'BCA', '4191384380', NULL, NULL, NULL, NULL, NULL, NULL, '2017-07-05 21:06:58', NULL),
(3, 3, 'PT. Delisari Nusantara', NULL, NULL, NULL, 'BCA', '0840382788', NULL, NULL, NULL, NULL, NULL, NULL, NULL, NULL),
(4, 3, 'PT. Antaram Berkat Sejahtera', NULL, NULL, NULL, 'BCA', '0763335555', NULL, NULL, NULL, NULL, NULL, NULL, NULL, NULL),
(5, 4, 'PLN', NULL, NULL, NULL, NULL, NULL, NULL, NULL, NULL, NULL, NULL, NULL, NULL, NULL),
(6, 5, 'Suyitno', NULL, NULL, NULL, 'BCA', '0690305437', NULL, NULL, NULL, NULL, NULL, NULL, NULL, NULL),
(7, 6, 'PDAM Paljaya', NULL, NULL, NULL, NULL, NULL, NULL, NULL, NULL, NULL, NULL, NULL, NULL, NULL),
(8, 7, 'Kost', NULL, NULL, NULL, NULL, NULL, NULL, NULL, NULL, NULL, NULL, NULL, NULL, NULL),
(9, 8, 'IPL', NULL, NULL, NULL, NULL, NULL, NULL, NULL, NULL, NULL, NULL, NULL, NULL, NULL),
(10, 9, 'Satpam', NULL, NULL, NULL, NULL, NULL, NULL, NULL, NULL, NULL, NULL, NULL, NULL, NULL),
(11, 10, 'Indi Home', NULL, NULL, NULL, NULL, NULL, NULL, NULL, NULL, NULL, NULL, NULL, NULL, NULL),
(12, 11, 'Lain-Lain', NULL, NULL, NULL, NULL, NULL, NULL, NULL, NULL, NULL, NULL, NULL, NULL, NULL);

-- --------------------------------------------------------

--
-- Table structure for table `vendor_item`
--

CREATE TABLE `vendor_item` (
  `id` int(10) UNSIGNED NOT NULL,
  `vendor_id` int(10) UNSIGNED NOT NULL,
  `item_id` int(10) UNSIGNED NOT NULL,
  `created_by` int(10) UNSIGNED DEFAULT NULL,
  `updated_by` int(10) UNSIGNED DEFAULT NULL,
  `deleted_by` int(10) UNSIGNED DEFAULT NULL,
  `created_at` timestamp NULL DEFAULT NULL,
  `updated_at` timestamp NULL DEFAULT NULL,
  `deleted_at` timestamp NULL DEFAULT NULL
) ENGINE=InnoDB DEFAULT CHARSET=utf8 COLLATE=utf8_unicode_ci;

--
-- Dumping data for table `vendor_item`
--

INSERT INTO `vendor_item` (`id`, `vendor_id`, `item_id`, `created_by`, `updated_by`, `deleted_by`, `created_at`, `updated_at`, `deleted_at`) VALUES
(1, 2, 15, 1, NULL, NULL, '2017-07-05 20:29:29', '2017-07-05 20:29:29', NULL),
(2, 2, 14, 1, NULL, NULL, '2017-07-05 20:29:40', '2017-07-05 21:10:22', '2017-07-05 21:10:22'),
(3, 2, 15, 1, NULL, NULL, '2017-07-05 21:13:18', '2017-07-05 21:13:31', '2017-07-05 21:13:31'),
(4, 2, 12, 1, NULL, NULL, '2017-07-05 21:13:26', '2017-07-05 21:13:26', NULL),
(5, 1, 15, 1, NULL, NULL, '2017-07-05 21:14:04', '2017-07-05 21:14:04', NULL),
(6, 1, 15, 1, NULL, NULL, '2017-07-05 21:14:08', '2017-07-05 21:14:08', NULL),
(7, 11, 13, 1, NULL, NULL, '2017-07-10 17:24:35', '2017-07-10 17:24:35', NULL),
(8, 11, 16, 1, NULL, NULL, '2017-07-10 17:24:41', '2017-07-10 17:24:52', '2017-07-10 17:24:52'),
(9, 11, 10, 1, NULL, NULL, '2017-07-10 17:24:48', '2017-07-10 17:24:48', NULL),
(10, 8, 14, 1, NULL, NULL, '2017-07-10 17:26:45', '2017-07-10 17:29:55', '2017-07-10 17:29:55'),
(11, 8, 12, 1, NULL, NULL, '2017-07-10 17:28:49', '2017-07-10 17:28:49', NULL),
(12, 8, 11, 1, NULL, NULL, '2017-07-10 17:33:33', '2017-07-10 17:33:42', '2017-07-10 17:33:42'),
(13, 8, 8, 1, NULL, NULL, '2017-07-10 17:33:39', '2017-07-10 17:33:39', NULL);

-- --------------------------------------------------------

--
-- Stand-in structure for view `view_expense`
-- (See below for the actual view)
--
CREATE TABLE `view_expense` (
`branch_id` int(11) unsigned
,`date_tr` datetime
,`amount` double
);

-- --------------------------------------------------------

--
-- Stand-in structure for view `view_revenue`
-- (See below for the actual view)
--
CREATE TABLE `view_revenue` (
`branch_id` int(10) unsigned
,`date_tr` date
,`amount` decimal(10,2)
);

-- --------------------------------------------------------

--
-- Structure for view `view_expense`
--
DROP TABLE IF EXISTS `view_expense`;

CREATE ALGORITHM=UNDEFINED DEFINER=`root`@`localhost` SQL SECURITY DEFINER VIEW `view_expense`  AS  select `cashbond`.`branch_id` AS `branch_id`,`cashbond`.`start_date` AS `date_tr`,ifnull(`cashbond`.`budget_issued`,0) AS `amount` from `cashbond` where (year(`cashbond`.`start_date`) = year(now())) union all select `invoice`.`branch_id` AS `branch_id`,`invoice`.`invoice_date` AS `date_tr`,(ifnull(`invoice`.`invoice_total`,0) + ifnull(`invoice`.`additional_cost`,0)) AS `amount` from `invoice` where (year(`invoice`.`invoice_date`) = year(now())) union all select `invoice_direct`.`branch_id` AS `branch_id`,`invoice_direct`.`invoice_date` AS `date_tr`,(ifnull(`invoice_direct`.`invoice_total`,0) + ifnull(`invoice_direct`.`additional_cost`,0)) AS `amount` from `invoice_direct` where (year(`invoice_direct`.`invoice_date`) = year(now())) union all select `cashbond_payroll`.`branch_id` AS `branch_id`,`cashbond_payroll`.`date` AS `date`,`cashbond_payroll_detail`.`cashbond` AS `cashbond` from (`cashbond_payroll` join `cashbond_payroll_detail` on((`cashbond_payroll_detail`.`cashbond_payroll_id` = `cashbond_payroll`.`id`))) where (year(`cashbond_payroll`.`date`) = year(now())) union all select `payroll`.`branch_id` AS `branch_id`,`payroll`.`created_at` AS `date_tr`,`payroll_detail`.`slr_thp` AS `amount` from (`payroll` join `payroll_detail` on((`payroll_detail`.`payroll_id` = `payroll`.`id`))) where (year(`payroll`.`created_at`) = year(now())) ;

-- --------------------------------------------------------

--
-- Structure for view `view_revenue`
--
DROP TABLE IF EXISTS `view_revenue`;

CREATE ALGORITHM=UNDEFINED DEFINER=`root`@`localhost` SQL SECURITY DEFINER VIEW `view_revenue`  AS  select `revenue`.`branch_id` AS `branch_id`,`revenue`.`date` AS `date_tr`,ifnull(`revenue`.`total`,0) AS `amount` from `revenue` where (year(`revenue`.`date`) = year(now())) ;

--
-- Indexes for dumped tables
--

--
-- Indexes for table `action`
--
ALTER TABLE `action`
  ADD PRIMARY KEY (`id`),
  ADD UNIQUE KEY `action_name_unique` (`name`);

--
-- Indexes for table `branch`
--
ALTER TABLE `branch`
  ADD PRIMARY KEY (`id`);

--
-- Indexes for table `cashbond`
--
ALTER TABLE `cashbond`
  ADD PRIMARY KEY (`id`),
  ADD KEY `branch_id` (`branch_id`);

--
-- Indexes for table `cashbond_detail`
--
ALTER TABLE `cashbond_detail`
  ADD PRIMARY KEY (`id`);

--
-- Indexes for table `cashbond_detail_item`
--
ALTER TABLE `cashbond_detail_item`
  ADD PRIMARY KEY (`id`),
  ADD KEY `item_cb_id` (`item_id`);

--
-- Indexes for table `cashbond_payroll`
--
ALTER TABLE `cashbond_payroll`
  ADD PRIMARY KEY (`id`),
  ADD KEY `branch_id` (`branch_id`);

--
-- Indexes for table `cashbond_payroll_detail`
--
ALTER TABLE `cashbond_payroll_detail`
  ADD PRIMARY KEY (`id`),
  ADD KEY `cashbond_payroll_detail_cashbond_payroll_id_foreign` (`cashbond_payroll_id`),
  ADD KEY `cashbond_payroll_detail_employee_id_foreign` (`employee_id`);

--
-- Indexes for table `employee`
--
ALTER TABLE `employee`
  ADD PRIMARY KEY (`id`),
  ADD KEY `emp_religion` (`emp_religion`);

--
-- Indexes for table `employee_branch`
--
ALTER TABLE `employee_branch`
  ADD PRIMARY KEY (`id`),
  ADD KEY `branch_id` (`branch_id`),
  ADD KEY `employee_id` (`employee_id`);

--
-- Indexes for table `franchise_fee`
--
ALTER TABLE `franchise_fee`
  ADD PRIMARY KEY (`id`);

--
-- Indexes for table `invoice`
--
ALTER TABLE `invoice`
  ADD PRIMARY KEY (`id`),
  ADD KEY `invoice_type_id` (`invoice_type_id`),
  ADD KEY `vendor_id` (`vendor_id`),
  ADD KEY `branch_id` (`branch_id`);

--
-- Indexes for table `invoice_direct`
--
ALTER TABLE `invoice_direct`
  ADD PRIMARY KEY (`id`),
  ADD KEY `invoice_type_id` (`invoice_type_id`),
  ADD KEY `vendor_id` (`vendor_id`),
  ADD KEY `branch_id` (`branch_id`);

--
-- Indexes for table `invoice_direct_detail`
--
ALTER TABLE `invoice_direct_detail`
  ADD PRIMARY KEY (`id`),
  ADD KEY `item_cb_id` (`item_id`);

--
-- Indexes for table `invoice_type`
--
ALTER TABLE `invoice_type`
  ADD PRIMARY KEY (`id`),
  ADD KEY `item_category_id` (`item_category_id`);

--
-- Indexes for table `item`
--
ALTER TABLE `item`
  ADD PRIMARY KEY (`id`),
  ADD KEY `item_cb_category_id` (`item_category_id`);

--
-- Indexes for table `item_category`
--
ALTER TABLE `item_category`
  ADD PRIMARY KEY (`id`),
  ADD KEY `item_type_id` (`item_type_id`);

--
-- Indexes for table `item_central`
--
ALTER TABLE `item_central`
  ADD PRIMARY KEY (`id`);

--
-- Indexes for table `item_central_detail`
--
ALTER TABLE `item_central_detail`
  ADD PRIMARY KEY (`id`),
  ADD KEY `item_cb_id` (`item_id`);

--
-- Indexes for table `item_central_import`
--
ALTER TABLE `item_central_import`
  ADD PRIMARY KEY (`id`);

--
-- Indexes for table `item_type`
--
ALTER TABLE `item_type`
  ADD PRIMARY KEY (`id`);

--
-- Indexes for table `migrations`
--
ALTER TABLE `migrations`
  ADD PRIMARY KEY (`id`);

--
-- Indexes for table `module`
--
ALTER TABLE `module`
  ADD PRIMARY KEY (`id`),
  ADD UNIQUE KEY `module_name_unique` (`name`);

--
-- Indexes for table `month`
--
ALTER TABLE `month`
  ADD PRIMARY KEY (`id`);

--
-- Indexes for table `payroll`
--
ALTER TABLE `payroll`
  ADD PRIMARY KEY (`id`);

--
-- Indexes for table `payroll_detail`
--
ALTER TABLE `payroll_detail`
  ADD PRIMARY KEY (`id`),
  ADD KEY `payroll_id` (`payroll_id`),
  ADD KEY `employee_id` (`employee_id`);

--
-- Indexes for table `privilege`
--
ALTER TABLE `privilege`
  ADD PRIMARY KEY (`id`),
  ADD KEY `privilege_user_id_foreign` (`user_id`),
  ADD KEY `privilege_module_id_foreign` (`module_id`),
  ADD KEY `privilege_action_id_foreign` (`action_id`);

--
-- Indexes for table `religion`
--
ALTER TABLE `religion`
  ADD PRIMARY KEY (`id`),
  ADD KEY `religion_name` (`religion_name`);

--
-- Indexes for table `revenue`
--
ALTER TABLE `revenue`
  ADD PRIMARY KEY (`id`),
  ADD KEY `branch_id` (`branch_id`);

--
-- Indexes for table `roles`
--
ALTER TABLE `roles`
  ADD PRIMARY KEY (`id`),
  ADD UNIQUE KEY `roles_name_unique` (`name`);

--
-- Indexes for table `t_status`
--
ALTER TABLE `t_status`
  ADD PRIMARY KEY (`id`),
  ADD KEY `religion_name` (`t_status_name`);

--
-- Indexes for table `user`
--
ALTER TABLE `user`
  ADD PRIMARY KEY (`id`),
  ADD UNIQUE KEY `users_username_unique` (`username`),
  ADD UNIQUE KEY `users_email_unique` (`email`),
  ADD KEY `users_id_privilege_foreign` (`id_privilege`);

--
-- Indexes for table `vendor`
--
ALTER TABLE `vendor`
  ADD PRIMARY KEY (`id`),
  ADD KEY `invoice_type_id` (`invoice_type_id`);

--
-- Indexes for table `vendor_item`
--
ALTER TABLE `vendor_item`
  ADD PRIMARY KEY (`id`),
  ADD KEY `invoice_type_id` (`vendor_id`),
  ADD KEY `item_id` (`item_id`);

--
-- AUTO_INCREMENT for dumped tables
--

--
-- AUTO_INCREMENT for table `action`
--
ALTER TABLE `action`
  MODIFY `id` int(10) UNSIGNED NOT NULL AUTO_INCREMENT, AUTO_INCREMENT=17;
--
-- AUTO_INCREMENT for table `branch`
--
ALTER TABLE `branch`
  MODIFY `id` int(10) UNSIGNED NOT NULL AUTO_INCREMENT, AUTO_INCREMENT=3;
--
-- AUTO_INCREMENT for table `cashbond`
--
ALTER TABLE `cashbond`
  MODIFY `id` int(10) UNSIGNED NOT NULL AUTO_INCREMENT, AUTO_INCREMENT=15;
--
-- AUTO_INCREMENT for table `cashbond_detail`
--
ALTER TABLE `cashbond_detail`
  MODIFY `id` int(10) UNSIGNED NOT NULL AUTO_INCREMENT, AUTO_INCREMENT=20;
--
-- AUTO_INCREMENT for table `cashbond_detail_item`
--
ALTER TABLE `cashbond_detail_item`
  MODIFY `id` int(10) UNSIGNED NOT NULL AUTO_INCREMENT, AUTO_INCREMENT=82;
--
-- AUTO_INCREMENT for table `cashbond_payroll`
--
ALTER TABLE `cashbond_payroll`
  MODIFY `id` int(10) UNSIGNED NOT NULL AUTO_INCREMENT, AUTO_INCREMENT=7;
--
-- AUTO_INCREMENT for table `cashbond_payroll_detail`
--
ALTER TABLE `cashbond_payroll_detail`
  MODIFY `id` int(10) UNSIGNED NOT NULL AUTO_INCREMENT, AUTO_INCREMENT=136;
--
-- AUTO_INCREMENT for table `employee`
--
ALTER TABLE `employee`
  MODIFY `id` int(10) UNSIGNED NOT NULL AUTO_INCREMENT, AUTO_INCREMENT=43;
--
-- AUTO_INCREMENT for table `employee_branch`
--
ALTER TABLE `employee_branch`
  MODIFY `id` int(10) UNSIGNED NOT NULL AUTO_INCREMENT, AUTO_INCREMENT=50;
--
-- AUTO_INCREMENT for table `franchise_fee`
--
ALTER TABLE `franchise_fee`
  MODIFY `id` int(10) UNSIGNED NOT NULL AUTO_INCREMENT, AUTO_INCREMENT=3;
--
-- AUTO_INCREMENT for table `invoice`
--
ALTER TABLE `invoice`
  MODIFY `id` int(10) UNSIGNED NOT NULL AUTO_INCREMENT, AUTO_INCREMENT=12;
--
-- AUTO_INCREMENT for table `invoice_direct`
--
ALTER TABLE `invoice_direct`
  MODIFY `id` int(10) UNSIGNED NOT NULL AUTO_INCREMENT, AUTO_INCREMENT=15;
--
-- AUTO_INCREMENT for table `invoice_direct_detail`
--
ALTER TABLE `invoice_direct_detail`
  MODIFY `id` int(10) UNSIGNED NOT NULL AUTO_INCREMENT, AUTO_INCREMENT=35;
--
-- AUTO_INCREMENT for table `invoice_type`
--
ALTER TABLE `invoice_type`
  MODIFY `id` int(10) UNSIGNED NOT NULL AUTO_INCREMENT, AUTO_INCREMENT=12;
--
-- AUTO_INCREMENT for table `item`
--
ALTER TABLE `item`
  MODIFY `id` int(10) UNSIGNED NOT NULL AUTO_INCREMENT, AUTO_INCREMENT=329;
--
-- AUTO_INCREMENT for table `item_category`
--
ALTER TABLE `item_category`
  MODIFY `id` int(10) UNSIGNED NOT NULL AUTO_INCREMENT, AUTO_INCREMENT=9;
--
-- AUTO_INCREMENT for table `item_central`
--
ALTER TABLE `item_central`
  MODIFY `id` int(10) UNSIGNED NOT NULL AUTO_INCREMENT, AUTO_INCREMENT=10;
--
-- AUTO_INCREMENT for table `item_central_detail`
--
ALTER TABLE `item_central_detail`
  MODIFY `id` int(10) UNSIGNED NOT NULL AUTO_INCREMENT, AUTO_INCREMENT=2056;
--
-- AUTO_INCREMENT for table `item_central_import`
--
ALTER TABLE `item_central_import`
  MODIFY `id` int(10) UNSIGNED NOT NULL AUTO_INCREMENT;
--
-- AUTO_INCREMENT for table `item_type`
--
ALTER TABLE `item_type`
  MODIFY `id` int(10) UNSIGNED NOT NULL AUTO_INCREMENT, AUTO_INCREMENT=4;
--
-- AUTO_INCREMENT for table `migrations`
--
ALTER TABLE `migrations`
  MODIFY `id` int(10) UNSIGNED NOT NULL AUTO_INCREMENT, AUTO_INCREMENT=11;
--
-- AUTO_INCREMENT for table `module`
--
ALTER TABLE `module`
  MODIFY `id` int(10) UNSIGNED NOT NULL AUTO_INCREMENT, AUTO_INCREMENT=23;
--
-- AUTO_INCREMENT for table `month`
--
ALTER TABLE `month`
  MODIFY `id` int(10) UNSIGNED NOT NULL AUTO_INCREMENT, AUTO_INCREMENT=13;
--
-- AUTO_INCREMENT for table `payroll`
--
ALTER TABLE `payroll`
  MODIFY `id` int(10) UNSIGNED NOT NULL AUTO_INCREMENT, AUTO_INCREMENT=8;
--
-- AUTO_INCREMENT for table `payroll_detail`
--
ALTER TABLE `payroll_detail`
  MODIFY `id` int(10) UNSIGNED NOT NULL AUTO_INCREMENT, AUTO_INCREMENT=73;
--
-- AUTO_INCREMENT for table `privilege`
--
ALTER TABLE `privilege`
  MODIFY `id` int(10) UNSIGNED NOT NULL AUTO_INCREMENT, AUTO_INCREMENT=3106;
--
-- AUTO_INCREMENT for table `religion`
--
ALTER TABLE `religion`
  MODIFY `id` int(10) UNSIGNED NOT NULL AUTO_INCREMENT, AUTO_INCREMENT=6;
--
-- AUTO_INCREMENT for table `revenue`
--
ALTER TABLE `revenue`
  MODIFY `id` int(10) UNSIGNED NOT NULL AUTO_INCREMENT, AUTO_INCREMENT=11;
--
-- AUTO_INCREMENT for table `roles`
--
ALTER TABLE `roles`
  MODIFY `id` int(10) UNSIGNED NOT NULL AUTO_INCREMENT, AUTO_INCREMENT=4;
--
-- AUTO_INCREMENT for table `t_status`
--
ALTER TABLE `t_status`
  MODIFY `id` int(10) UNSIGNED NOT NULL AUTO_INCREMENT, AUTO_INCREMENT=5;
--
-- AUTO_INCREMENT for table `user`
--
ALTER TABLE `user`
  MODIFY `id` int(10) UNSIGNED NOT NULL AUTO_INCREMENT, AUTO_INCREMENT=34;
--
-- AUTO_INCREMENT for table `vendor`
--
ALTER TABLE `vendor`
  MODIFY `id` int(10) UNSIGNED NOT NULL AUTO_INCREMENT, AUTO_INCREMENT=13;
--
-- AUTO_INCREMENT for table `vendor_item`
--
ALTER TABLE `vendor_item`
  MODIFY `id` int(10) UNSIGNED NOT NULL AUTO_INCREMENT, AUTO_INCREMENT=14;
--
-- Constraints for dumped tables
--

--
-- Constraints for table `cashbond`
--
ALTER TABLE `cashbond`
  ADD CONSTRAINT `cashbond_ibfk_1` FOREIGN KEY (`branch_id`) REFERENCES `branch` (`id`);

--
-- Constraints for table `cashbond_payroll`
--
ALTER TABLE `cashbond_payroll`
  ADD CONSTRAINT `cashbond_payroll_ibfk_1` FOREIGN KEY (`branch_id`) REFERENCES `branch` (`id`);

--
-- Constraints for table `cashbond_payroll_detail`
--
ALTER TABLE `cashbond_payroll_detail`
  ADD CONSTRAINT `cashbond_payroll_detail_ibfk_1` FOREIGN KEY (`employee_id`) REFERENCES `employee` (`id`),
  ADD CONSTRAINT `cashbond_payroll_detail_ibfk_2` FOREIGN KEY (`cashbond_payroll_id`) REFERENCES `cashbond_payroll` (`id`);

--
-- Constraints for table `employee_branch`
--
ALTER TABLE `employee_branch`
  ADD CONSTRAINT `employee_branch_ibfk_1` FOREIGN KEY (`employee_id`) REFERENCES `employee` (`id`),
  ADD CONSTRAINT `employee_branch_ibfk_2` FOREIGN KEY (`branch_id`) REFERENCES `branch` (`id`);

--
-- Constraints for table `invoice`
--
ALTER TABLE `invoice`
  ADD CONSTRAINT `invoice_ibfk_3` FOREIGN KEY (`branch_id`) REFERENCES `branch` (`id`),
  ADD CONSTRAINT `invoice_ibfk_4` FOREIGN KEY (`vendor_id`) REFERENCES `vendor` (`id`),
  ADD CONSTRAINT `invoice_ibfk_5` FOREIGN KEY (`invoice_type_id`) REFERENCES `invoice_type` (`id`);

--
-- Constraints for table `invoice_direct`
--
ALTER TABLE `invoice_direct`
  ADD CONSTRAINT `invoice_direct_ibfk_1` FOREIGN KEY (`branch_id`) REFERENCES `branch` (`id`);

--
-- Constraints for table `invoice_type`
--
ALTER TABLE `invoice_type`
  ADD CONSTRAINT `invoice_type_ibfk_1` FOREIGN KEY (`item_category_id`) REFERENCES `item_category` (`id`);

--
-- Constraints for table `item`
--
ALTER TABLE `item`
  ADD CONSTRAINT `item_ibfk_1` FOREIGN KEY (`item_category_id`) REFERENCES `item_category` (`id`);

--
-- Constraints for table `item_category`
--
ALTER TABLE `item_category`
  ADD CONSTRAINT `item_category_ibfk_1` FOREIGN KEY (`item_type_id`) REFERENCES `item_category` (`id`);

--
-- Constraints for table `payroll_detail`
--
ALTER TABLE `payroll_detail`
  ADD CONSTRAINT `payroll_detail_ibfk_2` FOREIGN KEY (`employee_id`) REFERENCES `employee` (`id`),
  ADD CONSTRAINT `payroll_detail_ibfk_3` FOREIGN KEY (`payroll_id`) REFERENCES `payroll` (`id`);

--
-- Constraints for table `revenue`
--
ALTER TABLE `revenue`
  ADD CONSTRAINT `revenue_ibfk_1` FOREIGN KEY (`branch_id`) REFERENCES `branch` (`id`);

--
-- Constraints for table `vendor`
--
ALTER TABLE `vendor`
  ADD CONSTRAINT `vendor_ibfk_1` FOREIGN KEY (`invoice_type_id`) REFERENCES `invoice_type` (`id`);

--
-- Constraints for table `vendor_item`
--
ALTER TABLE `vendor_item`
  ADD CONSTRAINT `vendor_item_ibfk_1` FOREIGN KEY (`vendor_id`) REFERENCES `vendor` (`id`),
  ADD CONSTRAINT `vendor_item_ibfk_2` FOREIGN KEY (`item_id`) REFERENCES `item` (`id`);

/*!40101 SET CHARACTER_SET_CLIENT=@OLD_CHARACTER_SET_CLIENT */;
/*!40101 SET CHARACTER_SET_RESULTS=@OLD_CHARACTER_SET_RESULTS */;
/*!40101 SET COLLATION_CONNECTION=@OLD_COLLATION_CONNECTION */;
